-- phpMyAdmin SQL Dump
-- version 5.2.0
-- https://www.phpmyadmin.net/
--
-- Host: 127.0.0.1
-- Generation Time: Nov 07, 2024 at 07:35 AM
-- Server version: 10.4.25-MariaDB
-- PHP Version: 8.1.10

SET SQL_MODE = "NO_AUTO_VALUE_ON_ZERO";
START TRANSACTION;
SET time_zone = "+00:00";


/*!40101 SET @OLD_CHARACTER_SET_CLIENT=@@CHARACTER_SET_CLIENT */;
/*!40101 SET @OLD_CHARACTER_SET_RESULTS=@@CHARACTER_SET_RESULTS */;
/*!40101 SET @OLD_COLLATION_CONNECTION=@@COLLATION_CONNECTION */;
/*!40101 SET NAMES utf8mb4 */;

--
-- Database: `capstone`
--

-- --------------------------------------------------------

--
-- Table structure for table `backup_logs`
--

CREATE TABLE `backup_logs` (
  `backup_id` bigint(20) UNSIGNED NOT NULL,
  `backup_name` varchar(255) COLLATE utf8mb4_unicode_ci NOT NULL,
  `status` varchar(255) COLLATE utf8mb4_unicode_ci NOT NULL,
  `created_at` timestamp NULL DEFAULT NULL,
  `updated_at` timestamp NULL DEFAULT NULL
) ENGINE=InnoDB DEFAULT CHARSET=utf8mb4 COLLATE=utf8mb4_unicode_ci;

-- --------------------------------------------------------

--
-- Table structure for table `delete_tbl_assigned_teacher`
--

CREATE TABLE `delete_tbl_assigned_teacher` (
  `id` bigint(20) UNSIGNED NOT NULL,
  `teacher_id` bigint(20) UNSIGNED NOT NULL,
  `subject_id` bigint(20) UNSIGNED NOT NULL,
  `grade_level` varchar(255) COLLATE utf8mb4_unicode_ci NOT NULL,
  `section_id` bigint(20) UNSIGNED NOT NULL,
  `sem` varchar(255) COLLATE utf8mb4_unicode_ci NOT NULL,
  `strand_id` bigint(20) UNSIGNED NOT NULL,
  `created_at` timestamp NULL DEFAULT NULL,
  `updated_at` timestamp NULL DEFAULT NULL
) ENGINE=InnoDB DEFAULT CHARSET=utf8mb4 COLLATE=utf8mb4_unicode_ci;

-- --------------------------------------------------------

--
-- Table structure for table `delete_tbl_coordinator`
--

CREATE TABLE `delete_tbl_coordinator` (
  `id` bigint(20) UNSIGNED NOT NULL,
  `coordinator_username` varchar(255) COLLATE utf8mb4_unicode_ci NOT NULL,
  `coordinator_password` varchar(255) COLLATE utf8mb4_unicode_ci NOT NULL,
  `coordinator_first_name` varchar(255) COLLATE utf8mb4_unicode_ci NOT NULL,
  `coordinator_middle_name` varchar(255) COLLATE utf8mb4_unicode_ci NOT NULL,
  `coordinator_last_name` varchar(255) COLLATE utf8mb4_unicode_ci NOT NULL,
  `coordinator_suffix` varchar(255) COLLATE utf8mb4_unicode_ci NOT NULL,
  `coordinator_position` varchar(255) COLLATE utf8mb4_unicode_ci NOT NULL,
  `coordinator_mail` varchar(255) COLLATE utf8mb4_unicode_ci NOT NULL,
  `coordinator_image` int(11) NOT NULL,
  `coordinator_image_type` varchar(255) COLLATE utf8mb4_unicode_ci NOT NULL,
  `coordinator_status` int(11) NOT NULL,
  `created_at` timestamp NULL DEFAULT NULL,
  `updated_at` timestamp NULL DEFAULT NULL
) ENGINE=InnoDB DEFAULT CHARSET=utf8mb4 COLLATE=utf8mb4_unicode_ci;

--
-- Dumping data for table `delete_tbl_coordinator`
--

INSERT INTO `delete_tbl_coordinator` (`id`, `coordinator_username`, `coordinator_password`, `coordinator_first_name`, `coordinator_middle_name`, `coordinator_last_name`, `coordinator_suffix`, `coordinator_position`, `coordinator_mail`, `coordinator_image`, `coordinator_image_type`, `coordinator_status`, `created_at`, `updated_at`) VALUES
(8, 'kevinbrownjr', 'hb2oR1DN', 'Kevin', 'Carter', 'Brown', 'Jr.', 'Human Resources', '', 0, '', 0, '2023-11-04 13:45:42', '2023-11-04 13:45:42'),
(9, 'kevincarterbrown', 'pq2OLpZF', 'Kevin', 'Carter', 'Brown', 'Jr.', 'Human Resources', '', 0, '', 0, '2023-11-04 13:45:42', '2023-11-04 13:45:42'),
(10, 'kevin123', 'PMld1fdI', 'Kevin', 'Carter', 'Brown', 'Jr.', 'Human Resources', '', 0, '', 0, '2023-11-04 13:45:42', '2023-11-04 13:45:42'),
(11, 'jrkevinbrown', 'kBJ5MDdu', 'Kevin', 'Carter', 'Brown', 'Jr.', 'Human Resources', '', 0, '', 0, '2023-11-04 13:45:42', '2023-11-04 13:45:42'),
(12, 'rebeccasmith', 'K45P1gpa', 'Rebecca', 'Anderson', 'Smith', 'none', 'Principal', '', 0, '', 0, '2023-11-04 13:45:42', '2023-11-04 13:45:42'),
(13, 'ms.rebecca', 'u55M6Pp0', 'Rebecca', 'Anderson', 'Smith', 'none', 'Principal', '', 0, '', 0, '2023-11-04 13:45:42', '2023-11-04 13:45:42'),
(14, 'rebeccaandsmith', 'bLWp3TiJ', 'Rebecca', 'Anderson', 'Smith', 'none', 'Principal', '', 0, '', 0, '2023-11-04 13:45:42', '2023-11-04 13:45:42'),
(15, 'rebeccas123', 'd3SWRIGB', 'Rebecca', 'Anderson', 'Smith', 'none', 'Principal', '', 0, '', 0, '2023-11-04 13:45:42', '2023-11-04 13:45:42'),
(16, 'rebecca123456789', 'dfCssAYl', 'Rebecca', 'Anderson', 'Smith', 'none', 'Principal', '', 0, '', 0, '2023-11-04 13:45:42', '2023-11-04 13:45:42');

-- --------------------------------------------------------

--
-- Table structure for table `delete_tbl_data_analytics`
--

CREATE TABLE `delete_tbl_data_analytics` (
  `id` bigint(20) UNSIGNED NOT NULL,
  `evaluator_id` int(11) NOT NULL,
  `evaluator_type` varchar(255) COLLATE utf8mb4_unicode_ci NOT NULL,
  `teacher_id` int(11) NOT NULL,
  `question_id` int(11) NOT NULL,
  `evaluation_score` int(11) NOT NULL,
  `evaluation_remarks` varchar(255) COLLATE utf8mb4_unicode_ci NOT NULL,
  `evaluation_id` int(11) NOT NULL,
  `created_at` timestamp NULL DEFAULT NULL,
  `updated_at` timestamp NULL DEFAULT NULL
) ENGINE=InnoDB DEFAULT CHARSET=utf8mb4 COLLATE=utf8mb4_unicode_ci;

-- --------------------------------------------------------

--
-- Table structure for table `delete_tbl_evaluation_result`
--

CREATE TABLE `delete_tbl_evaluation_result` (
  `id` bigint(20) UNSIGNED NOT NULL,
  `evaluator_id` int(11) NOT NULL,
  `evaluator_type` varchar(255) COLLATE utf8mb4_unicode_ci NOT NULL,
  `teacher_id` int(11) NOT NULL,
  `question_id` int(11) NOT NULL,
  `evaluation_score` int(11) NOT NULL,
  `evaluation_remarks` varchar(255) COLLATE utf8mb4_unicode_ci NOT NULL,
  `created_at` timestamp NULL DEFAULT NULL,
  `updated_at` timestamp NULL DEFAULT NULL
) ENGINE=InnoDB DEFAULT CHARSET=utf8mb4 COLLATE=utf8mb4_unicode_ci;

-- --------------------------------------------------------

--
-- Table structure for table `delete_tbl_student`
--

CREATE TABLE `delete_tbl_student` (
  `id` bigint(20) UNSIGNED NOT NULL,
  `student_id` varchar(255) COLLATE utf8mb4_unicode_ci NOT NULL,
  `student_password` varchar(255) COLLATE utf8mb4_unicode_ci NOT NULL,
  `student_first_name` varchar(255) COLLATE utf8mb4_unicode_ci NOT NULL,
  `student_last_name` varchar(255) COLLATE utf8mb4_unicode_ci NOT NULL,
  `student_middle_name` varchar(255) COLLATE utf8mb4_unicode_ci NOT NULL,
  `student_suffix` varchar(255) COLLATE utf8mb4_unicode_ci NOT NULL,
  `student_year_level` varchar(255) COLLATE utf8mb4_unicode_ci NOT NULL,
  `student_strand` int(11) NOT NULL,
  `student_section` int(11) NOT NULL,
  `student_mail` varchar(255) COLLATE utf8mb4_unicode_ci NOT NULL,
  `student_image` int(11) NOT NULL,
  `student_image_type` varchar(255) COLLATE utf8mb4_unicode_ci NOT NULL,
  `student_status` int(11) NOT NULL,
  `created_at` timestamp NULL DEFAULT NULL,
  `updated_at` timestamp NULL DEFAULT NULL
) ENGINE=InnoDB DEFAULT CHARSET=utf8mb4 COLLATE=utf8mb4_unicode_ci;

--
-- Dumping data for table `delete_tbl_student`
--

INSERT INTO `delete_tbl_student` (`id`, `student_id`, `student_password`, `student_first_name`, `student_last_name`, `student_middle_name`, `student_suffix`, `student_year_level`, `student_strand`, `student_section`, `student_mail`, `student_image`, `student_image_type`, `student_status`, `created_at`, `updated_at`) VALUES
(1, '117030303098', 'rEjaoOtK', 'Jonah Grace', 'Dumanon', 'Fernandez', 'none', 'Grade 11', 2, 3, '', 0, '', 0, '2023-10-28 14:42:08', '2023-10-28 14:42:08'),
(2, '117553666433', 'R86S4Xqt', 'Aurora', 'Sandoval', 'Fernandez', 'none', 'Grade 11', 2, 3, '', 0, '', 0, '2023-10-30 12:50:32', '2023-10-30 12:50:32'),
(3, '117456789012', 'KGgksB1B', 'Isabella', 'Davis', 'None', 'none', 'Grade 11', 3, 6, '', 0, '', 0, '2023-10-30 12:50:45', '2023-10-30 12:50:45'),
(4, '117987654321', 'F6wP6YEU', 'Clara', 'Santos', 'de Guzman', 'none', 'Grade 11', 3, 5, '', 0, '', 0, '2023-10-30 12:50:45', '2023-10-30 12:50:45'),
(5, '117733553535', 'bsoPaVbG', 'Manuelito', 'Castillo', 'Guevarra', 'none', 'Grade 11', 1, 1, '', 0, '', 0, '2023-10-30 12:54:22', '2023-10-30 12:54:22'),
(6, '117715255252', 'PXgvL9QB', 'Eduardo', 'Magbanua', 'Santos', 'Jr.', 'Grade 11', 1, 1, '', 0, '', 0, '2023-10-30 12:54:22', '2023-10-30 12:54:22'),
(7, '117363535535', 'l8f21JXO', 'Isabella', 'Santos', 'Mendoza', 'Jr.', 'Grade 11', 1, 2, '', 0, '', 0, '2023-10-30 12:54:22', '2023-10-30 12:54:22'),
(8, '117112233477', 'n0UxUDkg', 'Henry', 'Brooks', 'Baker', 'Jr.', 'Grade 12', 1, 13, '', 0, '', 0, '2023-11-04 13:48:14', '2023-11-04 13:48:14'),
(9, '117112233478', 'lcqkRwDH', 'Ava', 'Foster', 'Adams', 'none', 'Grade 12', 1, 13, '', 0, '', 0, '2023-11-04 13:48:14', '2023-11-04 13:48:14'),
(10, '117073635535', 'JOaNV4Sp', 'Juanito', 'Gonzales', 'Reyes', 'Sr.', 'Grade 12', 1, 13, '', 0, '', 0, '2023-11-04 13:48:14', '2023-11-04 13:48:14'),
(11, '117376353553', 'uYj1ffxO', 'Lourdes', 'Hernandez', 'Villanueva', 'none', 'Grade 12', 1, 13, '', 0, '', 0, '2023-11-04 13:48:14', '2023-11-04 13:48:14'),
(12, '117039939393', 'Mgs2hYNh', 'Sofia', 'Manalo', 'Rodriguez', 'none', 'Grade 12', 1, 13, '', 0, '', 0, '2023-11-04 13:48:14', '2023-11-04 13:48:14'),
(13, '117383736353', '7ImlHY9K', 'Andres', 'Ramos', 'Dela Cruz', 'none', 'Grade 12', 1, 13, '', 0, '', 0, '2023-11-04 13:48:14', '2023-11-04 13:48:14'),
(14, '117112233479', '8jJ3zKmd', 'Samuel', 'Roberts', 'Kim', 'none', 'Grade 12', 1, 13, '', 0, '', 0, '2023-11-04 13:48:14', '2023-11-04 13:48:14'),
(15, '117927353636', 'rNAgKGW4', 'Clara', 'Santos', 'de Guzman', 'none', 'Grade 12', 1, 13, '', 0, '', 0, '2023-11-04 13:48:14', '2023-11-04 13:48:14'),
(16, '117112233475', 'BRzUvJ54', 'Liam', 'Smith', 'Johnson', 'none', 'Grade 12', 1, 13, '', 0, '', 0, '2023-11-04 13:48:14', '2023-11-04 13:48:14'),
(17, '117112233476', 'IjDP2RgL', 'Harper', 'Taylor', 'Brown', 'none', 'Grade 12', 1, 13, '', 0, '', 0, '2023-11-04 13:48:14', '2023-11-04 13:48:14');

-- --------------------------------------------------------

--
-- Table structure for table `delete_tbl_teacher`
--

CREATE TABLE `delete_tbl_teacher` (
  `id` bigint(20) UNSIGNED NOT NULL,
  `teacher_username` varchar(255) COLLATE utf8mb4_unicode_ci NOT NULL,
  `teacher_password` varchar(255) COLLATE utf8mb4_unicode_ci NOT NULL,
  `teacher_first_name` varchar(255) COLLATE utf8mb4_unicode_ci NOT NULL,
  `teacher_middle_name` varchar(255) COLLATE utf8mb4_unicode_ci NOT NULL,
  `teacher_last_name` varchar(255) COLLATE utf8mb4_unicode_ci NOT NULL,
  `teacher_suffix` varchar(255) COLLATE utf8mb4_unicode_ci NOT NULL,
  `teacher_mail` varchar(255) COLLATE utf8mb4_unicode_ci NOT NULL,
  `teacher_image` int(11) NOT NULL,
  `teacher_image_type` varchar(255) COLLATE utf8mb4_unicode_ci NOT NULL,
  `teacher_status` int(11) NOT NULL,
  `created_at` timestamp NULL DEFAULT NULL,
  `updated_at` timestamp NULL DEFAULT NULL
) ENGINE=InnoDB DEFAULT CHARSET=utf8mb4 COLLATE=utf8mb4_unicode_ci;

-- --------------------------------------------------------

--
-- Table structure for table `failed_jobs`
--

CREATE TABLE `failed_jobs` (
  `id` bigint(20) UNSIGNED NOT NULL,
  `uuid` varchar(255) COLLATE utf8mb4_unicode_ci NOT NULL,
  `connection` text COLLATE utf8mb4_unicode_ci NOT NULL,
  `queue` text COLLATE utf8mb4_unicode_ci NOT NULL,
  `payload` longtext COLLATE utf8mb4_unicode_ci NOT NULL,
  `exception` longtext COLLATE utf8mb4_unicode_ci NOT NULL,
  `failed_at` timestamp NOT NULL DEFAULT current_timestamp()
) ENGINE=InnoDB DEFAULT CHARSET=utf8mb4 COLLATE=utf8mb4_unicode_ci;

-- --------------------------------------------------------

--
-- Table structure for table `migrations`
--

CREATE TABLE `migrations` (
  `id` int(10) UNSIGNED NOT NULL,
  `migration` varchar(255) COLLATE utf8mb4_unicode_ci NOT NULL,
  `batch` int(11) NOT NULL
) ENGINE=InnoDB DEFAULT CHARSET=utf8mb4 COLLATE=utf8mb4_unicode_ci;

--
-- Dumping data for table `migrations`
--

INSERT INTO `migrations` (`id`, `migration`, `batch`) VALUES
(1, '2014_10_12_000000_create_users_table', 1),
(2, '2014_10_12_100000_create_password_reset_tokens_table', 1),
(3, '2019_08_19_000000_create_failed_jobs_table', 1),
(4, '2019_12_14_000001_create_personal_access_tokens_table', 1),
(5, '2023_07_27_021250_create_tbl_admin_table', 1),
(6, '2023_07_27_023854_create_tbl_coordinator_table', 1),
(7, '2023_07_27_023919_create_tbl_teacher_table', 1),
(8, '2023_07_28_011902_create_tbl_question_table', 1),
(9, '2023_07_31_032416_create_tbl_strand_table', 1),
(10, '2023_08_01_044539_create_tbl_room_table', 1),
(11, '2023_08_02_115745_create_tbl_room_available_table', 1),
(12, '2023_08_03_062806_create_tbl_section_table', 1),
(13, '2023_08_03_064126_create_tbl_assigned_subject_table', 1),
(14, '2023_08_03_064302_create_tbl_assigned_teacher_table', 1),
(15, '2023_08_03_064440_create_tbl_class_schedules_table', 1),
(16, '2023_08_03_143059_create_tbl_student_table', 1),
(17, '2023_08_06_061054_create_tbl_evaluation_result_table', 2),
(18, '2023_08_06_065515_drop_tables', 3),
(19, '2023_08_06_065623_create_tbl_evaluation_result_table', 4),
(20, '2023_08_19_143724_add_column_to_table', 5),
(21, '2023_08_20_152831_create_tbl_saved_evaluation_table', 6),
(22, '2023_08_21_080359_add_column_to_saved_evaluation_table', 7),
(23, '2023_08_21_112148_create_tbl_feedback_table', 8),
(24, '2023_08_29_032040_create_tbl_event_logs_table', 9),
(25, '2023_08_29_083122_create_tbl_message_table', 10),
(26, '2023_08_30_005938_create_tbl_message_table', 11),
(27, '2023_09_25_013745_create_tbl_data_analytics_table', 12),
(28, '2023_10_14_023659_create_delete_tbl_evaluation_result_table', 13),
(29, '2023_10_14_023737_create_delete_tbl_data_analytics_table', 13),
(30, '2023_10_14_023803_create_delete_tbl_student_table', 13),
(31, '2023_10_14_031800_create_tbl_event_logs_table', 14),
(32, '2023_10_16_030339_create_delete_tbl_assigned_teacher_table', 15),
(33, '2023_10_16_030405_create_delete_tbl_teacher_table', 15),
(34, '2023_10_16_030754_create_delete_tbl_coordinator_table', 15),
(35, '2023_12_10_194843_create_backup_logs_table', 16);

-- --------------------------------------------------------

--
-- Table structure for table `password_reset_tokens`
--

CREATE TABLE `password_reset_tokens` (
  `email` varchar(255) COLLATE utf8mb4_unicode_ci NOT NULL,
  `token` varchar(255) COLLATE utf8mb4_unicode_ci NOT NULL,
  `created_at` timestamp NULL DEFAULT NULL
) ENGINE=InnoDB DEFAULT CHARSET=utf8mb4 COLLATE=utf8mb4_unicode_ci;

-- --------------------------------------------------------

--
-- Table structure for table `personal_access_tokens`
--

CREATE TABLE `personal_access_tokens` (
  `id` bigint(20) UNSIGNED NOT NULL,
  `tokenable_type` varchar(255) COLLATE utf8mb4_unicode_ci NOT NULL,
  `tokenable_id` bigint(20) UNSIGNED NOT NULL,
  `name` varchar(255) COLLATE utf8mb4_unicode_ci NOT NULL,
  `token` varchar(64) COLLATE utf8mb4_unicode_ci NOT NULL,
  `abilities` text COLLATE utf8mb4_unicode_ci DEFAULT NULL,
  `last_used_at` timestamp NULL DEFAULT NULL,
  `expires_at` timestamp NULL DEFAULT NULL,
  `created_at` timestamp NULL DEFAULT NULL,
  `updated_at` timestamp NULL DEFAULT NULL
) ENGINE=InnoDB DEFAULT CHARSET=utf8mb4 COLLATE=utf8mb4_unicode_ci;

-- --------------------------------------------------------

--
-- Table structure for table `tbl_admin`
--

CREATE TABLE `tbl_admin` (
  `id` bigint(20) UNSIGNED NOT NULL,
  `admin_username` varchar(255) COLLATE utf8mb4_unicode_ci NOT NULL,
  `admin_password` varchar(255) COLLATE utf8mb4_unicode_ci NOT NULL,
  `admin_type` varchar(255) COLLATE utf8mb4_unicode_ci NOT NULL,
  `admin_first_name` varchar(255) COLLATE utf8mb4_unicode_ci NOT NULL,
  `admin_last_name` varchar(255) COLLATE utf8mb4_unicode_ci NOT NULL,
  `admin_middle_name` varchar(255) COLLATE utf8mb4_unicode_ci NOT NULL,
  `admin_suffix` varchar(255) COLLATE utf8mb4_unicode_ci NOT NULL,
  `admin_image` int(11) NOT NULL,
  `admin_image_type` varchar(255) COLLATE utf8mb4_unicode_ci NOT NULL,
  `admin_sem` varchar(255) COLLATE utf8mb4_unicode_ci NOT NULL,
  `created_at` timestamp NULL DEFAULT NULL,
  `updated_at` timestamp NULL DEFAULT NULL,
  `admin_evaluation_status` int(11) NOT NULL,
  `admin_evaluation_schedule` varchar(255) COLLATE utf8mb4_unicode_ci NOT NULL,
  `admin_sy` varchar(255) COLLATE utf8mb4_unicode_ci NOT NULL,
  `student_weight` int(3) NOT NULL,
  `coordinator_weight` int(3) NOT NULL,
  `backup` int(2) NOT NULL
) ENGINE=InnoDB DEFAULT CHARSET=utf8mb4 COLLATE=utf8mb4_unicode_ci;

--
-- Dumping data for table `tbl_admin`
--

INSERT INTO `tbl_admin` (`id`, `admin_username`, `admin_password`, `admin_type`, `admin_first_name`, `admin_last_name`, `admin_middle_name`, `admin_suffix`, `admin_image`, `admin_image_type`, `admin_sem`, `created_at`, `updated_at`, `admin_evaluation_status`, `admin_evaluation_schedule`, `admin_sy`, `student_weight`, `coordinator_weight`, `backup`) VALUES
(1, 'admin', '12345', 'Super Admin', 'Rheyan John', 'Blanco', 'Valladarez', 'II', 1, 'jpg', '2nd', NULL, '2023-12-10 12:57:55', 0, 'none', '2023-2024', 40, 60, 1),
(2, 'principal', 'principal123', 'Admin', 'Admin', 'AdminLast', 'Ad', 'Sr.', 0, '', '', '2023-08-04 07:15:31', '2023-08-04 07:15:31', 0, '', '', 0, 0, 0);

-- --------------------------------------------------------

--
-- Table structure for table `tbl_assigned_subject`
--

CREATE TABLE `tbl_assigned_subject` (
  `id` bigint(20) UNSIGNED NOT NULL,
  `created_at` timestamp NULL DEFAULT NULL,
  `updated_at` timestamp NULL DEFAULT NULL,
  `assigned_year_level` varchar(255) COLLATE utf8mb4_unicode_ci NOT NULL,
  `assigned_strand` bigint(20) UNSIGNED NOT NULL,
  `assigned_subject` varchar(255) COLLATE utf8mb4_unicode_ci NOT NULL,
  `assigned_sem` varchar(255) COLLATE utf8mb4_unicode_ci NOT NULL
) ENGINE=InnoDB DEFAULT CHARSET=utf8mb4 COLLATE=utf8mb4_unicode_ci;

--
-- Dumping data for table `tbl_assigned_subject`
--

INSERT INTO `tbl_assigned_subject` (`id`, `created_at`, `updated_at`, `assigned_year_level`, `assigned_strand`, `assigned_subject`, `assigned_sem`) VALUES
(1, NULL, NULL, 'Grade 11', 1, 'Oral Communication in Context', '1st'),
(2, NULL, NULL, 'Grade 11', 1, 'Komunikasyon at Pananaliksik sa Wika at Kulturang Pilipino ', '1st'),
(3, NULL, NULL, 'Grade 11', 1, 'General Mathematics', '1st'),
(4, NULL, NULL, 'Grade 11', 1, 'Earth and Life Science', '1st'),
(5, NULL, NULL, 'Grade 11', 1, 'Understanding Culture, Society and Politics', '1st'),
(6, NULL, NULL, 'Grade 11', 1, 'PE and Health I,II,III & IV', '1st'),
(7, NULL, NULL, 'Grade 11', 1, 'English for Academic and Professional Purposes ', '1st'),
(8, NULL, NULL, 'Grade 11', 1, 'Empowerment Technologies (E-Tech): ICT for Professional Tracks ', '1st'),
(9, NULL, NULL, 'Grade 11', 1, 'Reading and Writing', '2nd'),
(10, NULL, NULL, 'Grade 11', 1, 'Pagbasa at Pagsusuri sa Iba’t-ibang Teksto Tungo sa Pananaliksik', '2nd'),
(11, NULL, NULL, 'Grade 11', 1, '21st Century Literature from the Philippines and the World ', '2nd'),
(12, NULL, NULL, 'Grade 11', 1, 'Statistics and Probability', '2nd'),
(13, NULL, NULL, 'Grade 11', 1, 'Personal Development', '2nd'),
(14, NULL, NULL, 'Grade 11', 1, 'PE and Health I,II,III & IV', '2nd'),
(15, NULL, NULL, 'Grade 11', 1, 'Research in Daily Life 1', '2nd'),
(16, NULL, NULL, 'Grade 11', 1, 'Discipline and Ideas in the Social Sciences', '2nd'),
(17, NULL, NULL, 'Grade 12', 1, 'Contemporary Philippine Arts from the Regions', '1st'),
(18, NULL, NULL, 'Grade 12', 1, 'Introduction to the Philosophy of the Human Person ', '1st'),
(19, NULL, NULL, 'Grade 12', 1, ' PE and Health I,II,III & IV', '1st'),
(20, NULL, NULL, 'Grade 12', 1, 'Physical Science', '1st'),
(21, NULL, NULL, 'Grade 12', 1, 'Research in Daily Life 2', '1st'),
(22, NULL, NULL, 'Grade 12', 1, 'Pagsulat sa Filipino sa Piling Larang (Akademik)', '1st'),
(23, NULL, NULL, 'Grade 12', 1, 'Creative Writing', '1st'),
(25, NULL, NULL, 'Grade 12', 1, 'Media and Information Literacy', '2nd'),
(26, NULL, NULL, 'Grade 12', 1, 'PE and Health I,II,III & IV', '2nd'),
(27, NULL, NULL, 'Grade 12', 1, 'Entrepreneurship', '2nd'),
(28, NULL, NULL, 'Grade 12', 1, 'Inquiries, Investigations and Immersion', '2nd'),
(29, NULL, NULL, 'Grade 12', 1, 'Creative Nonfiction: The Literary Essay', '2nd'),
(30, NULL, NULL, 'Grade 12', 1, 'Trends, Networks, and Critical Thinking in the 21st Century Culture ', '2nd'),
(31, NULL, NULL, 'Grade 12', 1, 'Community Engagement, Solidarity and Citizenship', '2nd'),
(32, NULL, NULL, 'Grade 12', 1, 'Culminating activity', '2nd'),
(33, NULL, NULL, 'Grade 11', 2, 'Oral Communication in Context', '1st'),
(34, NULL, NULL, 'Grade 11', 2, ' Komunikasyon at Pananaliksik sa Wika at Kulturang Pilipino', '1st'),
(35, NULL, NULL, 'Grade 11', 2, 'General Mathematics ', '1st'),
(36, NULL, NULL, 'Grade 11', 2, 'Earth and Life Science ', '1st'),
(37, NULL, NULL, 'Grade 11', 2, 'Understanding Culture, Society and Politics ', '1st'),
(38, NULL, NULL, 'Grade 11', 2, 'PE and Health I,II,III & IV ', '1st'),
(39, NULL, NULL, 'Grade 11', 2, 'English for Academic and Professional Purposes ', '1st'),
(40, NULL, NULL, 'Grade 11', 2, 'Empowerment Technologies (E-Tech): ICT for Professional Tracks', '1st'),
(41, NULL, NULL, 'Grade 11', 2, 'Reading and Writing ', '2nd'),
(42, NULL, NULL, 'Grade 11', 2, 'Pagbasa at Pagsusuri sa Iba’t-ibang Teksto Tungo sa Pananaliksik ', '2nd'),
(43, NULL, NULL, 'Grade 11', 2, '21st Century Literature from the Philippines and the World ', '2nd'),
(44, NULL, NULL, 'Grade 11', 2, 'Statistics and Probability ', '2nd'),
(45, NULL, NULL, 'Grade 11', 2, 'Personal Development', '2nd'),
(46, NULL, NULL, 'Grade 11', 2, 'PE and Health I,II,III & IV', '2nd'),
(47, NULL, NULL, 'Grade 11', 2, 'Research in Daily Life 1', '2nd'),
(48, NULL, NULL, 'Grade 11', 2, 'Fundamentals of Accounting, Business and Management 1', '2nd'),
(49, NULL, NULL, 'Grade 12', 2, 'Contemporary Philippine Arts from the Regions', '1st'),
(50, NULL, NULL, 'Grade 12', 2, 'Media and Information Literacy', '1st'),
(51, NULL, NULL, 'Grade 12', 2, 'PE and Health I,II,III & IV', '1st'),
(52, NULL, NULL, 'Grade 12', 2, 'Research in Daily Life 2 ', '1st'),
(53, NULL, NULL, 'Grade 12', 2, 'Pagsulat sa Filipino sa Piling Larang (Akademik) ', '1st'),
(54, NULL, NULL, 'Grade 12', 2, 'Entrepreneurship', '1st'),
(55, NULL, NULL, 'Grade 12', 2, 'Applied Economics', '1st'),
(56, NULL, NULL, 'Grade 12', 2, 'Fundamentals of Accounting, Business and Management 2 ', '1st'),
(57, NULL, NULL, 'Grade 12', 2, 'Introduction to the Philosophy of the Human Person', '2nd'),
(58, NULL, NULL, 'Grade 12', 2, 'PE and Health I,II,III & IV', '2nd'),
(59, NULL, NULL, 'Grade 12', 2, 'Physical Science', '2nd'),
(60, NULL, NULL, 'Grade 12', 2, ' Inquiries, Investigations and Immersion', '2nd'),
(61, NULL, NULL, 'Grade 12', 2, 'Business Finance', '2nd'),
(62, NULL, NULL, 'Grade 12', 2, ' Business Ethics and Social Responsibility ', '2nd'),
(63, NULL, NULL, 'Grade 12', 2, 'Principles of Marketing ', '2nd'),
(64, NULL, NULL, 'Grade 12', 2, 'Business Enterprise Simulation ', '2nd'),
(65, NULL, NULL, 'Grade 11', 3, 'Oral Communication in Context', '1st'),
(66, NULL, NULL, 'Grade 11', 3, 'Komunikasyon at Pananaliksik sa Wika at Kulturang Pilipino ', '1st'),
(67, NULL, NULL, 'Grade 11', 3, 'General Mathematics', '1st'),
(68, NULL, NULL, 'Grade 11', 3, 'Earth Science', '1st'),
(69, NULL, NULL, 'Grade 11', 3, 'Introduction to the Philosophy of the Human Person ', '1st'),
(70, NULL, NULL, 'Grade 11', 3, 'PE and Health I,II,III & IV', '1st'),
(71, NULL, NULL, 'Grade 11', 3, ' English for Academic and Professional Purposes', '1st'),
(72, NULL, NULL, 'Grade 11', 3, 'Empowerment Technologies (E-Tech): ICT for Professional Tracks', '1st'),
(73, NULL, NULL, 'Grade 11', 3, 'Reading and Writing', '2nd'),
(74, NULL, NULL, 'Grade 11', 3, 'Pagbasa at Pagsusuri sa Iba’t-ibang Teksto Tungo sa Pananaliksik ', '2nd'),
(75, NULL, NULL, 'Grade 11', 3, 'Statistics and Probability', '2nd'),
(76, NULL, NULL, 'Grade 11', 3, 'Personal Development', '2nd'),
(77, NULL, NULL, 'Grade 11', 3, 'PE and Health I,II,III & IV', '2nd'),
(78, NULL, NULL, 'Grade 11', 3, 'Disaster Readines and Risk Reduction', '2nd'),
(79, NULL, NULL, 'Grade 11', 3, 'Research in Daily Life 1', '2nd'),
(80, NULL, NULL, 'Grade 11', 3, 'Basic Calculus', '2nd'),
(81, NULL, NULL, 'Grade 12', 3, '21st Century Literature from the Philippines and the World ', '1st'),
(82, NULL, NULL, 'Grade 12', 3, 'Contemporary Philippine Arts from the Regions', '1st'),
(83, NULL, NULL, 'Grade 12', 3, 'Media and Information Literacy', '1st'),
(84, NULL, NULL, 'Grade 12', 3, 'Understanding Culture, Society and Politics', '1st'),
(85, NULL, NULL, 'Grade 12', 3, 'PE and Health I,II,III & IV', '1st'),
(86, NULL, NULL, 'Grade 12', 3, 'Research in Daily Life 2', '1st'),
(87, NULL, NULL, 'Grade 12', 3, 'Pagsulat sa Filipino sa Piling Larang (Akademik)', '1st'),
(88, NULL, NULL, 'Grade 12', 3, 'General Biology 1', '1st'),
(89, NULL, NULL, 'Grade 12', 3, 'PE and Health I,II,III & IV', '2nd'),
(90, NULL, NULL, 'Grade 12', 3, 'Entrepreneurship', '2nd'),
(91, NULL, NULL, 'Grade 12', 3, 'Inquiries, Investigations and Immersion', '2nd'),
(92, NULL, NULL, 'Grade 12', 3, 'General Biology 2', '2nd'),
(93, NULL, NULL, 'Grade 12', 3, 'General Physics 2', '2nd'),
(94, NULL, NULL, 'Grade 12', 3, ' General Chemistry 2', '2nd'),
(95, NULL, NULL, 'Grade 12', 3, 'Research/Capstone Project', '2nd'),
(97, NULL, NULL, 'Grade 11', 5, 'Oral Communication in Context', '1st'),
(98, NULL, NULL, 'Grade 11', 5, 'Komunikasyon at Pananaliksik sa Wika at Kulturang Pilipino', '1st'),
(99, NULL, NULL, 'Grade 11', 5, 'General Mathematics', '1st'),
(100, NULL, NULL, 'Grade 11', 5, 'Earth and Life Science', '1st'),
(101, NULL, NULL, 'Grade 11', 5, 'PE and Health I,II,III & IV', '1st'),
(102, NULL, NULL, 'Grade 11', 5, 'English for Academic and Professional Purposes', '1st'),
(103, NULL, NULL, 'Grade 11', 5, 'Empowerment Technologies (E-Tech): ICT for Professional Tracks', '1st'),
(104, NULL, NULL, 'Grade 11', 5, 'TVL 1 ( CSS)', '1st'),
(105, NULL, NULL, 'Grade 11', 5, 'Reading and Writing', '2nd'),
(106, NULL, NULL, 'Grade 11', 5, 'Pagbasa at Pagsusuri sa Iba’t-ibang Teksto Tungo sa Pananaliksik ', '2nd'),
(107, NULL, NULL, 'Grade 11', 5, '21st Century Literature from the Philippines and the World ', '2nd'),
(108, NULL, NULL, 'Grade 11', 5, 'Statistics and Probability', '2nd'),
(109, NULL, NULL, 'Grade 11', 5, ' Personal Development', '2nd'),
(110, NULL, NULL, 'Grade 11', 5, 'PE and Health I,II,III & IV', '2nd'),
(111, NULL, NULL, 'Grade 11', 5, 'Research in Daily Life 1', '2nd'),
(112, NULL, NULL, 'Grade 11', 5, 'TVL 2 (CSS)', '2nd'),
(113, NULL, NULL, 'Grade 12', 5, 'Contemporary Philippine Arts from the Regions', '1st'),
(114, NULL, NULL, 'Grade 12', 5, 'Understanding Culture, Society and Politics', '1st'),
(115, NULL, NULL, 'Grade 12', 5, 'Introduction to the Philosophy of the Human Person ', '1st'),
(116, NULL, NULL, 'Grade 12', 5, 'PE and Health I,II,III & IV', '1st'),
(117, NULL, NULL, 'Grade 12', 5, 'Research in Daily Life 2', '1st'),
(118, NULL, NULL, 'Grade 12', 5, 'Pagsulat sa Filipino sa Piling Larang (Akademik) ', '1st'),
(119, NULL, NULL, 'Grade 12', 5, 'TVL 3 (CSS)', '1st'),
(121, NULL, NULL, 'Grade 12', 5, 'Media and Information Literacy', '2nd'),
(122, NULL, NULL, 'Grade 12', 5, 'PE and Health I,II,III & IV', '2nd'),
(123, NULL, NULL, 'Grade 12', 5, 'Physical Science', '2nd'),
(124, NULL, NULL, 'Grade 12', 5, 'Entrepreneurship', '2nd'),
(125, NULL, NULL, 'Grade 12', 5, ' Inquiries, Investigations and Immersion', '2nd'),
(126, NULL, NULL, 'Grade 12', 5, 'TVL 4 (CSS)', '2nd'),
(127, NULL, NULL, 'Grade 12', 5, 'Immersion', '2nd'),
(129, NULL, NULL, 'Grade 11', 4, 'Oral Communication in Context', '1st'),
(130, NULL, NULL, 'Grade 11', 4, 'Komunikasyon at Pananaliksik sa Wika at Kulturang Pilipino ', '1st'),
(131, NULL, NULL, 'Grade 11', 4, 'General Mathematics', '1st'),
(132, NULL, NULL, 'Grade 11', 4, 'Earth and Life Science', '1st'),
(133, NULL, NULL, 'Grade 11', 4, 'Understanding Culture, Society and Politics', '1st'),
(134, NULL, NULL, 'Grade 11', 4, ' PE and Health I,II,III & IV', '1st'),
(135, NULL, NULL, 'Grade 11', 4, 'English for Academic and Professional Purposes', '1st'),
(136, NULL, NULL, 'Grade 11', 4, 'Empowerment Technologies (E-Tech): ICT for Professional Tracks ', '1st'),
(137, NULL, NULL, 'Grade 11', 4, 'Reading and Writing', '2nd'),
(138, NULL, NULL, 'Grade 11', 4, 'Pagbasa at Pagsusuri sa Iba’t-ibang Teksto Tungo sa Pananaliksik ', '2nd'),
(139, NULL, NULL, 'Grade 11', 4, '21st Century Literature from the Philippines and the World ', '2nd'),
(140, NULL, NULL, 'Grade 11', 4, 'Statistics and Probability', '2nd'),
(141, NULL, NULL, 'Grade 11', 4, 'Personal Development', '2nd'),
(142, NULL, NULL, 'Grade 11', 4, ' PE and Health I,II,III & IV', '2nd'),
(143, NULL, NULL, 'Grade 11', 4, 'Research in Daily Life 1', '2nd'),
(144, NULL, NULL, 'Grade 11', 4, 'Humanities 2', '2nd'),
(145, NULL, NULL, 'Grade 12', 4, 'Contemporary Philippine Arts from the Regions', '1st'),
(146, NULL, NULL, 'Grade 12', 4, 'Media and Information Literacy', '1st'),
(147, NULL, NULL, 'Grade 12', 4, 'PE and Health I,II,III & IV', '1st'),
(148, NULL, NULL, 'Grade 12', 4, 'Research in Daily Life 2', '1st'),
(149, NULL, NULL, 'Grade 12', 4, 'Pagsulat sa Filipino sa Piling Larang (Akademik)', '1st'),
(150, NULL, NULL, 'Grade 12', 4, 'Entrepreneurship', '1st'),
(151, NULL, NULL, 'Grade 12', 4, 'Applied Economics', '1st'),
(152, NULL, NULL, 'Grade 12', 4, 'Elective 1', '1st'),
(153, NULL, NULL, 'Grade 12', 4, 'Introduction to the Philosophy of the Human Person ', '2nd'),
(154, NULL, NULL, 'Grade 12', 4, ' PE and Health I,II,III & IV', '2nd'),
(155, NULL, NULL, 'Grade 12', 4, 'Physical Science', '2nd'),
(156, NULL, NULL, 'Grade 12', 4, 'Inquiries, Investigations and Immersion', '2nd'),
(157, NULL, NULL, 'Grade 12', 4, 'Organization and Management', '2nd'),
(158, NULL, NULL, 'Grade 12', 4, 'Elective 2', '2nd'),
(159, NULL, NULL, 'Grade 12', 4, 'Work Immersion/ Research/Career Advocacy/Culminating Activity ', '2nd'),
(161, NULL, NULL, 'Grade 11', 6, 'Oral Communication in Context', '1st'),
(162, NULL, NULL, 'Grade 11', 6, 'Komunikasyon at Pananaliksik sa Wika at Kulturang Pilipino', '1st'),
(163, NULL, NULL, 'Grade 11', 6, 'General Mathematics', '1st'),
(164, NULL, NULL, 'Grade 11', 6, 'Earth and Life Science', '1st'),
(165, NULL, NULL, 'Grade 11', 6, 'PE and Health I,II,III & IV', '1st'),
(166, NULL, NULL, 'Grade 11', 6, 'English for Academic and Professional Purposes', '1st'),
(167, NULL, NULL, 'Grade 11', 6, 'Empowerment Technologies (E-Tech): ICT for Professional Tracks ', '1st'),
(168, NULL, NULL, 'Grade 11', 6, 'TVL 1 ( Cookery)', '1st'),
(169, NULL, NULL, 'Grade 11', 6, 'Reading and Writing', '2nd'),
(170, NULL, NULL, 'Grade 11', 6, 'Pagbasa at Pagsusuri sa Iba’t-ibang Teksto Tungo sa Pananaliksik ', '2nd'),
(171, NULL, NULL, 'Grade 11', 6, '21st Century Literature from the Philippines and the World ', '2nd'),
(172, NULL, NULL, 'Grade 11', 6, 'Statistics and Probability', '2nd'),
(173, NULL, NULL, 'Grade 11', 6, 'PE and Health I,II,III & IV', '2nd'),
(174, NULL, NULL, 'Grade 11', 6, 'Research in Daily Life 1', '2nd'),
(175, NULL, NULL, 'Grade 11', 6, 'TVL 2 (Cookery)', '2nd'),
(176, NULL, NULL, 'Grade 12', 6, 'Contemporary Philippine Arts from the Regions', '1st'),
(177, NULL, NULL, 'Grade 12', 6, 'Media and Information Literacy', '1st'),
(178, NULL, NULL, 'Grade 12', 6, 'Understanding Culture, Society and Politics', '1st'),
(179, NULL, NULL, 'Grade 12', 6, 'Introduction to the Philosophy of the Human Person', '1st'),
(180, NULL, NULL, 'Grade 12', 6, 'PE and Health I,II,III & IV', '1st'),
(181, NULL, NULL, 'Grade 12', 6, 'Research in Daily Life 2', '1st'),
(182, NULL, NULL, 'Grade 12', 6, 'Pagsulat sa Filipino sa Piling Larang (Akademik)', '1st'),
(183, NULL, NULL, 'Grade 12', 6, 'TVL 3 (Bread and Pastry Production)', '1st'),
(185, NULL, NULL, 'Grade 12', 6, 'Personal Development', '2nd'),
(186, NULL, NULL, 'Grade 12', 6, 'PE and Health I,II,III & IV', '2nd'),
(187, NULL, NULL, 'Grade 12', 6, 'Physical Science', '2nd'),
(188, NULL, NULL, 'Grade 12', 6, 'Entrepreneurship', '2nd'),
(189, NULL, NULL, 'Grade 12', 6, 'Inquiries, Investigations and Immersion', '2nd'),
(190, NULL, NULL, 'Grade 12', 6, ' TVL 4 ( Food and Beverage Services)', '2nd'),
(191, NULL, NULL, 'Grade 12', 6, 'Immersion', '2nd'),
(193, NULL, NULL, 'Grade 11', 1, 'Introduction to World Religions and Belief\nSystems', '1st'),
(194, NULL, NULL, 'Grade 12', 1, 'Discipline and Ideas in the Applied Social\r\nSciences ', '1st'),
(195, NULL, NULL, 'Grade 12', 1, 'Philippine Politics and Governance\r\n', '1st'),
(196, NULL, NULL, 'Grade 11', 2, 'Organization and Management', '1st'),
(197, NULL, NULL, 'Grade 11', 2, 'Business Math', '2nd'),
(198, NULL, NULL, 'Grade 11', 3, 'Pre- Calculus', '1st'),
(199, NULL, NULL, 'Grade 11', 3, 'General Chemistry 1', '2nd'),
(200, NULL, NULL, 'Grade 12', 3, 'General Physics 1', '1st'),
(201, NULL, NULL, 'Grade 11', 4, 'Humanities 1', '1st'),
(202, NULL, NULL, 'Grade 11', 4, 'Social Science 1', '2nd'),
(203, NULL, NULL, 'Grade 12', 4, 'Disaster Readiness and Risk Reduction', '1st'),
(204, NULL, NULL, 'Null', 7, 'Null', 'Null');

-- --------------------------------------------------------

--
-- Table structure for table `tbl_assigned_teacher`
--

CREATE TABLE `tbl_assigned_teacher` (
  `id` bigint(20) UNSIGNED NOT NULL,
  `teacher_id` bigint(20) UNSIGNED NOT NULL,
  `subject_id` bigint(20) UNSIGNED NOT NULL,
  `grade_level` varchar(255) COLLATE utf8mb4_unicode_ci NOT NULL,
  `section_id` bigint(20) UNSIGNED NOT NULL,
  `sem` varchar(255) COLLATE utf8mb4_unicode_ci NOT NULL,
  `strand_id` bigint(20) UNSIGNED NOT NULL,
  `created_at` timestamp NULL DEFAULT NULL,
  `updated_at` timestamp NULL DEFAULT NULL
) ENGINE=InnoDB DEFAULT CHARSET=utf8mb4 COLLATE=utf8mb4_unicode_ci;

--
-- Dumping data for table `tbl_assigned_teacher`
--

INSERT INTO `tbl_assigned_teacher` (`id`, `teacher_id`, `subject_id`, `grade_level`, `section_id`, `sem`, `strand_id`, `created_at`, `updated_at`) VALUES
(88, 29, 1, 'Grade 11', 1, '1st', 1, '2023-11-06 06:15:16', '2023-11-22 11:08:39'),
(89, 28, 2, 'Grade 11', 1, '1st', 1, '2023-11-06 06:15:16', '2023-11-22 11:08:39'),
(90, 28, 3, 'Grade 11', 1, '1st', 1, '2023-11-06 06:15:16', '2023-11-22 11:08:39'),
(91, 31, 4, 'Grade 11', 1, '1st', 1, '2023-11-06 06:15:16', '2023-11-17 23:37:24'),
(92, 29, 5, 'Grade 11', 1, '1st', 1, '2023-11-06 06:15:16', '2023-11-17 23:37:24'),
(93, 31, 6, 'Grade 11', 1, '1st', 1, '2023-11-06 06:15:16', '2023-11-17 23:37:24'),
(94, 26, 7, 'Grade 11', 1, '1st', 1, '2023-11-06 06:15:16', '2023-11-07 05:50:53'),
(95, 30, 8, 'Grade 11', 1, '1st', 1, '2023-11-06 06:15:16', '2023-11-17 23:37:24'),
(96, 28, 193, 'Grade 11', 1, '1st', 1, '2023-11-06 06:15:16', '2023-11-17 23:37:24'),
(97, 25, 1, 'Grade 11', 38, '1st', 1, '2023-11-07 13:16:55', '2023-11-07 13:16:55'),
(98, 29, 2, 'Grade 11', 38, '1st', 1, '2023-11-07 13:16:55', '2023-11-07 13:16:55'),
(99, 24, 3, 'Grade 11', 38, '1st', 1, '2023-11-07 13:16:55', '2023-11-07 13:16:55'),
(100, 27, 4, 'Grade 11', 38, '1st', 1, '2023-11-07 13:16:55', '2023-11-07 13:16:55'),
(101, 33, 5, 'Grade 11', 38, '1st', 1, '2023-11-07 13:16:55', '2023-11-07 13:16:55'),
(102, 25, 6, 'Grade 11', 38, '1st', 1, '2023-11-07 13:16:55', '2023-11-07 13:16:55'),
(103, 29, 7, 'Grade 11', 38, '1st', 1, '2023-11-07 13:16:55', '2023-11-07 13:16:55'),
(104, 32, 8, 'Grade 11', 38, '1st', 1, '2023-11-07 13:16:55', '2023-11-07 13:16:55'),
(105, 31, 193, 'Grade 11', 38, '1st', 1, '2023-11-07 13:16:55', '2023-11-07 13:16:55'),
(106, 30, 1, 'Grade 11', 2, '1st', 1, '2023-11-08 13:31:17', '2023-11-08 13:31:17'),
(107, 24, 2, 'Grade 11', 2, '1st', 1, '2023-11-08 13:31:17', '2023-11-08 13:31:17'),
(108, 32, 3, 'Grade 11', 2, '1st', 1, '2023-11-08 13:31:17', '2023-11-08 13:31:17'),
(109, 26, 4, 'Grade 11', 2, '1st', 1, '2023-11-08 13:31:17', '2023-11-08 13:31:17'),
(110, 28, 5, 'Grade 11', 2, '1st', 1, '2023-11-08 13:31:17', '2023-11-08 13:31:17'),
(111, 29, 6, 'Grade 11', 2, '1st', 1, '2023-11-08 13:31:17', '2023-11-08 13:31:17'),
(112, 33, 7, 'Grade 11', 2, '1st', 1, '2023-11-08 13:31:17', '2023-11-08 13:31:17'),
(113, 25, 8, 'Grade 11', 2, '1st', 1, '2023-11-08 13:31:17', '2023-11-08 13:31:17'),
(114, 31, 193, 'Grade 11', 2, '1st', 1, '2023-11-08 13:31:17', '2023-11-08 13:31:17'),
(115, 28, 33, 'Grade 11', 3, '1st', 2, '2023-11-08 13:34:35', '2023-11-08 13:34:35'),
(116, 26, 34, 'Grade 11', 3, '1st', 2, '2023-11-08 13:34:35', '2023-11-08 13:34:35'),
(117, 29, 35, 'Grade 11', 3, '1st', 2, '2023-11-08 13:34:35', '2023-11-08 13:34:35'),
(118, 33, 36, 'Grade 11', 3, '1st', 2, '2023-11-08 13:34:35', '2023-11-08 13:34:35'),
(119, 24, 37, 'Grade 11', 3, '1st', 2, '2023-11-08 13:34:35', '2023-11-08 13:34:35'),
(120, 32, 38, 'Grade 11', 3, '1st', 2, '2023-11-08 13:34:35', '2023-11-08 13:34:35'),
(121, 28, 39, 'Grade 11', 3, '1st', 2, '2023-11-08 13:34:35', '2023-11-08 13:34:35'),
(122, 32, 40, 'Grade 11', 3, '1st', 2, '2023-11-08 13:34:35', '2023-11-08 13:34:35'),
(123, 30, 196, 'Grade 11', 3, '1st', 2, '2023-11-08 13:34:35', '2023-11-08 13:34:35'),
(124, 28, 33, 'Grade 11', 4, '1st', 2, '2023-11-08 13:34:58', '2023-11-08 13:34:58'),
(125, 29, 34, 'Grade 11', 4, '1st', 2, '2023-11-08 13:34:58', '2023-11-08 13:34:58'),
(126, 32, 35, 'Grade 11', 4, '1st', 2, '2023-11-08 13:34:58', '2023-11-08 13:34:58'),
(127, 27, 36, 'Grade 11', 4, '1st', 2, '2023-11-08 13:34:58', '2023-11-08 13:34:58'),
(128, 31, 37, 'Grade 11', 4, '1st', 2, '2023-11-08 13:34:58', '2023-11-08 13:34:58'),
(129, 32, 38, 'Grade 11', 4, '1st', 2, '2023-11-08 13:34:58', '2023-11-08 13:34:58'),
(130, 28, 39, 'Grade 11', 4, '1st', 2, '2023-11-08 13:34:58', '2023-11-08 13:34:58'),
(131, 33, 40, 'Grade 11', 4, '1st', 2, '2023-11-08 13:34:58', '2023-11-08 13:34:58'),
(132, 24, 196, 'Grade 11', 4, '1st', 2, '2023-11-08 13:34:58', '2023-11-08 13:34:58'),
(133, 30, 65, 'Grade 11', 5, '1st', 3, '2023-11-08 13:35:32', '2023-11-08 13:35:32'),
(134, 29, 66, 'Grade 11', 5, '1st', 3, '2023-11-08 13:35:32', '2023-11-08 13:35:32'),
(135, 28, 67, 'Grade 11', 5, '1st', 3, '2023-11-08 13:35:32', '2023-11-08 13:35:32'),
(136, 31, 68, 'Grade 11', 5, '1st', 3, '2023-11-08 13:35:32', '2023-11-08 13:35:32'),
(137, 33, 69, 'Grade 11', 5, '1st', 3, '2023-11-08 13:35:32', '2023-11-08 13:35:32'),
(138, 31, 70, 'Grade 11', 5, '1st', 3, '2023-11-08 13:35:32', '2023-11-08 13:35:32'),
(139, 25, 71, 'Grade 11', 5, '1st', 3, '2023-11-08 13:35:32', '2023-11-08 13:35:32'),
(140, 33, 72, 'Grade 11', 5, '1st', 3, '2023-11-08 13:35:32', '2023-11-08 13:35:32'),
(141, 32, 198, 'Grade 11', 5, '1st', 3, '2023-11-08 13:35:32', '2023-11-08 13:35:32'),
(142, 27, 65, 'Grade 11', 6, '1st', 3, '2023-11-08 13:36:09', '2023-11-08 13:36:09'),
(143, 33, 66, 'Grade 11', 6, '1st', 3, '2023-11-08 13:36:09', '2023-11-08 13:36:09'),
(144, 29, 67, 'Grade 11', 6, '1st', 3, '2023-11-08 13:36:09', '2023-11-08 13:36:09'),
(145, 26, 68, 'Grade 11', 6, '1st', 3, '2023-11-08 13:36:09', '2023-11-08 13:36:09'),
(146, 30, 69, 'Grade 11', 6, '1st', 3, '2023-11-08 13:36:09', '2023-11-08 13:36:09'),
(147, 27, 70, 'Grade 11', 6, '1st', 3, '2023-11-08 13:36:09', '2023-11-08 13:36:09'),
(148, 24, 71, 'Grade 11', 6, '1st', 3, '2023-11-08 13:36:09', '2023-11-08 13:36:09'),
(149, 31, 72, 'Grade 11', 6, '1st', 3, '2023-11-08 13:36:09', '2023-11-08 13:36:09'),
(150, 32, 198, 'Grade 11', 6, '1st', 3, '2023-11-08 13:36:09', '2023-11-08 13:36:09'),
(151, 29, 129, 'Grade 11', 7, '1st', 4, '2023-11-08 13:39:29', '2023-11-08 13:39:29'),
(152, 27, 130, 'Grade 11', 7, '1st', 4, '2023-11-08 13:39:29', '2023-11-08 13:39:29'),
(153, 25, 131, 'Grade 11', 7, '1st', 4, '2023-11-08 13:39:29', '2023-11-08 13:39:29'),
(154, 26, 132, 'Grade 11', 7, '1st', 4, '2023-11-08 13:39:29', '2023-11-08 13:39:29'),
(155, 29, 133, 'Grade 11', 7, '1st', 4, '2023-11-08 13:39:29', '2023-11-08 13:39:29'),
(156, 28, 134, 'Grade 11', 7, '1st', 4, '2023-11-08 13:39:29', '2023-11-08 13:39:29'),
(157, 30, 135, 'Grade 11', 7, '1st', 4, '2023-11-08 13:39:29', '2023-11-08 13:39:29'),
(158, 32, 136, 'Grade 11', 7, '1st', 4, '2023-11-08 13:39:29', '2023-11-08 13:39:29'),
(159, 31, 201, 'Grade 11', 7, '1st', 4, '2023-11-08 13:39:29', '2023-11-08 13:39:29'),
(160, 28, 129, 'Grade 11', 8, '1st', 4, '2023-11-08 13:40:01', '2023-11-08 13:40:01'),
(161, 29, 130, 'Grade 11', 8, '1st', 4, '2023-11-08 13:40:01', '2023-11-08 13:40:01'),
(162, 32, 131, 'Grade 11', 8, '1st', 4, '2023-11-08 13:40:01', '2023-11-08 13:40:01'),
(163, 33, 132, 'Grade 11', 8, '1st', 4, '2023-11-08 13:40:01', '2023-11-08 13:40:01'),
(164, 25, 133, 'Grade 11', 8, '1st', 4, '2023-11-08 13:40:01', '2023-11-08 13:40:01'),
(165, 26, 134, 'Grade 11', 8, '1st', 4, '2023-11-08 13:40:01', '2023-11-08 13:40:01'),
(166, 27, 135, 'Grade 11', 8, '1st', 4, '2023-11-08 13:40:01', '2023-11-08 13:40:01'),
(167, 30, 136, 'Grade 11', 8, '1st', 4, '2023-11-08 13:40:01', '2023-11-08 13:40:01'),
(168, 25, 201, 'Grade 11', 8, '1st', 4, '2023-11-08 13:40:01', '2023-11-08 13:40:01'),
(169, 26, 97, 'Grade 11', 9, '1st', 5, '2023-11-15 11:02:13', '2023-11-15 11:02:13'),
(170, 24, 98, 'Grade 11', 9, '1st', 5, '2023-11-15 11:02:13', '2023-11-15 11:02:13'),
(171, 31, 99, 'Grade 11', 9, '1st', 5, '2023-11-15 11:02:13', '2023-11-15 11:02:13'),
(172, 27, 100, 'Grade 11', 9, '1st', 5, '2023-11-15 11:02:13', '2023-11-15 11:02:13'),
(173, 33, 101, 'Grade 11', 9, '1st', 5, '2023-11-15 11:02:13', '2023-11-15 11:02:13'),
(174, 25, 102, 'Grade 11', 9, '1st', 5, '2023-11-15 11:02:13', '2023-11-15 11:02:13'),
(175, 31, 103, 'Grade 11', 9, '1st', 5, '2023-11-15 11:02:13', '2023-11-15 11:02:13'),
(176, 30, 104, 'Grade 11', 9, '1st', 5, '2023-11-15 11:02:13', '2023-11-15 11:02:13'),
(177, 25, 113, 'Grade 12', 21, '1st', 5, '2023-11-20 22:18:11', '2023-11-20 22:18:11'),
(178, 27, 114, 'Grade 12', 21, '1st', 5, '2023-11-20 22:18:11', '2023-11-20 22:18:11'),
(179, 24, 115, 'Grade 12', 21, '1st', 5, '2023-11-20 22:18:11', '2023-11-20 22:18:11'),
(180, 28, 116, 'Grade 12', 21, '1st', 5, '2023-11-20 22:18:11', '2023-11-20 22:18:11'),
(181, 32, 117, 'Grade 12', 21, '1st', 5, '2023-11-20 22:18:11', '2023-11-20 22:18:11'),
(182, 33, 118, 'Grade 12', 21, '1st', 5, '2023-11-20 22:18:11', '2023-11-20 22:18:11'),
(183, 30, 119, 'Grade 12', 21, '1st', 5, '2023-11-20 22:18:11', '2023-11-20 22:18:11'),
(184, 25, 17, 'Grade 12', 14, '1st', 1, '2023-11-20 22:45:31', '2023-11-20 22:45:31'),
(185, 26, 18, 'Grade 12', 14, '1st', 1, '2023-11-20 22:45:31', '2023-11-20 22:45:31'),
(186, 26, 19, 'Grade 12', 14, '1st', 1, '2023-11-20 22:45:31', '2023-11-20 22:45:31'),
(187, 28, 20, 'Grade 12', 14, '1st', 1, '2023-11-20 22:45:31', '2023-11-20 22:45:31'),
(188, 31, 21, 'Grade 12', 14, '1st', 1, '2023-11-20 22:45:31', '2023-11-20 22:45:31'),
(189, 27, 22, 'Grade 12', 14, '1st', 1, '2023-11-20 22:45:31', '2023-11-20 22:45:31'),
(190, 27, 23, 'Grade 12', 14, '1st', 1, '2023-11-20 22:45:31', '2023-11-20 22:45:31'),
(191, 29, 194, 'Grade 12', 14, '1st', 1, '2023-11-20 22:45:31', '2023-11-20 22:45:31'),
(192, 30, 195, 'Grade 12', 14, '1st', 1, '2023-11-20 22:45:31', '2023-11-20 22:45:31'),
(193, 24, 49, 'Grade 12', 15, '1st', 2, '2023-11-21 14:36:29', '2023-11-21 14:36:29'),
(194, 26, 50, 'Grade 12', 15, '1st', 2, '2023-11-21 14:36:29', '2023-11-21 14:36:29'),
(195, 25, 51, 'Grade 12', 15, '1st', 2, '2023-11-21 14:36:29', '2023-11-21 14:36:29'),
(196, 30, 52, 'Grade 12', 15, '1st', 2, '2023-11-21 14:36:29', '2023-11-21 14:36:29'),
(197, 33, 53, 'Grade 12', 15, '1st', 2, '2023-11-21 14:36:29', '2023-11-21 14:36:29'),
(198, 31, 54, 'Grade 12', 15, '1st', 2, '2023-11-21 14:36:29', '2023-11-21 14:36:29'),
(199, 28, 55, 'Grade 12', 15, '1st', 2, '2023-11-21 14:36:29', '2023-11-21 14:36:29'),
(200, 28, 56, 'Grade 12', 15, '1st', 2, '2023-11-21 14:36:29', '2023-11-21 14:36:29'),
(201, 26, 176, 'Grade 12', 23, '1st', 6, '2023-11-21 14:37:00', '2023-11-21 14:37:00'),
(202, 25, 177, 'Grade 12', 23, '1st', 6, '2023-11-21 14:37:00', '2023-11-21 14:37:00'),
(203, 32, 178, 'Grade 12', 23, '1st', 6, '2023-11-21 14:37:00', '2023-11-21 14:37:00'),
(204, 26, 179, 'Grade 12', 23, '1st', 6, '2023-11-21 14:37:00', '2023-11-21 14:37:00'),
(205, 28, 180, 'Grade 12', 23, '1st', 6, '2023-11-21 14:37:00', '2023-11-21 14:37:00'),
(206, 32, 181, 'Grade 12', 23, '1st', 6, '2023-11-21 14:37:00', '2023-11-21 14:37:00'),
(207, 33, 182, 'Grade 12', 23, '1st', 6, '2023-11-21 14:37:00', '2023-11-21 14:37:00'),
(208, 27, 183, 'Grade 12', 23, '1st', 6, '2023-11-21 14:37:00', '2023-11-21 14:37:00'),
(209, 26, 49, 'Grade 12', 16, '1st', 2, '2023-11-21 14:39:00', '2023-11-21 14:39:00'),
(210, 25, 50, 'Grade 12', 16, '1st', 2, '2023-11-21 14:39:00', '2023-11-21 14:39:00'),
(211, 33, 51, 'Grade 12', 16, '1st', 2, '2023-11-21 14:39:00', '2023-11-21 14:39:00'),
(212, 29, 52, 'Grade 12', 16, '1st', 2, '2023-11-21 14:39:00', '2023-11-21 14:39:00'),
(213, 27, 53, 'Grade 12', 16, '1st', 2, '2023-11-21 14:39:00', '2023-11-21 14:39:00'),
(214, 26, 54, 'Grade 12', 16, '1st', 2, '2023-11-21 14:39:00', '2023-11-21 14:39:00'),
(215, 25, 55, 'Grade 12', 16, '1st', 2, '2023-11-21 14:39:00', '2023-11-21 14:39:00'),
(216, 28, 56, 'Grade 12', 16, '1st', 2, '2023-11-21 14:39:00', '2023-11-21 14:39:00'),
(217, 27, 81, 'Grade 12', 17, '1st', 3, '2023-11-21 14:39:27', '2023-11-21 14:39:27'),
(218, 24, 82, 'Grade 12', 17, '1st', 3, '2023-11-21 14:39:27', '2023-11-21 14:39:27'),
(219, 26, 83, 'Grade 12', 17, '1st', 3, '2023-11-21 14:39:27', '2023-11-21 14:39:27'),
(220, 28, 84, 'Grade 12', 17, '1st', 3, '2023-11-21 14:39:27', '2023-11-21 14:39:27'),
(221, 30, 85, 'Grade 12', 17, '1st', 3, '2023-11-21 14:39:27', '2023-11-21 14:39:27'),
(222, 29, 86, 'Grade 12', 17, '1st', 3, '2023-11-21 14:39:27', '2023-11-21 14:39:27'),
(223, 31, 87, 'Grade 12', 17, '1st', 3, '2023-11-21 14:39:27', '2023-11-21 14:39:27'),
(224, 32, 88, 'Grade 12', 17, '1st', 3, '2023-11-21 14:39:27', '2023-11-21 14:39:27'),
(225, 33, 200, 'Grade 12', 17, '1st', 3, '2023-11-21 14:39:27', '2023-11-21 14:39:27'),
(226, 26, 81, 'Grade 12', 18, '1st', 3, '2023-11-21 14:40:00', '2023-11-21 14:40:00'),
(227, 25, 82, 'Grade 12', 18, '1st', 3, '2023-11-21 14:40:00', '2023-11-21 14:40:00'),
(228, 31, 83, 'Grade 12', 18, '1st', 3, '2023-11-21 14:40:00', '2023-11-21 14:40:00'),
(229, 25, 84, 'Grade 12', 18, '1st', 3, '2023-11-21 14:40:00', '2023-11-21 14:40:00'),
(230, 33, 85, 'Grade 12', 18, '1st', 3, '2023-11-21 14:40:00', '2023-11-21 14:40:00'),
(231, 26, 86, 'Grade 12', 18, '1st', 3, '2023-11-21 14:40:00', '2023-11-21 14:40:00'),
(232, 24, 87, 'Grade 12', 18, '1st', 3, '2023-11-21 14:40:00', '2023-11-21 14:40:00'),
(233, 31, 88, 'Grade 12', 18, '1st', 3, '2023-11-21 14:40:00', '2023-11-21 14:40:00'),
(234, 25, 200, 'Grade 12', 18, '1st', 3, '2023-11-21 14:40:00', '2023-11-21 14:40:00'),
(235, 28, 145, 'Grade 12', 19, '1st', 4, '2023-11-21 14:40:14', '2023-11-21 14:40:14'),
(236, 30, 146, 'Grade 12', 19, '1st', 4, '2023-11-21 14:40:27', '2023-11-21 14:40:27'),
(237, 27, 147, 'Grade 12', 19, '1st', 4, '2023-11-21 14:40:27', '2023-11-21 14:40:27'),
(238, 33, 148, 'Grade 12', 19, '1st', 4, '2023-11-21 14:40:27', '2023-11-21 14:40:27'),
(239, 27, 149, 'Grade 12', 19, '1st', 4, '2023-11-21 14:40:27', '2023-11-21 14:40:27'),
(240, 24, 150, 'Grade 12', 19, '1st', 4, '2023-11-21 14:40:27', '2023-11-21 14:40:27'),
(241, 31, 151, 'Grade 12', 19, '1st', 4, '2023-11-21 14:40:27', '2023-11-21 14:40:27'),
(242, 30, 152, 'Grade 12', 19, '1st', 4, '2023-11-21 14:40:27', '2023-11-21 14:40:27'),
(243, 29, 203, 'Grade 12', 19, '1st', 4, '2023-11-21 14:40:27', '2023-11-21 14:40:27'),
(244, 25, 145, 'Grade 12', 20, '1st', 4, '2023-11-21 14:41:09', '2023-11-21 14:41:09'),
(245, 26, 146, 'Grade 12', 20, '1st', 4, '2023-11-21 14:41:09', '2023-11-21 14:41:09'),
(246, 24, 147, 'Grade 12', 20, '1st', 4, '2023-11-21 14:41:09', '2023-11-21 14:41:09'),
(247, 31, 148, 'Grade 12', 20, '1st', 4, '2023-11-21 14:41:09', '2023-11-21 14:41:09'),
(248, 31, 149, 'Grade 12', 20, '1st', 4, '2023-11-21 14:41:09', '2023-11-21 14:41:09'),
(249, 32, 150, 'Grade 12', 20, '1st', 4, '2023-11-21 14:41:09', '2023-11-21 14:41:09'),
(250, 29, 151, 'Grade 12', 20, '1st', 4, '2023-11-21 14:41:09', '2023-11-21 14:41:09'),
(251, 29, 152, 'Grade 12', 20, '1st', 4, '2023-11-21 14:41:09', '2023-11-21 14:41:09'),
(252, 30, 203, 'Grade 12', 20, '1st', 4, '2023-11-21 14:41:09', '2023-11-21 14:41:09'),
(253, 26, 113, 'Grade 12', 22, '1st', 5, '2023-11-21 14:41:41', '2023-11-21 14:41:41'),
(254, 29, 114, 'Grade 12', 22, '1st', 5, '2023-11-21 14:41:41', '2023-11-21 14:41:41'),
(255, 32, 115, 'Grade 12', 22, '1st', 5, '2023-11-21 14:41:41', '2023-11-21 14:41:41'),
(256, 31, 116, 'Grade 12', 22, '1st', 5, '2023-11-21 14:41:41', '2023-11-21 14:41:41'),
(257, 24, 117, 'Grade 12', 22, '1st', 5, '2023-11-21 14:41:41', '2023-11-21 14:41:41'),
(258, 26, 118, 'Grade 12', 22, '1st', 5, '2023-11-21 14:41:41', '2023-11-21 14:41:41'),
(259, 31, 119, 'Grade 12', 22, '1st', 5, '2023-11-21 14:41:41', '2023-11-21 14:41:41'),
(260, 27, 113, 'Grade 12', 37, '1st', 5, '2023-11-21 14:42:18', '2023-11-21 14:42:18'),
(261, 29, 114, 'Grade 12', 37, '1st', 5, '2023-11-21 14:42:18', '2023-11-21 14:42:18'),
(262, 30, 115, 'Grade 12', 37, '1st', 5, '2023-11-21 14:42:18', '2023-11-21 14:42:18'),
(263, 32, 116, 'Grade 12', 37, '1st', 5, '2023-11-21 14:42:18', '2023-11-21 14:42:18'),
(264, 32, 117, 'Grade 12', 37, '1st', 5, '2023-11-21 14:42:18', '2023-11-21 14:42:18'),
(265, 28, 118, 'Grade 12', 37, '1st', 5, '2023-11-21 14:42:18', '2023-11-21 14:42:18'),
(266, 26, 119, 'Grade 12', 37, '1st', 5, '2023-11-21 14:42:18', '2023-11-21 14:42:18');

-- --------------------------------------------------------

--
-- Table structure for table `tbl_class_schedules`
--

CREATE TABLE `tbl_class_schedules` (
  `id` bigint(20) UNSIGNED NOT NULL,
  `sched_day` varchar(255) COLLATE utf8mb4_unicode_ci NOT NULL,
  `sched_time` varchar(255) COLLATE utf8mb4_unicode_ci NOT NULL,
  `sched_room` bigint(20) UNSIGNED NOT NULL,
  `sched_teacher` bigint(20) UNSIGNED NOT NULL,
  `sched_subject` bigint(20) UNSIGNED NOT NULL,
  `sched_class_name` varchar(255) COLLATE utf8mb4_unicode_ci NOT NULL,
  `created_at` timestamp NULL DEFAULT NULL,
  `updated_at` timestamp NULL DEFAULT NULL
) ENGINE=InnoDB DEFAULT CHARSET=utf8mb4 COLLATE=utf8mb4_unicode_ci;

--
-- Dumping data for table `tbl_class_schedules`
--

INSERT INTO `tbl_class_schedules` (`id`, `sched_day`, `sched_time`, `sched_room`, `sched_teacher`, `sched_subject`, `sched_class_name`, `created_at`, `updated_at`) VALUES
(3, 'Monday', '7:30AM - 8:30AM', 2, 24, 1, '1', NULL, '2023-11-15 10:59:00'),
(4, 'Monday', '8:30AM - 9:30AM', 1, 28, 3, '1', NULL, '2023-11-17 13:21:30'),
(5, 'Monday', '9:45AM - 10:45AM', 22, 31, 4, '1', NULL, '2023-11-22 11:29:13'),
(6, 'Monday', '10:45AM - 11:45AM', 13, 6, 204, '1', NULL, NULL),
(7, 'Monday', '1:00PM - 2:00PM', 13, 6, 204, '1', NULL, NULL),
(8, 'Monday', '2:00PM - 3:00PM', 13, 6, 204, '1', NULL, NULL),
(9, 'Monday', '3:00PM - 4:00PM', 13, 6, 204, '1', NULL, NULL),
(10, 'Monday', '4:00PM - 5:00PM', 13, 6, 204, '1', NULL, NULL),
(11, 'Tuesday', '7:30AM - 8:30AM', 13, 6, 204, '1', NULL, '2023-10-16 04:07:44'),
(12, 'Tuesday', '8:30AM - 9:30AM', 13, 6, 204, '1', NULL, NULL),
(13, 'Tuesday', '9:45AM - 10:45AM', 13, 6, 204, '1', NULL, '2023-10-16 04:05:10'),
(14, 'Tuesday', '10:45AM - 11:45AM', 13, 6, 204, '1', NULL, NULL),
(15, 'Tuesday', '1:00PM - 2:00PM', 13, 6, 204, '1', NULL, NULL),
(16, 'Tuesday', '2:00PM - 3:00PM', 13, 6, 204, '1', NULL, NULL),
(17, 'Tuesday', '3:00PM - 4:00PM', 13, 6, 204, '1', NULL, NULL),
(18, 'Tuesday', '4:00PM - 5:00PM', 13, 6, 204, '1', NULL, NULL),
(19, 'Wednesday', '7:30AM - 8:30AM', 13, 6, 204, '1', NULL, '2023-10-16 04:05:10'),
(20, 'Wednesday', '8:30AM - 9:30AM', 13, 6, 204, '1', NULL, NULL),
(21, 'Wednesday', '9:45AM - 10:45AM', 13, 6, 204, '1', NULL, NULL),
(22, 'Wednesday', '10:45AM - 11:45AM', 13, 6, 204, '1', NULL, NULL),
(23, 'Wednesday', '1:00PM - 2:00PM', 13, 6, 204, '1', NULL, NULL),
(24, 'Wednesday', '2:00PM - 3:00PM', 13, 6, 204, '1', NULL, NULL),
(25, 'Wednesday', '3:00PM - 4:00PM', 13, 6, 204, '1', NULL, NULL),
(26, 'Wednesday', '4:00PM - 5:00PM', 13, 6, 204, '1', NULL, NULL),
(27, 'Thursday', '7:30AM - 8:30AM', 13, 6, 204, '1', NULL, '2023-09-28 18:03:02'),
(28, 'Thursday', '8:30AM - 9:30AM', 13, 6, 204, '1', NULL, NULL),
(29, 'Thursday', '9:45AM - 10:45AM', 13, 6, 204, '1', NULL, '2023-10-16 04:05:10'),
(30, 'Thursday', '10:45AM - 11:45AM', 13, 6, 204, '1', NULL, NULL),
(31, 'Thursday', '1:00PM - 2:00PM', 13, 6, 204, '1', NULL, NULL),
(32, 'Thursday', '2:00PM - 3:00PM', 13, 6, 204, '1', NULL, NULL),
(33, 'Thursday', '3:00PM - 4:00PM', 13, 6, 204, '1', NULL, NULL),
(34, 'Thursday', '4:00PM - 5:00PM', 13, 6, 204, '1', NULL, NULL),
(35, 'Friday', '7:30AM - 8:30AM', 13, 6, 204, '1', NULL, '2023-10-16 04:05:10'),
(36, 'Friday', '8:30AM - 9:30AM', 13, 6, 204, '1', NULL, NULL),
(37, 'Friday', '9:45AM - 10:45AM', 13, 6, 204, '1', NULL, NULL),
(38, 'Friday', '10:45AM - 11:45AM', 13, 6, 204, '1', NULL, NULL),
(39, 'Friday', '1:00PM - 2:00PM', 13, 6, 204, '1', NULL, NULL),
(40, 'Friday', '2:00PM - 3:00PM', 13, 6, 204, '1', NULL, NULL),
(41, 'Friday', '3:00PM - 4:00PM', 13, 6, 204, '1', NULL, NULL),
(42, 'Friday', '4:00PM - 5:00PM', 13, 6, 204, '1', NULL, NULL),
(43, 'Monday', '7:30AM - 8:30AM', 13, 6, 204, '2', NULL, '2023-10-16 04:05:10'),
(44, 'Monday', '8:30AM - 9:30AM', 13, 6, 204, '2', NULL, NULL),
(45, 'Monday', '9:45AM - 10:45AM', 13, 6, 204, '2', NULL, NULL),
(46, 'Monday', '10:45AM - 11:45AM', 13, 6, 204, '2', NULL, NULL),
(47, 'Monday', '1:00PM - 2:00PM', 13, 6, 204, '2', NULL, NULL),
(48, 'Monday', '2:00PM - 3:00PM', 13, 6, 204, '2', NULL, NULL),
(49, 'Monday', '3:00PM - 4:00PM', 13, 6, 204, '2', NULL, NULL),
(50, 'Monday', '4:00PM - 5:00PM', 13, 6, 204, '2', NULL, NULL),
(51, 'Tuesday', '7:30AM - 8:30AM', 13, 6, 204, '2', NULL, NULL),
(52, 'Tuesday', '8:30AM - 9:30AM', 13, 6, 204, '2', NULL, NULL),
(53, 'Tuesday', '9:45AM - 10:45AM', 13, 6, 204, '2', NULL, NULL),
(54, 'Tuesday', '10:45AM - 11:45AM', 13, 6, 204, '2', NULL, NULL),
(55, 'Tuesday', '1:00PM - 2:00PM', 13, 6, 204, '2', NULL, NULL),
(56, 'Tuesday', '2:00PM - 3:00PM', 13, 6, 204, '2', NULL, NULL),
(57, 'Tuesday', '3:00PM - 4:00PM', 13, 6, 204, '2', NULL, NULL),
(58, 'Tuesday', '4:00PM - 5:00PM', 13, 6, 204, '2', NULL, NULL),
(59, 'Wednesday', '7:30AM - 8:30AM', 13, 6, 204, '2', NULL, NULL),
(60, 'Wednesday', '8:30AM - 9:30AM', 13, 6, 204, '2', NULL, NULL),
(61, 'Wednesday', '9:45AM - 10:45AM', 13, 6, 204, '2', NULL, NULL),
(62, 'Wednesday', '10:45AM - 11:45AM', 13, 6, 204, '2', NULL, NULL),
(63, 'Wednesday', '1:00PM - 2:00PM', 13, 6, 204, '2', NULL, NULL),
(64, 'Wednesday', '2:00PM - 3:00PM', 13, 6, 204, '2', NULL, NULL),
(65, 'Wednesday', '3:00PM - 4:00PM', 13, 6, 204, '2', NULL, NULL),
(66, 'Wednesday', '4:00PM - 5:00PM', 13, 6, 204, '2', NULL, NULL),
(67, 'Thursday', '7:30AM - 8:30AM', 13, 6, 204, '2', NULL, NULL),
(68, 'Thursday', '8:30AM - 9:30AM', 13, 6, 204, '2', NULL, NULL),
(69, 'Thursday', '9:45AM - 10:45AM', 13, 6, 204, '2', NULL, NULL),
(70, 'Thursday', '10:45AM - 11:45AM', 13, 6, 204, '2', NULL, NULL),
(71, 'Thursday', '1:00PM - 2:00PM', 13, 6, 204, '2', NULL, NULL),
(72, 'Thursday', '2:00PM - 3:00PM', 13, 6, 204, '2', NULL, NULL),
(73, 'Thursday', '3:00PM - 4:00PM', 13, 6, 204, '2', NULL, NULL),
(74, 'Thursday', '4:00PM - 5:00PM', 13, 6, 204, '2', NULL, NULL),
(75, 'Friday', '7:30AM - 8:30AM', 13, 6, 204, '2', NULL, NULL),
(76, 'Friday', '8:30AM - 9:30AM', 13, 6, 204, '2', NULL, NULL),
(77, 'Friday', '9:45AM - 10:45AM', 13, 6, 204, '2', NULL, NULL),
(78, 'Friday', '10:45AM - 11:45AM', 13, 6, 204, '2', NULL, NULL),
(79, 'Friday', '1:00PM - 2:00PM', 13, 6, 204, '2', NULL, NULL),
(80, 'Friday', '2:00PM - 3:00PM', 13, 6, 204, '2', NULL, NULL),
(81, 'Friday', '3:00PM - 4:00PM', 13, 6, 204, '2', NULL, NULL),
(82, 'Friday', '4:00PM - 5:00PM', 13, 6, 204, '2', NULL, NULL),
(83, 'Monday', '7:30AM - 8:30AM', 27, 24, 37, '3', NULL, '2023-11-17 21:20:08'),
(84, 'Monday', '8:30AM - 9:30AM', 13, 6, 204, '3', NULL, NULL),
(85, 'Monday', '9:45AM - 10:45AM', 13, 6, 204, '3', NULL, NULL),
(86, 'Monday', '10:45AM - 11:45AM', 13, 6, 204, '3', NULL, NULL),
(87, 'Monday', '1:00PM - 2:00PM', 13, 6, 204, '3', NULL, NULL),
(88, 'Monday', '2:00PM - 3:00PM', 13, 6, 204, '3', NULL, NULL),
(89, 'Monday', '3:00PM - 4:00PM', 13, 6, 204, '3', NULL, NULL),
(90, 'Monday', '4:00PM - 5:00PM', 13, 6, 204, '3', NULL, NULL),
(91, 'Tuesday', '7:30AM - 8:30AM', 6, 28, 33, '3', NULL, '2023-11-17 21:31:46'),
(92, 'Tuesday', '8:30AM - 9:30AM', 13, 6, 204, '3', NULL, NULL),
(93, 'Tuesday', '9:45AM - 10:45AM', 13, 6, 204, '3', NULL, NULL),
(94, 'Tuesday', '10:45AM - 11:45AM', 13, 6, 204, '3', NULL, NULL),
(95, 'Tuesday', '1:00PM - 2:00PM', 13, 6, 204, '3', NULL, NULL),
(96, 'Tuesday', '2:00PM - 3:00PM', 13, 6, 204, '3', NULL, NULL),
(97, 'Tuesday', '3:00PM - 4:00PM', 13, 6, 204, '3', NULL, NULL),
(98, 'Tuesday', '4:00PM - 5:00PM', 13, 6, 204, '3', NULL, NULL),
(99, 'Wednesday', '7:30AM - 8:30AM', 13, 6, 204, '3', NULL, NULL),
(100, 'Wednesday', '8:30AM - 9:30AM', 13, 6, 204, '3', NULL, NULL),
(101, 'Wednesday', '9:45AM - 10:45AM', 13, 6, 204, '3', NULL, NULL),
(102, 'Wednesday', '10:45AM - 11:45AM', 13, 6, 204, '3', NULL, NULL),
(103, 'Wednesday', '1:00PM - 2:00PM', 13, 6, 204, '3', NULL, NULL),
(104, 'Wednesday', '2:00PM - 3:00PM', 13, 6, 204, '3', NULL, NULL),
(105, 'Wednesday', '3:00PM - 4:00PM', 13, 6, 204, '3', NULL, NULL),
(106, 'Wednesday', '4:00PM - 5:00PM', 13, 6, 204, '3', NULL, NULL),
(107, 'Thursday', '7:30AM - 8:30AM', 13, 6, 204, '3', NULL, NULL),
(108, 'Thursday', '8:30AM - 9:30AM', 13, 6, 204, '3', NULL, NULL),
(109, 'Thursday', '9:45AM - 10:45AM', 13, 6, 204, '3', NULL, NULL),
(110, 'Thursday', '10:45AM - 11:45AM', 13, 6, 204, '3', NULL, NULL),
(111, 'Thursday', '1:00PM - 2:00PM', 13, 6, 204, '3', NULL, NULL),
(112, 'Thursday', '2:00PM - 3:00PM', 13, 6, 204, '3', NULL, NULL),
(113, 'Thursday', '3:00PM - 4:00PM', 13, 6, 204, '3', NULL, NULL),
(114, 'Thursday', '4:00PM - 5:00PM', 13, 6, 204, '3', NULL, NULL),
(115, 'Friday', '7:30AM - 8:30AM', 13, 6, 204, '3', NULL, NULL),
(116, 'Friday', '8:30AM - 9:30AM', 13, 6, 204, '3', NULL, NULL),
(117, 'Friday', '9:45AM - 10:45AM', 13, 6, 204, '3', NULL, NULL),
(118, 'Friday', '10:45AM - 11:45AM', 13, 6, 204, '3', NULL, NULL),
(119, 'Friday', '1:00PM - 2:00PM', 13, 6, 204, '3', NULL, NULL),
(120, 'Friday', '2:00PM - 3:00PM', 13, 6, 204, '3', NULL, NULL),
(121, 'Friday', '3:00PM - 4:00PM', 13, 6, 204, '3', NULL, NULL),
(122, 'Friday', '4:00PM - 5:00PM', 13, 6, 204, '3', NULL, NULL),
(123, 'Monday', '7:30AM - 8:30AM', 1, 28, 33, '4', NULL, '2023-11-18 22:46:18'),
(124, 'Monday', '8:30AM - 9:30AM', 13, 6, 204, '4', NULL, NULL),
(125, 'Monday', '9:45AM - 10:45AM', 13, 6, 204, '4', NULL, NULL),
(126, 'Monday', '10:45AM - 11:45AM', 13, 6, 204, '4', NULL, NULL),
(127, 'Monday', '1:00PM - 2:00PM', 13, 6, 204, '4', NULL, NULL),
(128, 'Monday', '2:00PM - 3:00PM', 13, 6, 204, '4', NULL, NULL),
(129, 'Monday', '3:00PM - 4:00PM', 13, 6, 204, '4', NULL, NULL),
(130, 'Monday', '4:00PM - 5:00PM', 13, 6, 204, '4', NULL, NULL),
(131, 'Tuesday', '7:30AM - 8:30AM', 13, 6, 204, '4', NULL, NULL),
(132, 'Tuesday', '8:30AM - 9:30AM', 13, 6, 204, '4', NULL, NULL),
(133, 'Tuesday', '9:45AM - 10:45AM', 13, 6, 204, '4', NULL, NULL),
(134, 'Tuesday', '10:45AM - 11:45AM', 13, 6, 204, '4', NULL, NULL),
(135, 'Tuesday', '1:00PM - 2:00PM', 13, 6, 204, '4', NULL, NULL),
(136, 'Tuesday', '2:00PM - 3:00PM', 13, 6, 204, '4', NULL, NULL),
(137, 'Tuesday', '3:00PM - 4:00PM', 13, 6, 204, '4', NULL, NULL),
(138, 'Tuesday', '4:00PM - 5:00PM', 13, 6, 204, '4', NULL, NULL),
(139, 'Wednesday', '7:30AM - 8:30AM', 13, 6, 204, '4', NULL, NULL),
(140, 'Wednesday', '8:30AM - 9:30AM', 13, 6, 204, '4', NULL, NULL),
(141, 'Wednesday', '9:45AM - 10:45AM', 13, 6, 204, '4', NULL, NULL),
(142, 'Wednesday', '10:45AM - 11:45AM', 13, 6, 204, '4', NULL, NULL),
(143, 'Wednesday', '1:00PM - 2:00PM', 13, 6, 204, '4', NULL, NULL),
(144, 'Wednesday', '2:00PM - 3:00PM', 13, 6, 204, '4', NULL, NULL),
(145, 'Wednesday', '3:00PM - 4:00PM', 13, 6, 204, '4', NULL, NULL),
(146, 'Wednesday', '4:00PM - 5:00PM', 13, 6, 204, '4', NULL, NULL),
(147, 'Thursday', '7:30AM - 8:30AM', 13, 6, 204, '4', NULL, NULL),
(148, 'Thursday', '8:30AM - 9:30AM', 13, 6, 204, '4', NULL, NULL),
(149, 'Thursday', '9:45AM - 10:45AM', 13, 6, 204, '4', NULL, NULL),
(150, 'Thursday', '10:45AM - 11:45AM', 13, 6, 204, '4', NULL, NULL),
(151, 'Thursday', '1:00PM - 2:00PM', 13, 6, 204, '4', NULL, NULL),
(152, 'Thursday', '2:00PM - 3:00PM', 13, 6, 204, '4', NULL, NULL),
(153, 'Thursday', '3:00PM - 4:00PM', 13, 6, 204, '4', NULL, NULL),
(154, 'Thursday', '4:00PM - 5:00PM', 13, 6, 204, '4', NULL, NULL),
(155, 'Friday', '7:30AM - 8:30AM', 13, 6, 204, '4', NULL, NULL),
(156, 'Friday', '8:30AM - 9:30AM', 13, 6, 204, '4', NULL, NULL),
(157, 'Friday', '9:45AM - 10:45AM', 13, 6, 204, '4', NULL, NULL),
(158, 'Friday', '10:45AM - 11:45AM', 13, 6, 204, '4', NULL, NULL),
(159, 'Friday', '1:00PM - 2:00PM', 13, 6, 204, '4', NULL, NULL),
(160, 'Friday', '2:00PM - 3:00PM', 13, 6, 204, '4', NULL, NULL),
(161, 'Friday', '3:00PM - 4:00PM', 13, 6, 204, '4', NULL, NULL),
(162, 'Friday', '4:00PM - 5:00PM', 13, 6, 204, '4', NULL, NULL),
(163, 'Monday', '7:30AM - 8:30AM', 13, 6, 204, '5', NULL, NULL),
(164, 'Monday', '8:30AM - 9:30AM', 13, 6, 204, '5', NULL, NULL),
(165, 'Monday', '9:45AM - 10:45AM', 13, 6, 204, '5', NULL, NULL),
(166, 'Monday', '10:45AM - 11:45AM', 13, 6, 204, '5', NULL, NULL),
(167, 'Monday', '1:00PM - 2:00PM', 13, 6, 204, '5', NULL, NULL),
(168, 'Monday', '2:00PM - 3:00PM', 13, 6, 204, '5', NULL, NULL),
(169, 'Monday', '3:00PM - 4:00PM', 13, 6, 204, '5', NULL, NULL),
(170, 'Monday', '4:00PM - 5:00PM', 13, 6, 204, '5', NULL, NULL),
(171, 'Tuesday', '7:30AM - 8:30AM', 9, 30, 65, '5', NULL, '2023-11-09 00:12:56'),
(172, 'Tuesday', '8:30AM - 9:30AM', 13, 6, 204, '5', NULL, NULL),
(173, 'Tuesday', '9:45AM - 10:45AM', 13, 6, 204, '5', NULL, NULL),
(174, 'Tuesday', '10:45AM - 11:45AM', 13, 6, 204, '5', NULL, NULL),
(175, 'Tuesday', '1:00PM - 2:00PM', 13, 6, 204, '5', NULL, NULL),
(176, 'Tuesday', '2:00PM - 3:00PM', 13, 6, 204, '5', NULL, NULL),
(177, 'Tuesday', '3:00PM - 4:00PM', 13, 6, 204, '5', NULL, NULL),
(178, 'Tuesday', '4:00PM - 5:00PM', 13, 6, 204, '5', NULL, NULL),
(179, 'Wednesday', '7:30AM - 8:30AM', 9, 31, 68, '5', NULL, '2023-11-09 00:13:03'),
(180, 'Wednesday', '8:30AM - 9:30AM', 13, 6, 204, '5', NULL, NULL),
(181, 'Wednesday', '9:45AM - 10:45AM', 13, 6, 204, '5', NULL, NULL),
(182, 'Wednesday', '10:45AM - 11:45AM', 13, 6, 204, '5', NULL, NULL),
(183, 'Wednesday', '1:00PM - 2:00PM', 13, 6, 204, '5', NULL, NULL),
(184, 'Wednesday', '2:00PM - 3:00PM', 13, 6, 204, '5', NULL, NULL),
(185, 'Wednesday', '3:00PM - 4:00PM', 13, 6, 204, '5', NULL, NULL),
(186, 'Wednesday', '4:00PM - 5:00PM', 13, 6, 204, '5', NULL, NULL),
(187, 'Thursday', '7:30AM - 8:30AM', 26, 25, 71, '5', NULL, '2023-11-17 20:58:59'),
(188, 'Thursday', '8:30AM - 9:30AM', 13, 6, 204, '5', NULL, NULL),
(189, 'Thursday', '9:45AM - 10:45AM', 13, 6, 204, '5', NULL, NULL),
(190, 'Thursday', '10:45AM - 11:45AM', 13, 6, 204, '5', NULL, NULL),
(191, 'Thursday', '1:00PM - 2:00PM', 13, 6, 204, '5', NULL, NULL),
(192, 'Thursday', '2:00PM - 3:00PM', 13, 6, 204, '5', NULL, NULL),
(193, 'Thursday', '3:00PM - 4:00PM', 13, 6, 204, '5', NULL, NULL),
(194, 'Thursday', '4:00PM - 5:00PM', 13, 6, 204, '5', NULL, NULL),
(195, 'Friday', '7:30AM - 8:30AM', 13, 6, 204, '5', NULL, NULL),
(196, 'Friday', '8:30AM - 9:30AM', 13, 6, 204, '5', NULL, NULL),
(197, 'Friday', '9:45AM - 10:45AM', 13, 6, 204, '5', NULL, NULL),
(198, 'Friday', '10:45AM - 11:45AM', 13, 6, 204, '5', NULL, NULL),
(199, 'Friday', '1:00PM - 2:00PM', 13, 6, 204, '5', NULL, NULL),
(200, 'Friday', '2:00PM - 3:00PM', 13, 6, 204, '5', NULL, NULL),
(201, 'Friday', '3:00PM - 4:00PM', 13, 6, 204, '5', NULL, NULL),
(202, 'Friday', '4:00PM - 5:00PM', 13, 6, 204, '5', NULL, NULL),
(203, 'Monday', '7:30AM - 8:30AM', 13, 6, 204, '6', NULL, '2023-10-03 06:17:58'),
(204, 'Monday', '8:30AM - 9:30AM', 13, 6, 204, '6', NULL, NULL),
(205, 'Monday', '9:45AM - 10:45AM', 13, 6, 204, '6', NULL, NULL),
(206, 'Monday', '10:45AM - 11:45AM', 13, 6, 204, '6', NULL, NULL),
(207, 'Monday', '1:00PM - 2:00PM', 13, 6, 204, '6', NULL, NULL),
(208, 'Monday', '2:00PM - 3:00PM', 13, 6, 204, '6', NULL, NULL),
(209, 'Monday', '3:00PM - 4:00PM', 13, 6, 204, '6', NULL, NULL),
(210, 'Monday', '4:00PM - 5:00PM', 13, 6, 204, '6', NULL, NULL),
(211, 'Tuesday', '7:30AM - 8:30AM', 13, 6, 204, '6', NULL, NULL),
(212, 'Tuesday', '8:30AM - 9:30AM', 13, 6, 204, '6', NULL, NULL),
(213, 'Tuesday', '9:45AM - 10:45AM', 13, 6, 204, '6', NULL, NULL),
(214, 'Tuesday', '10:45AM - 11:45AM', 13, 6, 204, '6', NULL, NULL),
(215, 'Tuesday', '1:00PM - 2:00PM', 13, 6, 204, '6', NULL, NULL),
(216, 'Tuesday', '2:00PM - 3:00PM', 13, 6, 204, '6', NULL, NULL),
(217, 'Tuesday', '3:00PM - 4:00PM', 13, 6, 204, '6', NULL, NULL),
(218, 'Tuesday', '4:00PM - 5:00PM', 13, 6, 204, '6', NULL, NULL),
(219, 'Wednesday', '7:30AM - 8:30AM', 13, 6, 204, '6', NULL, NULL),
(220, 'Wednesday', '8:30AM - 9:30AM', 13, 6, 204, '6', NULL, NULL),
(221, 'Wednesday', '9:45AM - 10:45AM', 13, 6, 204, '6', NULL, NULL),
(222, 'Wednesday', '10:45AM - 11:45AM', 13, 6, 204, '6', NULL, NULL),
(223, 'Wednesday', '1:00PM - 2:00PM', 13, 6, 204, '6', NULL, NULL),
(224, 'Wednesday', '2:00PM - 3:00PM', 13, 6, 204, '6', NULL, NULL),
(225, 'Wednesday', '3:00PM - 4:00PM', 13, 6, 204, '6', NULL, NULL),
(226, 'Wednesday', '4:00PM - 5:00PM', 13, 6, 204, '6', NULL, NULL),
(227, 'Thursday', '7:30AM - 8:30AM', 13, 6, 204, '6', NULL, NULL),
(228, 'Thursday', '8:30AM - 9:30AM', 13, 6, 204, '6', NULL, NULL),
(229, 'Thursday', '9:45AM - 10:45AM', 13, 6, 204, '6', NULL, NULL),
(230, 'Thursday', '10:45AM - 11:45AM', 13, 6, 204, '6', NULL, NULL),
(231, 'Thursday', '1:00PM - 2:00PM', 13, 6, 204, '6', NULL, NULL),
(232, 'Thursday', '2:00PM - 3:00PM', 13, 6, 204, '6', NULL, NULL),
(233, 'Thursday', '3:00PM - 4:00PM', 13, 6, 204, '6', NULL, NULL),
(234, 'Thursday', '4:00PM - 5:00PM', 13, 6, 204, '6', NULL, NULL),
(235, 'Friday', '7:30AM - 8:30AM', 13, 6, 204, '6', NULL, NULL),
(236, 'Friday', '8:30AM - 9:30AM', 13, 6, 204, '6', NULL, NULL),
(237, 'Friday', '9:45AM - 10:45AM', 13, 6, 204, '6', NULL, NULL),
(238, 'Friday', '10:45AM - 11:45AM', 13, 6, 204, '6', NULL, NULL),
(239, 'Friday', '1:00PM - 2:00PM', 13, 6, 204, '6', NULL, NULL),
(240, 'Friday', '2:00PM - 3:00PM', 13, 6, 204, '6', NULL, NULL),
(241, 'Friday', '3:00PM - 4:00PM', 13, 6, 204, '6', NULL, NULL),
(242, 'Friday', '4:00PM - 5:00PM', 13, 6, 204, '6', NULL, NULL),
(243, 'Monday', '7:30AM - 8:30AM', 13, 6, 204, '7', NULL, NULL),
(244, 'Monday', '8:30AM - 9:30AM', 13, 6, 204, '7', NULL, NULL),
(245, 'Monday', '9:45AM - 10:45AM', 13, 6, 204, '7', NULL, NULL),
(246, 'Monday', '10:45AM - 11:45AM', 13, 6, 204, '7', NULL, NULL),
(247, 'Monday', '1:00PM - 2:00PM', 13, 6, 204, '7', NULL, NULL),
(248, 'Monday', '2:00PM - 3:00PM', 13, 6, 204, '7', NULL, NULL),
(249, 'Monday', '3:00PM - 4:00PM', 13, 6, 204, '7', NULL, NULL),
(250, 'Monday', '4:00PM - 5:00PM', 13, 6, 204, '7', NULL, NULL),
(251, 'Tuesday', '7:30AM - 8:30AM', 13, 6, 204, '7', NULL, NULL),
(252, 'Tuesday', '8:30AM - 9:30AM', 13, 6, 204, '7', NULL, NULL),
(253, 'Tuesday', '9:45AM - 10:45AM', 13, 6, 204, '7', NULL, NULL),
(254, 'Tuesday', '10:45AM - 11:45AM', 13, 6, 204, '7', NULL, NULL),
(255, 'Tuesday', '1:00PM - 2:00PM', 13, 6, 204, '7', NULL, NULL),
(256, 'Tuesday', '2:00PM - 3:00PM', 13, 6, 204, '7', NULL, NULL),
(257, 'Tuesday', '3:00PM - 4:00PM', 13, 6, 204, '7', NULL, NULL),
(258, 'Tuesday', '4:00PM - 5:00PM', 13, 6, 204, '7', NULL, NULL),
(259, 'Wednesday', '7:30AM - 8:30AM', 13, 6, 204, '7', NULL, NULL),
(260, 'Wednesday', '8:30AM - 9:30AM', 13, 6, 204, '7', NULL, NULL),
(261, 'Wednesday', '9:45AM - 10:45AM', 13, 6, 204, '7', NULL, NULL),
(262, 'Wednesday', '10:45AM - 11:45AM', 13, 6, 204, '7', NULL, NULL),
(263, 'Wednesday', '1:00PM - 2:00PM', 13, 6, 204, '7', NULL, NULL),
(264, 'Wednesday', '2:00PM - 3:00PM', 13, 6, 204, '7', NULL, NULL),
(265, 'Wednesday', '3:00PM - 4:00PM', 13, 6, 204, '7', NULL, NULL),
(266, 'Wednesday', '4:00PM - 5:00PM', 13, 6, 204, '7', NULL, NULL),
(267, 'Thursday', '7:30AM - 8:30AM', 13, 6, 204, '7', NULL, NULL),
(268, 'Thursday', '8:30AM - 9:30AM', 13, 6, 204, '7', NULL, NULL),
(269, 'Thursday', '9:45AM - 10:45AM', 13, 6, 204, '7', NULL, NULL),
(270, 'Thursday', '10:45AM - 11:45AM', 13, 6, 204, '7', NULL, NULL),
(271, 'Thursday', '1:00PM - 2:00PM', 13, 6, 204, '7', NULL, NULL),
(272, 'Thursday', '2:00PM - 3:00PM', 13, 6, 204, '7', NULL, NULL),
(273, 'Thursday', '3:00PM - 4:00PM', 13, 6, 204, '7', NULL, NULL),
(274, 'Thursday', '4:00PM - 5:00PM', 13, 6, 204, '7', NULL, NULL),
(275, 'Friday', '7:30AM - 8:30AM', 13, 6, 204, '7', NULL, NULL),
(276, 'Friday', '8:30AM - 9:30AM', 13, 6, 204, '7', NULL, NULL),
(277, 'Friday', '9:45AM - 10:45AM', 13, 6, 204, '7', NULL, NULL),
(278, 'Friday', '10:45AM - 11:45AM', 13, 6, 204, '7', NULL, NULL),
(279, 'Friday', '1:00PM - 2:00PM', 13, 6, 204, '7', NULL, NULL),
(280, 'Friday', '2:00PM - 3:00PM', 13, 6, 204, '7', NULL, NULL),
(281, 'Friday', '3:00PM - 4:00PM', 13, 6, 204, '7', NULL, NULL),
(282, 'Friday', '4:00PM - 5:00PM', 13, 6, 204, '7', NULL, NULL),
(283, 'Monday', '7:30AM - 8:30AM', 13, 6, 204, '8', NULL, NULL),
(284, 'Monday', '8:30AM - 9:30AM', 13, 6, 204, '8', NULL, NULL),
(285, 'Monday', '9:45AM - 10:45AM', 13, 6, 204, '8', NULL, NULL),
(286, 'Monday', '10:45AM - 11:45AM', 13, 6, 204, '8', NULL, NULL),
(287, 'Monday', '1:00PM - 2:00PM', 13, 6, 204, '8', NULL, NULL),
(288, 'Monday', '2:00PM - 3:00PM', 13, 6, 204, '8', NULL, NULL),
(289, 'Monday', '3:00PM - 4:00PM', 13, 6, 204, '8', NULL, NULL),
(290, 'Monday', '4:00PM - 5:00PM', 13, 6, 204, '8', NULL, NULL),
(291, 'Tuesday', '7:30AM - 8:30AM', 13, 6, 204, '8', NULL, NULL),
(292, 'Tuesday', '8:30AM - 9:30AM', 13, 6, 204, '8', NULL, NULL),
(293, 'Tuesday', '9:45AM - 10:45AM', 13, 6, 204, '8', NULL, NULL),
(294, 'Tuesday', '10:45AM - 11:45AM', 13, 6, 204, '8', NULL, NULL),
(295, 'Tuesday', '1:00PM - 2:00PM', 13, 6, 204, '8', NULL, NULL),
(296, 'Tuesday', '2:00PM - 3:00PM', 13, 6, 204, '8', NULL, NULL),
(297, 'Tuesday', '3:00PM - 4:00PM', 13, 6, 204, '8', NULL, NULL),
(298, 'Tuesday', '4:00PM - 5:00PM', 13, 6, 204, '8', NULL, NULL),
(299, 'Wednesday', '7:30AM - 8:30AM', 13, 6, 204, '8', NULL, NULL),
(300, 'Wednesday', '8:30AM - 9:30AM', 13, 6, 204, '8', NULL, NULL),
(301, 'Wednesday', '9:45AM - 10:45AM', 13, 6, 204, '8', NULL, NULL),
(302, 'Wednesday', '10:45AM - 11:45AM', 13, 6, 204, '8', NULL, NULL),
(303, 'Wednesday', '1:00PM - 2:00PM', 13, 6, 204, '8', NULL, NULL),
(304, 'Wednesday', '2:00PM - 3:00PM', 13, 6, 204, '8', NULL, NULL),
(305, 'Wednesday', '3:00PM - 4:00PM', 13, 6, 204, '8', NULL, NULL),
(306, 'Wednesday', '4:00PM - 5:00PM', 13, 6, 204, '8', NULL, NULL),
(307, 'Thursday', '7:30AM - 8:30AM', 13, 6, 204, '8', NULL, NULL),
(308, 'Thursday', '8:30AM - 9:30AM', 13, 6, 204, '8', NULL, NULL),
(309, 'Thursday', '9:45AM - 10:45AM', 13, 6, 204, '8', NULL, NULL),
(310, 'Thursday', '10:45AM - 11:45AM', 13, 6, 204, '8', NULL, NULL),
(311, 'Thursday', '1:00PM - 2:00PM', 13, 6, 204, '8', NULL, NULL),
(312, 'Thursday', '2:00PM - 3:00PM', 13, 6, 204, '8', NULL, NULL),
(313, 'Thursday', '3:00PM - 4:00PM', 13, 6, 204, '8', NULL, NULL),
(314, 'Thursday', '4:00PM - 5:00PM', 13, 6, 204, '8', NULL, NULL),
(315, 'Friday', '7:30AM - 8:30AM', 13, 6, 204, '8', NULL, NULL),
(316, 'Friday', '8:30AM - 9:30AM', 13, 6, 204, '8', NULL, NULL),
(317, 'Friday', '9:45AM - 10:45AM', 13, 6, 204, '8', NULL, NULL),
(318, 'Friday', '10:45AM - 11:45AM', 13, 6, 204, '8', NULL, NULL),
(319, 'Friday', '1:00PM - 2:00PM', 13, 6, 204, '8', NULL, NULL),
(320, 'Friday', '2:00PM - 3:00PM', 13, 6, 204, '8', NULL, NULL),
(321, 'Friday', '3:00PM - 4:00PM', 13, 6, 204, '8', NULL, NULL),
(322, 'Friday', '4:00PM - 5:00PM', 13, 6, 204, '8', NULL, NULL),
(323, 'Monday', '7:30AM - 8:30AM', 13, 6, 204, '9', NULL, NULL),
(324, 'Monday', '8:30AM - 9:30AM', 13, 6, 204, '9', NULL, NULL),
(325, 'Monday', '9:45AM - 10:45AM', 13, 6, 204, '9', NULL, NULL),
(326, 'Monday', '10:45AM - 11:45AM', 13, 6, 204, '9', NULL, NULL),
(327, 'Monday', '1:00PM - 2:00PM', 13, 6, 204, '9', NULL, NULL),
(328, 'Monday', '2:00PM - 3:00PM', 13, 6, 204, '9', NULL, NULL),
(329, 'Monday', '3:00PM - 4:00PM', 13, 6, 204, '9', NULL, NULL),
(330, 'Monday', '4:00PM - 5:00PM', 13, 6, 204, '9', NULL, NULL),
(331, 'Tuesday', '7:30AM - 8:30AM', 13, 6, 204, '9', NULL, NULL),
(332, 'Tuesday', '8:30AM - 9:30AM', 13, 6, 204, '9', NULL, NULL),
(333, 'Tuesday', '9:45AM - 10:45AM', 13, 6, 204, '9', NULL, NULL),
(334, 'Tuesday', '10:45AM - 11:45AM', 13, 6, 204, '9', NULL, NULL),
(335, 'Tuesday', '1:00PM - 2:00PM', 13, 6, 204, '9', NULL, NULL),
(336, 'Tuesday', '2:00PM - 3:00PM', 13, 6, 204, '9', NULL, NULL),
(337, 'Tuesday', '3:00PM - 4:00PM', 13, 6, 204, '9', NULL, NULL),
(338, 'Tuesday', '4:00PM - 5:00PM', 13, 6, 204, '9', NULL, NULL),
(339, 'Wednesday', '7:30AM - 8:30AM', 13, 6, 204, '9', NULL, NULL),
(340, 'Wednesday', '8:30AM - 9:30AM', 13, 6, 204, '9', NULL, NULL),
(341, 'Wednesday', '9:45AM - 10:45AM', 13, 6, 204, '9', NULL, NULL),
(342, 'Wednesday', '10:45AM - 11:45AM', 13, 6, 204, '9', NULL, NULL),
(343, 'Wednesday', '1:00PM - 2:00PM', 13, 6, 204, '9', NULL, NULL),
(344, 'Wednesday', '2:00PM - 3:00PM', 13, 6, 204, '9', NULL, NULL),
(345, 'Wednesday', '3:00PM - 4:00PM', 13, 6, 204, '9', NULL, NULL),
(346, 'Wednesday', '4:00PM - 5:00PM', 13, 6, 204, '9', NULL, NULL),
(347, 'Thursday', '7:30AM - 8:30AM', 13, 6, 204, '9', NULL, NULL),
(348, 'Thursday', '8:30AM - 9:30AM', 13, 6, 204, '9', NULL, NULL),
(349, 'Thursday', '9:45AM - 10:45AM', 13, 6, 204, '9', NULL, NULL),
(350, 'Thursday', '10:45AM - 11:45AM', 13, 6, 204, '9', NULL, NULL),
(351, 'Thursday', '1:00PM - 2:00PM', 13, 6, 204, '9', NULL, NULL),
(352, 'Thursday', '2:00PM - 3:00PM', 13, 6, 204, '9', NULL, NULL),
(353, 'Thursday', '3:00PM - 4:00PM', 13, 6, 204, '9', NULL, NULL),
(354, 'Thursday', '4:00PM - 5:00PM', 13, 6, 204, '9', NULL, NULL),
(355, 'Friday', '7:30AM - 8:30AM', 13, 6, 204, '9', NULL, '2023-08-10 18:14:55'),
(356, 'Friday', '8:30AM - 9:30AM', 13, 6, 204, '9', NULL, NULL),
(357, 'Friday', '9:45AM - 10:45AM', 13, 6, 204, '9', NULL, NULL),
(358, 'Friday', '10:45AM - 11:45AM', 13, 6, 204, '9', NULL, NULL),
(359, 'Friday', '1:00PM - 2:00PM', 13, 6, 204, '9', NULL, NULL),
(360, 'Friday', '2:00PM - 3:00PM', 13, 6, 204, '9', NULL, NULL),
(361, 'Friday', '3:00PM - 4:00PM', 13, 6, 204, '9', NULL, NULL),
(362, 'Friday', '4:00PM - 5:00PM', 13, 6, 204, '9', NULL, NULL),
(363, 'Monday', '7:30AM - 8:30AM', 13, 6, 204, '10', NULL, NULL),
(364, 'Monday', '8:30AM - 9:30AM', 13, 6, 204, '10', NULL, NULL),
(365, 'Monday', '9:45AM - 10:45AM', 13, 6, 204, '10', NULL, NULL),
(366, 'Monday', '10:45AM - 11:45AM', 13, 6, 204, '10', NULL, NULL),
(367, 'Monday', '1:00PM - 2:00PM', 13, 6, 204, '10', NULL, NULL),
(368, 'Monday', '2:00PM - 3:00PM', 13, 6, 204, '10', NULL, NULL),
(369, 'Monday', '3:00PM - 4:00PM', 13, 6, 204, '10', NULL, NULL),
(370, 'Monday', '4:00PM - 5:00PM', 13, 6, 204, '10', NULL, NULL),
(371, 'Tuesday', '7:30AM - 8:30AM', 13, 6, 204, '10', NULL, NULL),
(372, 'Tuesday', '8:30AM - 9:30AM', 13, 6, 204, '10', NULL, NULL),
(373, 'Tuesday', '9:45AM - 10:45AM', 13, 6, 204, '10', NULL, NULL),
(374, 'Tuesday', '10:45AM - 11:45AM', 13, 6, 204, '10', NULL, NULL),
(375, 'Tuesday', '1:00PM - 2:00PM', 13, 6, 204, '10', NULL, NULL),
(376, 'Tuesday', '2:00PM - 3:00PM', 13, 6, 204, '10', NULL, NULL),
(377, 'Tuesday', '3:00PM - 4:00PM', 13, 6, 204, '10', NULL, NULL),
(378, 'Tuesday', '4:00PM - 5:00PM', 13, 6, 204, '10', NULL, NULL),
(379, 'Wednesday', '7:30AM - 8:30AM', 13, 6, 204, '10', NULL, NULL),
(380, 'Wednesday', '8:30AM - 9:30AM', 13, 6, 204, '10', NULL, NULL),
(381, 'Wednesday', '9:45AM - 10:45AM', 13, 6, 204, '10', NULL, NULL),
(382, 'Wednesday', '10:45AM - 11:45AM', 13, 6, 204, '10', NULL, NULL),
(383, 'Wednesday', '1:00PM - 2:00PM', 13, 6, 204, '10', NULL, NULL),
(384, 'Wednesday', '2:00PM - 3:00PM', 13, 6, 204, '10', NULL, NULL),
(385, 'Wednesday', '3:00PM - 4:00PM', 13, 6, 204, '10', NULL, NULL),
(386, 'Wednesday', '4:00PM - 5:00PM', 13, 6, 204, '10', NULL, NULL),
(387, 'Thursday', '7:30AM - 8:30AM', 13, 6, 204, '10', NULL, NULL),
(388, 'Thursday', '8:30AM - 9:30AM', 13, 6, 204, '10', NULL, NULL),
(389, 'Thursday', '9:45AM - 10:45AM', 13, 6, 204, '10', NULL, NULL),
(390, 'Thursday', '10:45AM - 11:45AM', 13, 6, 204, '10', NULL, NULL),
(391, 'Thursday', '1:00PM - 2:00PM', 13, 6, 204, '10', NULL, NULL),
(392, 'Thursday', '2:00PM - 3:00PM', 13, 6, 204, '10', NULL, NULL),
(393, 'Thursday', '3:00PM - 4:00PM', 13, 6, 204, '10', NULL, NULL),
(394, 'Thursday', '4:00PM - 5:00PM', 13, 6, 204, '10', NULL, NULL),
(395, 'Friday', '7:30AM - 8:30AM', 13, 6, 204, '10', NULL, NULL),
(396, 'Friday', '8:30AM - 9:30AM', 13, 6, 204, '10', NULL, NULL),
(397, 'Friday', '9:45AM - 10:45AM', 13, 6, 204, '10', NULL, NULL),
(398, 'Friday', '10:45AM - 11:45AM', 13, 6, 204, '10', NULL, NULL),
(399, 'Friday', '1:00PM - 2:00PM', 13, 6, 204, '10', NULL, NULL),
(400, 'Friday', '2:00PM - 3:00PM', 13, 6, 204, '10', NULL, NULL),
(401, 'Friday', '3:00PM - 4:00PM', 13, 6, 204, '10', NULL, NULL),
(402, 'Friday', '4:00PM - 5:00PM', 13, 6, 204, '10', NULL, NULL),
(403, 'Monday', '7:30AM - 8:30AM', 13, 6, 204, '11', NULL, NULL),
(404, 'Monday', '8:30AM - 9:30AM', 13, 6, 204, '11', NULL, NULL),
(405, 'Monday', '9:45AM - 10:45AM', 13, 6, 204, '11', NULL, NULL),
(406, 'Monday', '10:45AM - 11:45AM', 13, 6, 204, '11', NULL, NULL),
(407, 'Monday', '1:00PM - 2:00PM', 13, 6, 204, '11', NULL, NULL),
(408, 'Monday', '2:00PM - 3:00PM', 13, 6, 204, '11', NULL, NULL),
(409, 'Monday', '3:00PM - 4:00PM', 13, 6, 204, '11', NULL, NULL),
(410, 'Monday', '4:00PM - 5:00PM', 13, 6, 204, '11', NULL, NULL),
(411, 'Tuesday', '7:30AM - 8:30AM', 13, 6, 204, '11', NULL, NULL),
(412, 'Tuesday', '8:30AM - 9:30AM', 13, 6, 204, '11', NULL, NULL),
(413, 'Tuesday', '9:45AM - 10:45AM', 13, 6, 204, '11', NULL, NULL),
(414, 'Tuesday', '10:45AM - 11:45AM', 13, 6, 204, '11', NULL, NULL),
(415, 'Tuesday', '1:00PM - 2:00PM', 13, 6, 204, '11', NULL, NULL),
(416, 'Tuesday', '2:00PM - 3:00PM', 13, 6, 204, '11', NULL, NULL),
(417, 'Tuesday', '3:00PM - 4:00PM', 13, 6, 204, '11', NULL, NULL),
(418, 'Tuesday', '4:00PM - 5:00PM', 13, 6, 204, '11', NULL, NULL),
(419, 'Wednesday', '7:30AM - 8:30AM', 13, 6, 204, '11', NULL, NULL),
(420, 'Wednesday', '8:30AM - 9:30AM', 13, 6, 204, '11', NULL, NULL),
(421, 'Wednesday', '9:45AM - 10:45AM', 13, 6, 204, '11', NULL, NULL),
(422, 'Wednesday', '10:45AM - 11:45AM', 13, 6, 204, '11', NULL, NULL),
(423, 'Wednesday', '1:00PM - 2:00PM', 13, 6, 204, '11', NULL, NULL),
(424, 'Wednesday', '2:00PM - 3:00PM', 13, 6, 204, '11', NULL, NULL),
(425, 'Wednesday', '3:00PM - 4:00PM', 13, 6, 204, '11', NULL, NULL),
(426, 'Wednesday', '4:00PM - 5:00PM', 13, 6, 204, '11', NULL, NULL),
(427, 'Thursday', '7:30AM - 8:30AM', 13, 6, 204, '11', NULL, NULL),
(428, 'Thursday', '8:30AM - 9:30AM', 13, 6, 204, '11', NULL, NULL),
(429, 'Thursday', '9:45AM - 10:45AM', 13, 6, 204, '11', NULL, NULL),
(430, 'Thursday', '10:45AM - 11:45AM', 13, 6, 204, '11', NULL, NULL),
(431, 'Thursday', '1:00PM - 2:00PM', 13, 6, 204, '11', NULL, NULL),
(432, 'Thursday', '2:00PM - 3:00PM', 13, 6, 204, '11', NULL, NULL),
(433, 'Thursday', '3:00PM - 4:00PM', 13, 6, 204, '11', NULL, NULL),
(434, 'Thursday', '4:00PM - 5:00PM', 13, 6, 204, '11', NULL, NULL),
(435, 'Friday', '7:30AM - 8:30AM', 13, 6, 204, '11', NULL, NULL),
(436, 'Friday', '8:30AM - 9:30AM', 13, 6, 204, '11', NULL, NULL),
(437, 'Friday', '9:45AM - 10:45AM', 13, 6, 204, '11', NULL, NULL),
(438, 'Friday', '10:45AM - 11:45AM', 13, 6, 204, '11', NULL, NULL),
(439, 'Friday', '1:00PM - 2:00PM', 13, 6, 204, '11', NULL, NULL),
(440, 'Friday', '2:00PM - 3:00PM', 13, 6, 204, '11', NULL, NULL),
(441, 'Friday', '3:00PM - 4:00PM', 13, 6, 204, '11', NULL, NULL),
(442, 'Friday', '4:00PM - 5:00PM', 13, 6, 204, '11', NULL, NULL),
(443, 'Monday', '7:30AM - 8:30AM', 13, 6, 204, '12', NULL, NULL),
(444, 'Monday', '8:30AM - 9:30AM', 13, 6, 204, '12', NULL, NULL),
(445, 'Monday', '9:45AM - 10:45AM', 13, 6, 204, '12', NULL, NULL),
(446, 'Monday', '10:45AM - 11:45AM', 13, 6, 204, '12', NULL, NULL),
(447, 'Monday', '1:00PM - 2:00PM', 13, 6, 204, '12', NULL, NULL),
(448, 'Monday', '2:00PM - 3:00PM', 13, 6, 204, '12', NULL, NULL),
(449, 'Monday', '3:00PM - 4:00PM', 13, 6, 204, '12', NULL, NULL),
(450, 'Monday', '4:00PM - 5:00PM', 13, 6, 204, '12', NULL, NULL),
(451, 'Tuesday', '7:30AM - 8:30AM', 13, 6, 204, '12', NULL, NULL),
(452, 'Tuesday', '8:30AM - 9:30AM', 13, 6, 204, '12', NULL, NULL),
(453, 'Tuesday', '9:45AM - 10:45AM', 13, 6, 204, '12', NULL, NULL),
(454, 'Tuesday', '10:45AM - 11:45AM', 13, 6, 204, '12', NULL, NULL),
(455, 'Tuesday', '1:00PM - 2:00PM', 13, 6, 204, '12', NULL, NULL),
(456, 'Tuesday', '2:00PM - 3:00PM', 13, 6, 204, '12', NULL, NULL),
(457, 'Tuesday', '3:00PM - 4:00PM', 13, 6, 204, '12', NULL, NULL),
(458, 'Tuesday', '4:00PM - 5:00PM', 13, 6, 204, '12', NULL, NULL),
(459, 'Wednesday', '7:30AM - 8:30AM', 13, 6, 204, '12', NULL, NULL),
(460, 'Wednesday', '8:30AM - 9:30AM', 13, 6, 204, '12', NULL, NULL),
(461, 'Wednesday', '9:45AM - 10:45AM', 13, 6, 204, '12', NULL, NULL),
(462, 'Wednesday', '10:45AM - 11:45AM', 13, 6, 204, '12', NULL, NULL),
(463, 'Wednesday', '1:00PM - 2:00PM', 13, 6, 204, '12', NULL, NULL),
(464, 'Wednesday', '2:00PM - 3:00PM', 13, 6, 204, '12', NULL, NULL),
(465, 'Wednesday', '3:00PM - 4:00PM', 13, 6, 204, '12', NULL, NULL),
(466, 'Wednesday', '4:00PM - 5:00PM', 13, 6, 204, '12', NULL, NULL),
(467, 'Thursday', '7:30AM - 8:30AM', 13, 6, 204, '12', NULL, NULL),
(468, 'Thursday', '8:30AM - 9:30AM', 13, 6, 204, '12', NULL, NULL),
(469, 'Thursday', '9:45AM - 10:45AM', 13, 6, 204, '12', NULL, NULL),
(470, 'Thursday', '10:45AM - 11:45AM', 13, 6, 204, '12', NULL, NULL),
(471, 'Thursday', '1:00PM - 2:00PM', 13, 6, 204, '12', NULL, NULL),
(472, 'Thursday', '2:00PM - 3:00PM', 13, 6, 204, '12', NULL, NULL),
(473, 'Thursday', '3:00PM - 4:00PM', 13, 6, 204, '12', NULL, NULL),
(474, 'Thursday', '4:00PM - 5:00PM', 13, 6, 204, '12', NULL, NULL),
(475, 'Friday', '7:30AM - 8:30AM', 13, 6, 204, '12', NULL, NULL),
(476, 'Friday', '8:30AM - 9:30AM', 13, 6, 204, '12', NULL, NULL),
(477, 'Friday', '9:45AM - 10:45AM', 13, 6, 204, '12', NULL, NULL),
(478, 'Friday', '10:45AM - 11:45AM', 13, 6, 204, '12', NULL, NULL),
(479, 'Friday', '1:00PM - 2:00PM', 13, 6, 204, '12', NULL, NULL),
(480, 'Friday', '2:00PM - 3:00PM', 13, 6, 204, '12', NULL, NULL),
(481, 'Friday', '3:00PM - 4:00PM', 13, 6, 204, '12', NULL, NULL),
(482, 'Friday', '4:00PM - 5:00PM', 13, 6, 204, '12', NULL, NULL),
(483, 'Monday', '7:30AM - 8:30AM', 13, 6, 204, '13', NULL, NULL),
(484, 'Monday', '8:30AM - 9:30AM', 13, 6, 204, '13', NULL, NULL),
(485, 'Monday', '9:45AM - 10:45AM', 13, 6, 204, '13', NULL, NULL),
(486, 'Monday', '10:45AM - 11:45AM', 13, 6, 204, '13', NULL, NULL),
(487, 'Monday', '1:00PM - 2:00PM', 13, 6, 204, '13', NULL, NULL),
(488, 'Monday', '2:00PM - 3:00PM', 13, 6, 204, '13', NULL, NULL),
(489, 'Monday', '3:00PM - 4:00PM', 13, 6, 204, '13', NULL, NULL),
(490, 'Monday', '4:00PM - 5:00PM', 13, 6, 204, '13', NULL, NULL),
(491, 'Tuesday', '7:30AM - 8:30AM', 13, 6, 204, '13', NULL, NULL),
(492, 'Tuesday', '8:30AM - 9:30AM', 13, 6, 204, '13', NULL, NULL),
(493, 'Tuesday', '9:45AM - 10:45AM', 13, 6, 204, '13', NULL, NULL),
(494, 'Tuesday', '10:45AM - 11:45AM', 13, 6, 204, '13', NULL, NULL),
(495, 'Tuesday', '1:00PM - 2:00PM', 13, 6, 204, '13', NULL, NULL),
(496, 'Tuesday', '2:00PM - 3:00PM', 13, 6, 204, '13', NULL, NULL),
(497, 'Tuesday', '3:00PM - 4:00PM', 13, 6, 204, '13', NULL, NULL),
(498, 'Tuesday', '4:00PM - 5:00PM', 13, 6, 204, '13', NULL, NULL),
(499, 'Wednesday', '7:30AM - 8:30AM', 13, 6, 204, '13', NULL, NULL),
(500, 'Wednesday', '8:30AM - 9:30AM', 13, 6, 204, '13', NULL, NULL),
(501, 'Wednesday', '9:45AM - 10:45AM', 13, 6, 204, '13', NULL, NULL),
(502, 'Wednesday', '10:45AM - 11:45AM', 13, 6, 204, '13', NULL, NULL),
(503, 'Wednesday', '1:00PM - 2:00PM', 13, 6, 204, '13', NULL, NULL),
(504, 'Wednesday', '2:00PM - 3:00PM', 13, 6, 204, '13', NULL, NULL),
(505, 'Wednesday', '3:00PM - 4:00PM', 13, 6, 204, '13', NULL, NULL),
(506, 'Wednesday', '4:00PM - 5:00PM', 13, 6, 204, '13', NULL, NULL),
(507, 'Thursday', '7:30AM - 8:30AM', 13, 6, 204, '13', NULL, NULL),
(508, 'Thursday', '8:30AM - 9:30AM', 13, 6, 204, '13', NULL, NULL),
(509, 'Thursday', '9:45AM - 10:45AM', 13, 6, 204, '13', NULL, NULL),
(510, 'Thursday', '10:45AM - 11:45AM', 13, 6, 204, '13', NULL, NULL),
(511, 'Thursday', '1:00PM - 2:00PM', 13, 6, 204, '13', NULL, NULL),
(512, 'Thursday', '2:00PM - 3:00PM', 13, 6, 204, '13', NULL, NULL),
(513, 'Thursday', '3:00PM - 4:00PM', 13, 6, 204, '13', NULL, NULL),
(514, 'Thursday', '4:00PM - 5:00PM', 13, 6, 204, '13', NULL, NULL),
(515, 'Friday', '7:30AM - 8:30AM', 13, 6, 204, '13', NULL, NULL),
(516, 'Friday', '8:30AM - 9:30AM', 13, 6, 204, '13', NULL, NULL),
(517, 'Friday', '9:45AM - 10:45AM', 13, 6, 204, '13', NULL, NULL),
(518, 'Friday', '10:45AM - 11:45AM', 13, 6, 204, '13', NULL, NULL),
(519, 'Friday', '1:00PM - 2:00PM', 13, 6, 204, '13', NULL, NULL),
(520, 'Friday', '2:00PM - 3:00PM', 13, 6, 204, '13', NULL, NULL),
(521, 'Friday', '3:00PM - 4:00PM', 13, 6, 204, '13', NULL, NULL),
(522, 'Friday', '4:00PM - 5:00PM', 13, 6, 204, '13', NULL, NULL),
(523, 'Monday', '7:30AM - 8:30AM', 13, 6, 204, '14', NULL, NULL),
(524, 'Monday', '8:30AM - 9:30AM', 13, 6, 204, '14', NULL, NULL),
(525, 'Monday', '9:45AM - 10:45AM', 13, 6, 204, '14', NULL, NULL),
(526, 'Monday', '10:45AM - 11:45AM', 13, 6, 204, '14', NULL, NULL),
(527, 'Monday', '1:00PM - 2:00PM', 13, 6, 204, '14', NULL, NULL),
(528, 'Monday', '2:00PM - 3:00PM', 13, 6, 204, '14', NULL, NULL),
(529, 'Monday', '3:00PM - 4:00PM', 13, 6, 204, '14', NULL, NULL),
(530, 'Monday', '4:00PM - 5:00PM', 13, 6, 204, '14', NULL, NULL),
(531, 'Tuesday', '7:30AM - 8:30AM', 13, 6, 204, '14', NULL, NULL),
(532, 'Tuesday', '8:30AM - 9:30AM', 13, 6, 204, '14', NULL, NULL),
(533, 'Tuesday', '9:45AM - 10:45AM', 13, 6, 204, '14', NULL, NULL),
(534, 'Tuesday', '10:45AM - 11:45AM', 13, 6, 204, '14', NULL, NULL),
(535, 'Tuesday', '1:00PM - 2:00PM', 13, 6, 204, '14', NULL, NULL),
(536, 'Tuesday', '2:00PM - 3:00PM', 13, 6, 204, '14', NULL, NULL),
(537, 'Tuesday', '3:00PM - 4:00PM', 13, 6, 204, '14', NULL, NULL),
(538, 'Tuesday', '4:00PM - 5:00PM', 13, 6, 204, '14', NULL, NULL),
(539, 'Wednesday', '7:30AM - 8:30AM', 13, 6, 204, '14', NULL, NULL),
(540, 'Wednesday', '8:30AM - 9:30AM', 13, 6, 204, '14', NULL, NULL),
(541, 'Wednesday', '9:45AM - 10:45AM', 13, 6, 204, '14', NULL, NULL),
(542, 'Wednesday', '10:45AM - 11:45AM', 13, 6, 204, '14', NULL, NULL),
(543, 'Wednesday', '1:00PM - 2:00PM', 13, 6, 204, '14', NULL, NULL),
(544, 'Wednesday', '2:00PM - 3:00PM', 13, 6, 204, '14', NULL, NULL),
(545, 'Wednesday', '3:00PM - 4:00PM', 13, 6, 204, '14', NULL, NULL),
(546, 'Wednesday', '4:00PM - 5:00PM', 13, 6, 204, '14', NULL, NULL),
(547, 'Thursday', '7:30AM - 8:30AM', 13, 6, 204, '14', NULL, NULL),
(548, 'Thursday', '8:30AM - 9:30AM', 13, 6, 204, '14', NULL, NULL),
(549, 'Thursday', '9:45AM - 10:45AM', 13, 6, 204, '14', NULL, NULL),
(550, 'Thursday', '10:45AM - 11:45AM', 13, 6, 204, '14', NULL, NULL),
(551, 'Thursday', '1:00PM - 2:00PM', 13, 6, 204, '14', NULL, NULL),
(552, 'Thursday', '2:00PM - 3:00PM', 13, 6, 204, '14', NULL, NULL),
(553, 'Thursday', '3:00PM - 4:00PM', 13, 6, 204, '14', NULL, NULL),
(554, 'Thursday', '4:00PM - 5:00PM', 13, 6, 204, '14', NULL, NULL),
(555, 'Friday', '7:30AM - 8:30AM', 13, 6, 204, '14', NULL, NULL),
(556, 'Friday', '8:30AM - 9:30AM', 13, 6, 204, '14', NULL, NULL),
(557, 'Friday', '9:45AM - 10:45AM', 13, 6, 204, '14', NULL, NULL),
(558, 'Friday', '10:45AM - 11:45AM', 13, 6, 204, '14', NULL, NULL),
(559, 'Friday', '1:00PM - 2:00PM', 13, 6, 204, '14', NULL, NULL),
(560, 'Friday', '2:00PM - 3:00PM', 13, 6, 204, '14', NULL, NULL),
(561, 'Friday', '3:00PM - 4:00PM', 13, 6, 204, '14', NULL, NULL),
(562, 'Friday', '4:00PM - 5:00PM', 13, 6, 204, '14', NULL, NULL),
(563, 'Monday', '7:30AM - 8:30AM', 13, 6, 204, '15', NULL, NULL),
(564, 'Monday', '8:30AM - 9:30AM', 13, 6, 204, '15', NULL, NULL),
(565, 'Monday', '9:45AM - 10:45AM', 13, 6, 204, '15', NULL, NULL),
(566, 'Monday', '10:45AM - 11:45AM', 13, 6, 204, '15', NULL, NULL),
(567, 'Monday', '1:00PM - 2:00PM', 13, 6, 204, '15', NULL, NULL),
(568, 'Monday', '2:00PM - 3:00PM', 13, 6, 204, '15', NULL, NULL),
(569, 'Monday', '3:00PM - 4:00PM', 13, 6, 204, '15', NULL, NULL),
(570, 'Monday', '4:00PM - 5:00PM', 13, 6, 204, '15', NULL, NULL),
(571, 'Tuesday', '7:30AM - 8:30AM', 13, 6, 204, '15', NULL, NULL),
(572, 'Tuesday', '8:30AM - 9:30AM', 13, 6, 204, '15', NULL, NULL),
(573, 'Tuesday', '9:45AM - 10:45AM', 13, 6, 204, '15', NULL, NULL),
(574, 'Tuesday', '10:45AM - 11:45AM', 13, 6, 204, '15', NULL, NULL),
(575, 'Tuesday', '1:00PM - 2:00PM', 13, 6, 204, '15', NULL, NULL),
(576, 'Tuesday', '2:00PM - 3:00PM', 13, 6, 204, '15', NULL, NULL),
(577, 'Tuesday', '3:00PM - 4:00PM', 13, 6, 204, '15', NULL, NULL),
(578, 'Tuesday', '4:00PM - 5:00PM', 13, 6, 204, '15', NULL, NULL),
(579, 'Wednesday', '7:30AM - 8:30AM', 13, 6, 204, '15', NULL, NULL),
(580, 'Wednesday', '8:30AM - 9:30AM', 13, 6, 204, '15', NULL, NULL),
(581, 'Wednesday', '9:45AM - 10:45AM', 13, 6, 204, '15', NULL, NULL),
(582, 'Wednesday', '10:45AM - 11:45AM', 13, 6, 204, '15', NULL, NULL),
(583, 'Wednesday', '1:00PM - 2:00PM', 13, 6, 204, '15', NULL, NULL),
(584, 'Wednesday', '2:00PM - 3:00PM', 13, 6, 204, '15', NULL, NULL),
(585, 'Wednesday', '3:00PM - 4:00PM', 13, 6, 204, '15', NULL, NULL),
(586, 'Wednesday', '4:00PM - 5:00PM', 13, 6, 204, '15', NULL, NULL),
(587, 'Thursday', '7:30AM - 8:30AM', 13, 6, 204, '15', NULL, NULL),
(588, 'Thursday', '8:30AM - 9:30AM', 13, 6, 204, '15', NULL, NULL),
(589, 'Thursday', '9:45AM - 10:45AM', 13, 6, 204, '15', NULL, NULL),
(590, 'Thursday', '10:45AM - 11:45AM', 13, 6, 204, '15', NULL, NULL),
(591, 'Thursday', '1:00PM - 2:00PM', 13, 6, 204, '15', NULL, NULL),
(592, 'Thursday', '2:00PM - 3:00PM', 13, 6, 204, '15', NULL, NULL),
(593, 'Thursday', '3:00PM - 4:00PM', 13, 6, 204, '15', NULL, NULL),
(594, 'Thursday', '4:00PM - 5:00PM', 13, 6, 204, '15', NULL, NULL),
(595, 'Friday', '7:30AM - 8:30AM', 13, 6, 204, '15', NULL, NULL),
(596, 'Friday', '8:30AM - 9:30AM', 13, 6, 204, '15', NULL, NULL),
(597, 'Friday', '9:45AM - 10:45AM', 13, 6, 204, '15', NULL, NULL),
(598, 'Friday', '10:45AM - 11:45AM', 13, 6, 204, '15', NULL, NULL),
(599, 'Friday', '1:00PM - 2:00PM', 13, 6, 204, '15', NULL, NULL),
(600, 'Friday', '2:00PM - 3:00PM', 13, 6, 204, '15', NULL, NULL),
(601, 'Friday', '3:00PM - 4:00PM', 13, 6, 204, '15', NULL, NULL),
(602, 'Friday', '4:00PM - 5:00PM', 13, 6, 204, '15', NULL, NULL),
(603, 'Monday', '7:30AM - 8:30AM', 13, 6, 204, '16', NULL, NULL),
(604, 'Monday', '8:30AM - 9:30AM', 13, 6, 204, '16', NULL, NULL),
(605, 'Monday', '9:45AM - 10:45AM', 13, 6, 204, '16', NULL, NULL),
(606, 'Monday', '10:45AM - 11:45AM', 13, 6, 204, '16', NULL, NULL),
(607, 'Monday', '1:00PM - 2:00PM', 13, 6, 204, '16', NULL, NULL),
(608, 'Monday', '2:00PM - 3:00PM', 13, 6, 204, '16', NULL, NULL),
(609, 'Monday', '3:00PM - 4:00PM', 13, 6, 204, '16', NULL, NULL),
(610, 'Monday', '4:00PM - 5:00PM', 13, 6, 204, '16', NULL, NULL),
(611, 'Tuesday', '7:30AM - 8:30AM', 13, 6, 204, '16', NULL, NULL),
(612, 'Tuesday', '8:30AM - 9:30AM', 13, 6, 204, '16', NULL, NULL),
(613, 'Tuesday', '9:45AM - 10:45AM', 13, 6, 204, '16', NULL, NULL),
(614, 'Tuesday', '10:45AM - 11:45AM', 13, 6, 204, '16', NULL, NULL),
(615, 'Tuesday', '1:00PM - 2:00PM', 13, 6, 204, '16', NULL, NULL),
(616, 'Tuesday', '2:00PM - 3:00PM', 13, 6, 204, '16', NULL, NULL),
(617, 'Tuesday', '3:00PM - 4:00PM', 13, 6, 204, '16', NULL, NULL),
(618, 'Tuesday', '4:00PM - 5:00PM', 13, 6, 204, '16', NULL, NULL),
(619, 'Wednesday', '7:30AM - 8:30AM', 13, 6, 204, '16', NULL, NULL),
(620, 'Wednesday', '8:30AM - 9:30AM', 13, 6, 204, '16', NULL, NULL),
(621, 'Wednesday', '9:45AM - 10:45AM', 13, 6, 204, '16', NULL, NULL),
(622, 'Wednesday', '10:45AM - 11:45AM', 13, 6, 204, '16', NULL, NULL),
(623, 'Wednesday', '1:00PM - 2:00PM', 13, 6, 204, '16', NULL, NULL),
(624, 'Wednesday', '2:00PM - 3:00PM', 13, 6, 204, '16', NULL, NULL),
(625, 'Wednesday', '3:00PM - 4:00PM', 13, 6, 204, '16', NULL, NULL),
(626, 'Wednesday', '4:00PM - 5:00PM', 13, 6, 204, '16', NULL, NULL),
(627, 'Thursday', '7:30AM - 8:30AM', 13, 6, 204, '16', NULL, NULL),
(628, 'Thursday', '8:30AM - 9:30AM', 13, 6, 204, '16', NULL, NULL),
(629, 'Thursday', '9:45AM - 10:45AM', 13, 6, 204, '16', NULL, NULL),
(630, 'Thursday', '10:45AM - 11:45AM', 13, 6, 204, '16', NULL, NULL),
(631, 'Thursday', '1:00PM - 2:00PM', 13, 6, 204, '16', NULL, NULL),
(632, 'Thursday', '2:00PM - 3:00PM', 13, 6, 204, '16', NULL, NULL),
(633, 'Thursday', '3:00PM - 4:00PM', 13, 6, 204, '16', NULL, NULL),
(634, 'Thursday', '4:00PM - 5:00PM', 13, 6, 204, '16', NULL, NULL),
(635, 'Friday', '7:30AM - 8:30AM', 13, 6, 204, '16', NULL, NULL),
(636, 'Friday', '8:30AM - 9:30AM', 13, 6, 204, '16', NULL, NULL),
(637, 'Friday', '9:45AM - 10:45AM', 13, 6, 204, '16', NULL, NULL),
(638, 'Friday', '10:45AM - 11:45AM', 13, 6, 204, '16', NULL, NULL),
(639, 'Friday', '1:00PM - 2:00PM', 13, 6, 204, '16', NULL, NULL),
(640, 'Friday', '2:00PM - 3:00PM', 13, 6, 204, '16', NULL, NULL),
(641, 'Friday', '3:00PM - 4:00PM', 13, 6, 204, '16', NULL, NULL),
(642, 'Friday', '4:00PM - 5:00PM', 13, 6, 204, '16', NULL, NULL),
(643, 'Monday', '7:30AM - 8:30AM', 13, 6, 204, '17', NULL, NULL),
(644, 'Monday', '8:30AM - 9:30AM', 13, 6, 204, '17', NULL, NULL),
(645, 'Monday', '9:45AM - 10:45AM', 13, 6, 204, '17', NULL, NULL),
(646, 'Monday', '10:45AM - 11:45AM', 13, 6, 204, '17', NULL, NULL),
(647, 'Monday', '1:00PM - 2:00PM', 13, 6, 204, '17', NULL, NULL),
(648, 'Monday', '2:00PM - 3:00PM', 13, 6, 204, '17', NULL, NULL),
(649, 'Monday', '3:00PM - 4:00PM', 13, 6, 204, '17', NULL, NULL),
(650, 'Monday', '4:00PM - 5:00PM', 13, 6, 204, '17', NULL, NULL),
(651, 'Tuesday', '7:30AM - 8:30AM', 13, 6, 204, '17', NULL, NULL),
(652, 'Tuesday', '8:30AM - 9:30AM', 13, 6, 204, '17', NULL, NULL),
(653, 'Tuesday', '9:45AM - 10:45AM', 13, 6, 204, '17', NULL, NULL),
(654, 'Tuesday', '10:45AM - 11:45AM', 13, 6, 204, '17', NULL, NULL),
(655, 'Tuesday', '1:00PM - 2:00PM', 13, 6, 204, '17', NULL, NULL),
(656, 'Tuesday', '2:00PM - 3:00PM', 13, 6, 204, '17', NULL, NULL),
(657, 'Tuesday', '3:00PM - 4:00PM', 13, 6, 204, '17', NULL, NULL),
(658, 'Tuesday', '4:00PM - 5:00PM', 13, 6, 204, '17', NULL, NULL),
(659, 'Wednesday', '7:30AM - 8:30AM', 13, 6, 204, '17', NULL, NULL),
(660, 'Wednesday', '8:30AM - 9:30AM', 13, 6, 204, '17', NULL, NULL),
(661, 'Wednesday', '9:45AM - 10:45AM', 13, 6, 204, '17', NULL, NULL),
(662, 'Wednesday', '10:45AM - 11:45AM', 13, 6, 204, '17', NULL, NULL),
(663, 'Wednesday', '1:00PM - 2:00PM', 13, 6, 204, '17', NULL, NULL),
(664, 'Wednesday', '2:00PM - 3:00PM', 13, 6, 204, '17', NULL, NULL),
(665, 'Wednesday', '3:00PM - 4:00PM', 13, 6, 204, '17', NULL, NULL),
(666, 'Wednesday', '4:00PM - 5:00PM', 13, 6, 204, '17', NULL, NULL),
(667, 'Thursday', '7:30AM - 8:30AM', 13, 6, 204, '17', NULL, NULL),
(668, 'Thursday', '8:30AM - 9:30AM', 13, 6, 204, '17', NULL, NULL),
(669, 'Thursday', '9:45AM - 10:45AM', 13, 6, 204, '17', NULL, NULL),
(670, 'Thursday', '10:45AM - 11:45AM', 13, 6, 204, '17', NULL, NULL),
(671, 'Thursday', '1:00PM - 2:00PM', 13, 6, 204, '17', NULL, NULL),
(672, 'Thursday', '2:00PM - 3:00PM', 13, 6, 204, '17', NULL, NULL),
(673, 'Thursday', '3:00PM - 4:00PM', 13, 6, 204, '17', NULL, NULL),
(674, 'Thursday', '4:00PM - 5:00PM', 13, 6, 204, '17', NULL, NULL),
(675, 'Friday', '7:30AM - 8:30AM', 13, 6, 204, '17', NULL, NULL),
(676, 'Friday', '8:30AM - 9:30AM', 13, 6, 204, '17', NULL, NULL),
(677, 'Friday', '9:45AM - 10:45AM', 13, 6, 204, '17', NULL, NULL),
(678, 'Friday', '10:45AM - 11:45AM', 13, 6, 204, '17', NULL, NULL),
(679, 'Friday', '1:00PM - 2:00PM', 13, 6, 204, '17', NULL, NULL),
(680, 'Friday', '2:00PM - 3:00PM', 13, 6, 204, '17', NULL, NULL),
(681, 'Friday', '3:00PM - 4:00PM', 13, 6, 204, '17', NULL, NULL),
(682, 'Friday', '4:00PM - 5:00PM', 13, 6, 204, '17', NULL, NULL),
(683, 'Monday', '7:30AM - 8:30AM', 21, 6, 83, '18', NULL, '2023-11-20 21:57:16'),
(684, 'Monday', '8:30AM - 9:30AM', 13, 6, 204, '18', NULL, NULL),
(685, 'Monday', '9:45AM - 10:45AM', 13, 6, 204, '18', NULL, NULL),
(686, 'Monday', '10:45AM - 11:45AM', 13, 6, 204, '18', NULL, NULL),
(687, 'Monday', '1:00PM - 2:00PM', 13, 6, 204, '18', NULL, NULL),
(688, 'Monday', '2:00PM - 3:00PM', 13, 6, 204, '18', NULL, NULL),
(689, 'Monday', '3:00PM - 4:00PM', 13, 6, 204, '18', NULL, NULL),
(690, 'Monday', '4:00PM - 5:00PM', 13, 6, 204, '18', NULL, NULL),
(691, 'Tuesday', '7:30AM - 8:30AM', 10, 6, 85, '18', NULL, '2023-11-20 21:57:26'),
(692, 'Tuesday', '8:30AM - 9:30AM', 13, 6, 204, '18', NULL, NULL),
(693, 'Tuesday', '9:45AM - 10:45AM', 13, 6, 204, '18', NULL, NULL),
(694, 'Tuesday', '10:45AM - 11:45AM', 13, 6, 204, '18', NULL, NULL),
(695, 'Tuesday', '1:00PM - 2:00PM', 13, 6, 204, '18', NULL, NULL),
(696, 'Tuesday', '2:00PM - 3:00PM', 13, 6, 204, '18', NULL, NULL),
(697, 'Tuesday', '3:00PM - 4:00PM', 13, 6, 204, '18', NULL, NULL),
(698, 'Tuesday', '4:00PM - 5:00PM', 13, 6, 204, '18', NULL, NULL),
(699, 'Wednesday', '7:30AM - 8:30AM', 13, 6, 204, '18', NULL, NULL),
(700, 'Wednesday', '8:30AM - 9:30AM', 13, 6, 204, '18', NULL, NULL),
(701, 'Wednesday', '9:45AM - 10:45AM', 13, 6, 204, '18', NULL, NULL),
(702, 'Wednesday', '10:45AM - 11:45AM', 13, 6, 204, '18', NULL, NULL),
(703, 'Wednesday', '1:00PM - 2:00PM', 13, 6, 204, '18', NULL, NULL),
(704, 'Wednesday', '2:00PM - 3:00PM', 13, 6, 204, '18', NULL, NULL),
(705, 'Wednesday', '3:00PM - 4:00PM', 13, 6, 204, '18', NULL, NULL),
(706, 'Wednesday', '4:00PM - 5:00PM', 13, 6, 204, '18', NULL, NULL),
(707, 'Thursday', '7:30AM - 8:30AM', 13, 6, 204, '18', NULL, NULL),
(708, 'Thursday', '8:30AM - 9:30AM', 13, 6, 204, '18', NULL, NULL),
(709, 'Thursday', '9:45AM - 10:45AM', 13, 6, 204, '18', NULL, NULL),
(710, 'Thursday', '10:45AM - 11:45AM', 13, 6, 204, '18', NULL, NULL),
(711, 'Thursday', '1:00PM - 2:00PM', 13, 6, 204, '18', NULL, NULL),
(712, 'Thursday', '2:00PM - 3:00PM', 13, 6, 204, '18', NULL, NULL),
(713, 'Thursday', '3:00PM - 4:00PM', 13, 6, 204, '18', NULL, NULL),
(714, 'Thursday', '4:00PM - 5:00PM', 13, 6, 204, '18', NULL, NULL),
(715, 'Friday', '7:30AM - 8:30AM', 13, 6, 204, '18', NULL, NULL),
(716, 'Friday', '8:30AM - 9:30AM', 13, 6, 204, '18', NULL, NULL),
(717, 'Friday', '9:45AM - 10:45AM', 13, 6, 204, '18', NULL, NULL),
(718, 'Friday', '10:45AM - 11:45AM', 13, 6, 204, '18', NULL, NULL),
(719, 'Friday', '1:00PM - 2:00PM', 13, 6, 204, '18', NULL, NULL),
(720, 'Friday', '2:00PM - 3:00PM', 13, 6, 204, '18', NULL, NULL),
(721, 'Friday', '3:00PM - 4:00PM', 13, 6, 204, '18', NULL, NULL),
(722, 'Friday', '4:00PM - 5:00PM', 13, 6, 204, '18', NULL, NULL),
(723, 'Monday', '7:30AM - 8:30AM', 13, 6, 204, '19', NULL, NULL),
(724, 'Monday', '8:30AM - 9:30AM', 13, 6, 204, '19', NULL, NULL),
(725, 'Monday', '9:45AM - 10:45AM', 13, 6, 204, '19', NULL, NULL),
(726, 'Monday', '10:45AM - 11:45AM', 13, 6, 204, '19', NULL, NULL),
(727, 'Monday', '1:00PM - 2:00PM', 13, 6, 204, '19', NULL, NULL),
(728, 'Monday', '2:00PM - 3:00PM', 13, 6, 204, '19', NULL, NULL),
(729, 'Monday', '3:00PM - 4:00PM', 13, 6, 204, '19', NULL, NULL),
(730, 'Monday', '4:00PM - 5:00PM', 13, 6, 204, '19', NULL, NULL),
(731, 'Tuesday', '7:30AM - 8:30AM', 13, 6, 204, '19', NULL, NULL),
(732, 'Tuesday', '8:30AM - 9:30AM', 13, 6, 204, '19', NULL, NULL),
(733, 'Tuesday', '9:45AM - 10:45AM', 13, 6, 204, '19', NULL, NULL),
(734, 'Tuesday', '10:45AM - 11:45AM', 13, 6, 204, '19', NULL, NULL),
(735, 'Tuesday', '1:00PM - 2:00PM', 13, 6, 204, '19', NULL, NULL),
(736, 'Tuesday', '2:00PM - 3:00PM', 13, 6, 204, '19', NULL, NULL),
(737, 'Tuesday', '3:00PM - 4:00PM', 13, 6, 204, '19', NULL, NULL),
(738, 'Tuesday', '4:00PM - 5:00PM', 13, 6, 204, '19', NULL, NULL),
(739, 'Wednesday', '7:30AM - 8:30AM', 13, 6, 204, '19', NULL, NULL),
(740, 'Wednesday', '8:30AM - 9:30AM', 13, 6, 204, '19', NULL, NULL),
(741, 'Wednesday', '9:45AM - 10:45AM', 13, 6, 204, '19', NULL, NULL),
(742, 'Wednesday', '10:45AM - 11:45AM', 13, 6, 204, '19', NULL, NULL),
(743, 'Wednesday', '1:00PM - 2:00PM', 13, 6, 204, '19', NULL, NULL),
(744, 'Wednesday', '2:00PM - 3:00PM', 13, 6, 204, '19', NULL, NULL),
(745, 'Wednesday', '3:00PM - 4:00PM', 13, 6, 204, '19', NULL, NULL),
(746, 'Wednesday', '4:00PM - 5:00PM', 13, 6, 204, '19', NULL, NULL),
(747, 'Thursday', '7:30AM - 8:30AM', 13, 6, 204, '19', NULL, NULL),
(748, 'Thursday', '8:30AM - 9:30AM', 13, 6, 204, '19', NULL, NULL),
(749, 'Thursday', '9:45AM - 10:45AM', 13, 6, 204, '19', NULL, NULL),
(750, 'Thursday', '10:45AM - 11:45AM', 13, 6, 204, '19', NULL, NULL),
(751, 'Thursday', '1:00PM - 2:00PM', 13, 6, 204, '19', NULL, NULL),
(752, 'Thursday', '2:00PM - 3:00PM', 13, 6, 204, '19', NULL, NULL),
(753, 'Thursday', '3:00PM - 4:00PM', 13, 6, 204, '19', NULL, NULL),
(754, 'Thursday', '4:00PM - 5:00PM', 13, 6, 204, '19', NULL, NULL),
(755, 'Friday', '7:30AM - 8:30AM', 13, 6, 204, '19', NULL, NULL),
(756, 'Friday', '8:30AM - 9:30AM', 13, 6, 204, '19', NULL, NULL),
(757, 'Friday', '9:45AM - 10:45AM', 13, 6, 204, '19', NULL, NULL),
(758, 'Friday', '10:45AM - 11:45AM', 13, 6, 204, '19', NULL, NULL),
(759, 'Friday', '1:00PM - 2:00PM', 13, 6, 204, '19', NULL, NULL),
(760, 'Friday', '2:00PM - 3:00PM', 13, 6, 204, '19', NULL, NULL),
(761, 'Friday', '3:00PM - 4:00PM', 13, 6, 204, '19', NULL, NULL),
(762, 'Friday', '4:00PM - 5:00PM', 13, 6, 204, '19', NULL, NULL),
(763, 'Monday', '7:30AM - 8:30AM', 13, 6, 204, '20', NULL, '2023-09-14 17:00:34');
INSERT INTO `tbl_class_schedules` (`id`, `sched_day`, `sched_time`, `sched_room`, `sched_teacher`, `sched_subject`, `sched_class_name`, `created_at`, `updated_at`) VALUES
(764, 'Monday', '8:30AM - 9:30AM', 13, 6, 204, '20', NULL, NULL),
(765, 'Monday', '9:45AM - 10:45AM', 13, 6, 204, '20', NULL, NULL),
(766, 'Monday', '10:45AM - 11:45AM', 13, 6, 204, '20', NULL, NULL),
(767, 'Monday', '1:00PM - 2:00PM', 13, 6, 204, '20', NULL, NULL),
(768, 'Monday', '2:00PM - 3:00PM', 13, 6, 204, '20', NULL, NULL),
(769, 'Monday', '3:00PM - 4:00PM', 13, 6, 204, '20', NULL, NULL),
(770, 'Monday', '4:00PM - 5:00PM', 13, 6, 204, '20', NULL, NULL),
(771, 'Tuesday', '7:30AM - 8:30AM', 13, 6, 204, '20', NULL, NULL),
(772, 'Tuesday', '8:30AM - 9:30AM', 13, 6, 204, '20', NULL, NULL),
(773, 'Tuesday', '9:45AM - 10:45AM', 13, 6, 204, '20', NULL, NULL),
(774, 'Tuesday', '10:45AM - 11:45AM', 13, 6, 204, '20', NULL, NULL),
(775, 'Tuesday', '1:00PM - 2:00PM', 13, 6, 204, '20', NULL, NULL),
(776, 'Tuesday', '2:00PM - 3:00PM', 13, 6, 204, '20', NULL, NULL),
(777, 'Tuesday', '3:00PM - 4:00PM', 13, 6, 204, '20', NULL, NULL),
(778, 'Tuesday', '4:00PM - 5:00PM', 13, 6, 204, '20', NULL, NULL),
(779, 'Wednesday', '7:30AM - 8:30AM', 13, 6, 204, '20', NULL, NULL),
(780, 'Wednesday', '8:30AM - 9:30AM', 13, 6, 204, '20', NULL, NULL),
(781, 'Wednesday', '9:45AM - 10:45AM', 13, 6, 204, '20', NULL, NULL),
(782, 'Wednesday', '10:45AM - 11:45AM', 13, 6, 204, '20', NULL, NULL),
(783, 'Wednesday', '1:00PM - 2:00PM', 13, 6, 204, '20', NULL, NULL),
(784, 'Wednesday', '2:00PM - 3:00PM', 13, 6, 204, '20', NULL, NULL),
(785, 'Wednesday', '3:00PM - 4:00PM', 13, 6, 204, '20', NULL, NULL),
(786, 'Wednesday', '4:00PM - 5:00PM', 13, 6, 204, '20', NULL, NULL),
(787, 'Thursday', '7:30AM - 8:30AM', 13, 6, 204, '20', NULL, NULL),
(788, 'Thursday', '8:30AM - 9:30AM', 13, 6, 204, '20', NULL, NULL),
(789, 'Thursday', '9:45AM - 10:45AM', 13, 6, 204, '20', NULL, NULL),
(790, 'Thursday', '10:45AM - 11:45AM', 13, 6, 204, '20', NULL, NULL),
(791, 'Thursday', '1:00PM - 2:00PM', 13, 6, 204, '20', NULL, NULL),
(792, 'Thursday', '2:00PM - 3:00PM', 13, 6, 204, '20', NULL, NULL),
(793, 'Thursday', '3:00PM - 4:00PM', 13, 6, 204, '20', NULL, NULL),
(794, 'Thursday', '4:00PM - 5:00PM', 13, 6, 204, '20', NULL, NULL),
(795, 'Friday', '7:30AM - 8:30AM', 13, 6, 204, '20', NULL, NULL),
(796, 'Friday', '8:30AM - 9:30AM', 13, 6, 204, '20', NULL, NULL),
(797, 'Friday', '9:45AM - 10:45AM', 13, 6, 204, '20', NULL, NULL),
(798, 'Friday', '10:45AM - 11:45AM', 13, 6, 204, '20', NULL, NULL),
(799, 'Friday', '1:00PM - 2:00PM', 13, 6, 204, '20', NULL, NULL),
(800, 'Friday', '2:00PM - 3:00PM', 13, 6, 204, '20', NULL, NULL),
(801, 'Friday', '3:00PM - 4:00PM', 13, 6, 204, '20', NULL, NULL),
(802, 'Friday', '4:00PM - 5:00PM', 13, 6, 204, '20', NULL, NULL),
(803, 'Monday', '7:30AM - 8:30AM', 22, 6, 117, '21', NULL, '2023-11-20 21:58:38'),
(804, 'Monday', '8:30AM - 9:30AM', 13, 6, 204, '21', NULL, NULL),
(805, 'Monday', '9:45AM - 10:45AM', 13, 6, 204, '21', NULL, NULL),
(806, 'Monday', '10:45AM - 11:45AM', 13, 6, 204, '21', NULL, NULL),
(807, 'Monday', '1:00PM - 2:00PM', 13, 6, 204, '21', NULL, NULL),
(808, 'Monday', '2:00PM - 3:00PM', 13, 6, 204, '21', NULL, NULL),
(809, 'Monday', '3:00PM - 4:00PM', 13, 6, 204, '21', NULL, NULL),
(810, 'Monday', '4:00PM - 5:00PM', 13, 6, 204, '21', NULL, NULL),
(811, 'Tuesday', '7:30AM - 8:30AM', 13, 6, 204, '21', NULL, NULL),
(812, 'Tuesday', '8:30AM - 9:30AM', 13, 6, 204, '21', NULL, NULL),
(813, 'Tuesday', '9:45AM - 10:45AM', 13, 6, 204, '21', NULL, NULL),
(814, 'Tuesday', '10:45AM - 11:45AM', 13, 6, 204, '21', NULL, NULL),
(815, 'Tuesday', '1:00PM - 2:00PM', 13, 6, 204, '21', NULL, NULL),
(816, 'Tuesday', '2:00PM - 3:00PM', 13, 6, 204, '21', NULL, NULL),
(817, 'Tuesday', '3:00PM - 4:00PM', 13, 6, 204, '21', NULL, NULL),
(818, 'Tuesday', '4:00PM - 5:00PM', 13, 6, 204, '21', NULL, NULL),
(819, 'Wednesday', '7:30AM - 8:30AM', 13, 6, 204, '21', NULL, NULL),
(820, 'Wednesday', '8:30AM - 9:30AM', 13, 6, 204, '21', NULL, NULL),
(821, 'Wednesday', '9:45AM - 10:45AM', 13, 6, 204, '21', NULL, NULL),
(822, 'Wednesday', '10:45AM - 11:45AM', 13, 6, 204, '21', NULL, NULL),
(823, 'Wednesday', '1:00PM - 2:00PM', 13, 6, 204, '21', NULL, NULL),
(824, 'Wednesday', '2:00PM - 3:00PM', 13, 6, 204, '21', NULL, NULL),
(825, 'Wednesday', '3:00PM - 4:00PM', 13, 6, 204, '21', NULL, NULL),
(826, 'Wednesday', '4:00PM - 5:00PM', 13, 6, 204, '21', NULL, NULL),
(827, 'Thursday', '7:30AM - 8:30AM', 13, 6, 204, '21', NULL, NULL),
(828, 'Thursday', '8:30AM - 9:30AM', 13, 6, 204, '21', NULL, NULL),
(829, 'Thursday', '9:45AM - 10:45AM', 13, 6, 204, '21', NULL, NULL),
(830, 'Thursday', '10:45AM - 11:45AM', 13, 6, 204, '21', NULL, NULL),
(831, 'Thursday', '1:00PM - 2:00PM', 13, 6, 204, '21', NULL, NULL),
(832, 'Thursday', '2:00PM - 3:00PM', 13, 6, 204, '21', NULL, NULL),
(833, 'Thursday', '3:00PM - 4:00PM', 13, 6, 204, '21', NULL, NULL),
(834, 'Thursday', '4:00PM - 5:00PM', 13, 6, 204, '21', NULL, NULL),
(835, 'Friday', '7:30AM - 8:30AM', 13, 6, 204, '21', NULL, NULL),
(836, 'Friday', '8:30AM - 9:30AM', 13, 6, 204, '21', NULL, NULL),
(837, 'Friday', '9:45AM - 10:45AM', 13, 6, 204, '21', NULL, NULL),
(838, 'Friday', '10:45AM - 11:45AM', 13, 6, 204, '21', NULL, NULL),
(839, 'Friday', '1:00PM - 2:00PM', 13, 6, 204, '21', NULL, NULL),
(840, 'Friday', '2:00PM - 3:00PM', 13, 6, 204, '21', NULL, NULL),
(841, 'Friday', '3:00PM - 4:00PM', 13, 6, 204, '21', NULL, NULL),
(842, 'Friday', '4:00PM - 5:00PM', 13, 6, 204, '21', NULL, NULL),
(843, 'Monday', '7:30AM - 8:30AM', 13, 6, 204, '22', NULL, NULL),
(844, 'Monday', '8:30AM - 9:30AM', 13, 6, 204, '22', NULL, NULL),
(845, 'Monday', '9:45AM - 10:45AM', 13, 6, 204, '22', NULL, NULL),
(846, 'Monday', '10:45AM - 11:45AM', 13, 6, 204, '22', NULL, NULL),
(847, 'Monday', '1:00PM - 2:00PM', 13, 6, 204, '22', NULL, NULL),
(848, 'Monday', '2:00PM - 3:00PM', 13, 6, 204, '22', NULL, NULL),
(849, 'Monday', '3:00PM - 4:00PM', 13, 6, 204, '22', NULL, NULL),
(850, 'Monday', '4:00PM - 5:00PM', 13, 6, 204, '22', NULL, NULL),
(851, 'Tuesday', '7:30AM - 8:30AM', 13, 6, 204, '22', NULL, NULL),
(852, 'Tuesday', '8:30AM - 9:30AM', 13, 6, 204, '22', NULL, NULL),
(853, 'Tuesday', '9:45AM - 10:45AM', 13, 6, 204, '22', NULL, NULL),
(854, 'Tuesday', '10:45AM - 11:45AM', 13, 6, 204, '22', NULL, NULL),
(855, 'Tuesday', '1:00PM - 2:00PM', 13, 6, 204, '22', NULL, NULL),
(856, 'Tuesday', '2:00PM - 3:00PM', 13, 6, 204, '22', NULL, NULL),
(857, 'Tuesday', '3:00PM - 4:00PM', 13, 6, 204, '22', NULL, NULL),
(858, 'Tuesday', '4:00PM - 5:00PM', 13, 6, 204, '22', NULL, NULL),
(859, 'Wednesday', '7:30AM - 8:30AM', 13, 6, 204, '22', NULL, NULL),
(860, 'Wednesday', '8:30AM - 9:30AM', 13, 6, 204, '22', NULL, NULL),
(861, 'Wednesday', '9:45AM - 10:45AM', 13, 6, 204, '22', NULL, NULL),
(862, 'Wednesday', '10:45AM - 11:45AM', 13, 6, 204, '22', NULL, NULL),
(863, 'Wednesday', '1:00PM - 2:00PM', 13, 6, 204, '22', NULL, NULL),
(864, 'Wednesday', '2:00PM - 3:00PM', 13, 6, 204, '22', NULL, NULL),
(865, 'Wednesday', '3:00PM - 4:00PM', 13, 6, 204, '22', NULL, NULL),
(866, 'Wednesday', '4:00PM - 5:00PM', 13, 6, 204, '22', NULL, NULL),
(867, 'Thursday', '7:30AM - 8:30AM', 13, 6, 204, '22', NULL, NULL),
(868, 'Thursday', '8:30AM - 9:30AM', 13, 6, 204, '22', NULL, NULL),
(869, 'Thursday', '9:45AM - 10:45AM', 13, 6, 204, '22', NULL, NULL),
(870, 'Thursday', '10:45AM - 11:45AM', 13, 6, 204, '22', NULL, NULL),
(871, 'Thursday', '1:00PM - 2:00PM', 13, 6, 204, '22', NULL, NULL),
(872, 'Thursday', '2:00PM - 3:00PM', 13, 6, 204, '22', NULL, NULL),
(873, 'Thursday', '3:00PM - 4:00PM', 13, 6, 204, '22', NULL, NULL),
(874, 'Thursday', '4:00PM - 5:00PM', 13, 6, 204, '22', NULL, NULL),
(875, 'Friday', '7:30AM - 8:30AM', 13, 6, 204, '22', NULL, NULL),
(876, 'Friday', '8:30AM - 9:30AM', 13, 6, 204, '22', NULL, NULL),
(877, 'Friday', '9:45AM - 10:45AM', 13, 6, 204, '22', NULL, NULL),
(878, 'Friday', '10:45AM - 11:45AM', 13, 6, 204, '22', NULL, NULL),
(879, 'Friday', '1:00PM - 2:00PM', 13, 6, 204, '22', NULL, NULL),
(880, 'Friday', '2:00PM - 3:00PM', 13, 6, 204, '22', NULL, NULL),
(881, 'Friday', '3:00PM - 4:00PM', 13, 6, 204, '22', NULL, NULL),
(882, 'Friday', '4:00PM - 5:00PM', 13, 6, 204, '22', NULL, NULL),
(883, 'Monday', '7:30AM - 8:30AM', 13, 6, 204, '23', NULL, NULL),
(884, 'Monday', '8:30AM - 9:30AM', 13, 6, 204, '23', NULL, NULL),
(885, 'Monday', '9:45AM - 10:45AM', 13, 6, 204, '23', NULL, NULL),
(886, 'Monday', '10:45AM - 11:45AM', 13, 6, 204, '23', NULL, NULL),
(887, 'Monday', '1:00PM - 2:00PM', 13, 6, 204, '23', NULL, NULL),
(888, 'Monday', '2:00PM - 3:00PM', 13, 6, 204, '23', NULL, NULL),
(889, 'Monday', '3:00PM - 4:00PM', 13, 6, 204, '23', NULL, NULL),
(890, 'Monday', '4:00PM - 5:00PM', 13, 6, 204, '23', NULL, NULL),
(891, 'Tuesday', '7:30AM - 8:30AM', 13, 6, 204, '23', NULL, NULL),
(892, 'Tuesday', '8:30AM - 9:30AM', 13, 6, 204, '23', NULL, NULL),
(893, 'Tuesday', '9:45AM - 10:45AM', 13, 6, 204, '23', NULL, NULL),
(894, 'Tuesday', '10:45AM - 11:45AM', 13, 6, 204, '23', NULL, NULL),
(895, 'Tuesday', '1:00PM - 2:00PM', 13, 6, 204, '23', NULL, NULL),
(896, 'Tuesday', '2:00PM - 3:00PM', 13, 6, 204, '23', NULL, NULL),
(897, 'Tuesday', '3:00PM - 4:00PM', 13, 6, 204, '23', NULL, NULL),
(898, 'Tuesday', '4:00PM - 5:00PM', 13, 6, 204, '23', NULL, NULL),
(899, 'Wednesday', '7:30AM - 8:30AM', 13, 6, 204, '23', NULL, NULL),
(900, 'Wednesday', '8:30AM - 9:30AM', 13, 6, 204, '23', NULL, NULL),
(901, 'Wednesday', '9:45AM - 10:45AM', 13, 6, 204, '23', NULL, NULL),
(902, 'Wednesday', '10:45AM - 11:45AM', 13, 6, 204, '23', NULL, NULL),
(903, 'Wednesday', '1:00PM - 2:00PM', 13, 6, 204, '23', NULL, NULL),
(904, 'Wednesday', '2:00PM - 3:00PM', 13, 6, 204, '23', NULL, NULL),
(905, 'Wednesday', '3:00PM - 4:00PM', 13, 6, 204, '23', NULL, NULL),
(906, 'Wednesday', '4:00PM - 5:00PM', 13, 6, 204, '23', NULL, NULL),
(907, 'Thursday', '7:30AM - 8:30AM', 13, 6, 204, '23', NULL, NULL),
(908, 'Thursday', '8:30AM - 9:30AM', 13, 6, 204, '23', NULL, NULL),
(909, 'Thursday', '9:45AM - 10:45AM', 13, 6, 204, '23', NULL, NULL),
(910, 'Thursday', '10:45AM - 11:45AM', 13, 6, 204, '23', NULL, NULL),
(911, 'Thursday', '1:00PM - 2:00PM', 13, 6, 204, '23', NULL, NULL),
(912, 'Thursday', '2:00PM - 3:00PM', 13, 6, 204, '23', NULL, NULL),
(913, 'Thursday', '3:00PM - 4:00PM', 13, 6, 204, '23', NULL, NULL),
(914, 'Thursday', '4:00PM - 5:00PM', 13, 6, 204, '23', NULL, NULL),
(915, 'Friday', '7:30AM - 8:30AM', 13, 6, 204, '23', NULL, NULL),
(916, 'Friday', '8:30AM - 9:30AM', 13, 6, 204, '23', NULL, NULL),
(917, 'Friday', '9:45AM - 10:45AM', 13, 6, 204, '23', NULL, NULL),
(918, 'Friday', '10:45AM - 11:45AM', 13, 6, 204, '23', NULL, NULL),
(919, 'Friday', '1:00PM - 2:00PM', 13, 6, 204, '23', NULL, NULL),
(920, 'Friday', '2:00PM - 3:00PM', 13, 6, 204, '23', NULL, NULL),
(921, 'Friday', '3:00PM - 4:00PM', 13, 6, 204, '23', NULL, NULL),
(922, 'Friday', '4:00PM - 5:00PM', 13, 6, 204, '23', NULL, NULL),
(923, 'Monday', '7:30AM - 8:30AM', 13, 6, 204, '24', NULL, NULL),
(924, 'Monday', '8:30AM - 9:30AM', 13, 6, 204, '24', NULL, NULL),
(925, 'Monday', '9:45AM - 10:45AM', 13, 6, 204, '24', NULL, NULL),
(926, 'Monday', '10:45AM - 11:45AM', 13, 6, 204, '24', NULL, NULL),
(927, 'Monday', '1:00PM - 2:00PM', 13, 6, 204, '24', NULL, NULL),
(928, 'Monday', '2:00PM - 3:00PM', 13, 6, 204, '24', NULL, NULL),
(929, 'Monday', '3:00PM - 4:00PM', 13, 6, 204, '24', NULL, NULL),
(930, 'Monday', '4:00PM - 5:00PM', 13, 6, 204, '24', NULL, NULL),
(931, 'Tuesday', '7:30AM - 8:30AM', 13, 6, 204, '24', NULL, NULL),
(932, 'Tuesday', '8:30AM - 9:30AM', 13, 6, 204, '24', NULL, NULL),
(933, 'Tuesday', '9:45AM - 10:45AM', 13, 6, 204, '24', NULL, NULL),
(934, 'Tuesday', '10:45AM - 11:45AM', 13, 6, 204, '24', NULL, NULL),
(935, 'Tuesday', '1:00PM - 2:00PM', 13, 6, 204, '24', NULL, NULL),
(936, 'Tuesday', '2:00PM - 3:00PM', 13, 6, 204, '24', NULL, NULL),
(937, 'Tuesday', '3:00PM - 4:00PM', 13, 6, 204, '24', NULL, NULL),
(938, 'Tuesday', '4:00PM - 5:00PM', 13, 6, 204, '24', NULL, NULL),
(939, 'Wednesday', '7:30AM - 8:30AM', 13, 6, 204, '24', NULL, NULL),
(940, 'Wednesday', '8:30AM - 9:30AM', 13, 6, 204, '24', NULL, NULL),
(941, 'Wednesday', '9:45AM - 10:45AM', 13, 6, 204, '24', NULL, NULL),
(942, 'Wednesday', '10:45AM - 11:45AM', 13, 6, 204, '24', NULL, NULL),
(943, 'Wednesday', '1:00PM - 2:00PM', 13, 6, 204, '24', NULL, NULL),
(944, 'Wednesday', '2:00PM - 3:00PM', 13, 6, 204, '24', NULL, NULL),
(945, 'Wednesday', '3:00PM - 4:00PM', 13, 6, 204, '24', NULL, NULL),
(946, 'Wednesday', '4:00PM - 5:00PM', 13, 6, 204, '24', NULL, NULL),
(947, 'Thursday', '7:30AM - 8:30AM', 13, 6, 204, '24', NULL, NULL),
(948, 'Thursday', '8:30AM - 9:30AM', 13, 6, 204, '24', NULL, NULL),
(949, 'Thursday', '9:45AM - 10:45AM', 13, 6, 204, '24', NULL, NULL),
(950, 'Thursday', '10:45AM - 11:45AM', 13, 6, 204, '24', NULL, NULL),
(951, 'Thursday', '1:00PM - 2:00PM', 13, 6, 204, '24', NULL, NULL),
(952, 'Thursday', '2:00PM - 3:00PM', 13, 6, 204, '24', NULL, NULL),
(953, 'Thursday', '3:00PM - 4:00PM', 13, 6, 204, '24', NULL, NULL),
(954, 'Thursday', '4:00PM - 5:00PM', 13, 6, 204, '24', NULL, NULL),
(955, 'Friday', '7:30AM - 8:30AM', 13, 6, 204, '24', NULL, NULL),
(956, 'Friday', '8:30AM - 9:30AM', 13, 6, 204, '24', NULL, NULL),
(957, 'Friday', '9:45AM - 10:45AM', 13, 6, 204, '24', NULL, NULL),
(958, 'Friday', '10:45AM - 11:45AM', 13, 6, 204, '24', NULL, NULL),
(959, 'Friday', '1:00PM - 2:00PM', 13, 6, 204, '24', NULL, NULL),
(960, 'Friday', '2:00PM - 3:00PM', 13, 6, 204, '24', NULL, NULL),
(961, 'Friday', '3:00PM - 4:00PM', 13, 6, 204, '24', NULL, NULL),
(962, 'Friday', '4:00PM - 5:00PM', 13, 6, 204, '24', NULL, NULL),
(963, 'Monday', '7:30AM - 8:30AM', 13, 6, 204, '1', NULL, NULL),
(964, 'Monday', '8:30AM - 9:30AM', 13, 6, 204, '1', NULL, NULL),
(965, 'Monday', '9:45AM - 10:45AM', 13, 6, 204, '1', NULL, NULL),
(966, 'Monday', '10:45AM - 11:45AM', 13, 6, 204, '1', NULL, NULL),
(967, 'Monday', '1:00PM - 2:00PM', 13, 6, 204, '1', NULL, NULL),
(968, 'Monday', '2:00PM - 3:00PM', 13, 6, 204, '1', NULL, NULL),
(969, 'Monday', '3:00PM - 4:00PM', 13, 6, 204, '1', NULL, NULL),
(970, 'Monday', '4:00PM - 5:00PM', 13, 6, 204, '1', NULL, NULL),
(971, 'Tuesday', '7:30AM - 8:30AM', 13, 6, 204, '1', NULL, NULL),
(972, 'Tuesday', '8:30AM - 9:30AM', 13, 6, 204, '1', NULL, NULL),
(973, 'Tuesday', '9:45AM - 10:45AM', 13, 6, 204, '1', NULL, NULL),
(974, 'Tuesday', '10:45AM - 11:45AM', 13, 6, 204, '1', NULL, NULL),
(975, 'Tuesday', '1:00PM - 2:00PM', 13, 6, 204, '1', NULL, NULL),
(976, 'Tuesday', '2:00PM - 3:00PM', 13, 6, 204, '1', NULL, NULL),
(977, 'Tuesday', '3:00PM - 4:00PM', 13, 6, 204, '1', NULL, NULL),
(978, 'Tuesday', '4:00PM - 5:00PM', 13, 6, 204, '1', NULL, NULL),
(979, 'Wednesday', '7:30AM - 8:30AM', 13, 6, 204, '1', NULL, NULL),
(980, 'Wednesday', '8:30AM - 9:30AM', 13, 6, 204, '1', NULL, NULL),
(981, 'Wednesday', '9:45AM - 10:45AM', 13, 6, 204, '1', NULL, NULL),
(982, 'Wednesday', '10:45AM - 11:45AM', 13, 6, 204, '1', NULL, NULL),
(983, 'Wednesday', '1:00PM - 2:00PM', 13, 6, 204, '1', NULL, NULL),
(984, 'Wednesday', '2:00PM - 3:00PM', 13, 6, 204, '1', NULL, NULL),
(985, 'Wednesday', '3:00PM - 4:00PM', 13, 6, 204, '1', NULL, NULL),
(986, 'Wednesday', '4:00PM - 5:00PM', 13, 6, 204, '1', NULL, NULL),
(987, 'Thursday', '7:30AM - 8:30AM', 13, 6, 204, '1', NULL, NULL),
(988, 'Thursday', '8:30AM - 9:30AM', 13, 6, 204, '1', NULL, NULL),
(989, 'Thursday', '9:45AM - 10:45AM', 13, 6, 204, '1', NULL, NULL),
(990, 'Thursday', '10:45AM - 11:45AM', 13, 6, 204, '1', NULL, NULL),
(991, 'Thursday', '1:00PM - 2:00PM', 13, 6, 204, '1', NULL, NULL),
(992, 'Thursday', '2:00PM - 3:00PM', 13, 6, 204, '1', NULL, NULL),
(993, 'Thursday', '3:00PM - 4:00PM', 13, 6, 204, '1', NULL, NULL),
(994, 'Thursday', '4:00PM - 5:00PM', 13, 6, 204, '1', NULL, NULL),
(995, 'Friday', '7:30AM - 8:30AM', 13, 6, 204, '1', NULL, NULL),
(996, 'Friday', '8:30AM - 9:30AM', 13, 6, 204, '1', NULL, NULL),
(997, 'Friday', '9:45AM - 10:45AM', 13, 6, 204, '1', NULL, NULL),
(998, 'Friday', '10:45AM - 11:45AM', 13, 6, 204, '1', NULL, NULL),
(999, 'Friday', '1:00PM - 2:00PM', 13, 6, 204, '1', NULL, NULL),
(1000, 'Friday', '2:00PM - 3:00PM', 13, 6, 204, '1', NULL, NULL),
(1001, 'Friday', '3:00PM - 4:00PM', 13, 6, 204, '1', NULL, NULL),
(1002, 'Friday', '4:00PM - 5:00PM', 13, 6, 204, '1', NULL, NULL),
(1003, 'Monday', '7:30AM - 8:30AM', 13, 6, 204, '2', NULL, NULL),
(1004, 'Monday', '8:30AM - 9:30AM', 13, 6, 204, '2', NULL, NULL),
(1005, 'Monday', '9:45AM - 10:45AM', 13, 6, 204, '2', NULL, NULL),
(1006, 'Monday', '10:45AM - 11:45AM', 13, 6, 204, '2', NULL, NULL),
(1007, 'Monday', '1:00PM - 2:00PM', 13, 6, 204, '2', NULL, NULL),
(1008, 'Monday', '2:00PM - 3:00PM', 13, 6, 204, '2', NULL, NULL),
(1009, 'Monday', '3:00PM - 4:00PM', 13, 6, 204, '2', NULL, NULL),
(1010, 'Monday', '4:00PM - 5:00PM', 13, 6, 204, '2', NULL, NULL),
(1011, 'Tuesday', '7:30AM - 8:30AM', 13, 6, 204, '2', NULL, NULL),
(1012, 'Tuesday', '8:30AM - 9:30AM', 13, 6, 204, '2', NULL, NULL),
(1013, 'Tuesday', '9:45AM - 10:45AM', 13, 6, 204, '2', NULL, NULL),
(1014, 'Tuesday', '10:45AM - 11:45AM', 13, 6, 204, '2', NULL, NULL),
(1015, 'Tuesday', '1:00PM - 2:00PM', 13, 6, 204, '2', NULL, NULL),
(1016, 'Tuesday', '2:00PM - 3:00PM', 13, 6, 204, '2', NULL, NULL),
(1017, 'Tuesday', '3:00PM - 4:00PM', 13, 6, 204, '2', NULL, NULL),
(1018, 'Tuesday', '4:00PM - 5:00PM', 13, 6, 204, '2', NULL, NULL),
(1019, 'Wednesday', '7:30AM - 8:30AM', 13, 6, 204, '2', NULL, NULL),
(1020, 'Wednesday', '8:30AM - 9:30AM', 13, 6, 204, '2', NULL, NULL),
(1021, 'Wednesday', '9:45AM - 10:45AM', 13, 6, 204, '2', NULL, NULL),
(1022, 'Wednesday', '10:45AM - 11:45AM', 13, 6, 204, '2', NULL, NULL),
(1023, 'Wednesday', '1:00PM - 2:00PM', 13, 6, 204, '2', NULL, NULL),
(1024, 'Wednesday', '2:00PM - 3:00PM', 13, 6, 204, '2', NULL, NULL),
(1025, 'Wednesday', '3:00PM - 4:00PM', 13, 6, 204, '2', NULL, NULL),
(1026, 'Wednesday', '4:00PM - 5:00PM', 13, 6, 204, '2', NULL, NULL),
(1027, 'Thursday', '7:30AM - 8:30AM', 13, 6, 204, '2', NULL, NULL),
(1028, 'Thursday', '8:30AM - 9:30AM', 13, 6, 204, '2', NULL, NULL),
(1029, 'Thursday', '9:45AM - 10:45AM', 13, 6, 204, '2', NULL, NULL),
(1030, 'Thursday', '10:45AM - 11:45AM', 13, 6, 204, '2', NULL, NULL),
(1031, 'Thursday', '1:00PM - 2:00PM', 13, 6, 204, '2', NULL, NULL),
(1032, 'Thursday', '2:00PM - 3:00PM', 13, 6, 204, '2', NULL, NULL),
(1033, 'Thursday', '3:00PM - 4:00PM', 13, 6, 204, '2', NULL, NULL),
(1034, 'Thursday', '4:00PM - 5:00PM', 13, 6, 204, '2', NULL, NULL),
(1035, 'Friday', '7:30AM - 8:30AM', 13, 6, 204, '2', NULL, NULL),
(1036, 'Friday', '8:30AM - 9:30AM', 13, 6, 204, '2', NULL, NULL),
(1037, 'Friday', '9:45AM - 10:45AM', 13, 6, 204, '2', NULL, NULL),
(1038, 'Friday', '10:45AM - 11:45AM', 13, 6, 204, '2', NULL, NULL),
(1039, 'Friday', '1:00PM - 2:00PM', 13, 6, 204, '2', NULL, NULL),
(1040, 'Friday', '2:00PM - 3:00PM', 13, 6, 204, '2', NULL, NULL),
(1041, 'Friday', '3:00PM - 4:00PM', 13, 6, 204, '2', NULL, NULL),
(1042, 'Friday', '4:00PM - 5:00PM', 13, 6, 204, '2', NULL, NULL),
(1043, 'Monday', '7:30AM - 8:30AM', 13, 6, 204, '3', NULL, NULL),
(1044, 'Monday', '8:30AM - 9:30AM', 13, 6, 204, '3', NULL, NULL),
(1045, 'Monday', '9:45AM - 10:45AM', 13, 6, 204, '3', NULL, NULL),
(1046, 'Monday', '10:45AM - 11:45AM', 13, 6, 204, '3', NULL, NULL),
(1047, 'Monday', '1:00PM - 2:00PM', 13, 6, 204, '3', NULL, NULL),
(1048, 'Monday', '2:00PM - 3:00PM', 13, 6, 204, '3', NULL, NULL),
(1049, 'Monday', '3:00PM - 4:00PM', 13, 6, 204, '3', NULL, NULL),
(1050, 'Monday', '4:00PM - 5:00PM', 13, 6, 204, '3', NULL, NULL),
(1051, 'Tuesday', '7:30AM - 8:30AM', 13, 6, 204, '3', NULL, NULL),
(1052, 'Tuesday', '8:30AM - 9:30AM', 13, 6, 204, '3', NULL, NULL),
(1053, 'Tuesday', '9:45AM - 10:45AM', 13, 6, 204, '3', NULL, NULL),
(1054, 'Tuesday', '10:45AM - 11:45AM', 13, 6, 204, '3', NULL, NULL),
(1055, 'Tuesday', '1:00PM - 2:00PM', 13, 6, 204, '3', NULL, NULL),
(1056, 'Tuesday', '2:00PM - 3:00PM', 13, 6, 204, '3', NULL, NULL),
(1057, 'Tuesday', '3:00PM - 4:00PM', 13, 6, 204, '3', NULL, NULL),
(1058, 'Tuesday', '4:00PM - 5:00PM', 13, 6, 204, '3', NULL, NULL),
(1059, 'Wednesday', '7:30AM - 8:30AM', 13, 6, 204, '3', NULL, NULL),
(1060, 'Wednesday', '8:30AM - 9:30AM', 13, 6, 204, '3', NULL, NULL),
(1061, 'Wednesday', '9:45AM - 10:45AM', 13, 6, 204, '3', NULL, NULL),
(1062, 'Wednesday', '10:45AM - 11:45AM', 13, 6, 204, '3', NULL, NULL),
(1063, 'Wednesday', '1:00PM - 2:00PM', 13, 6, 204, '3', NULL, NULL),
(1064, 'Wednesday', '2:00PM - 3:00PM', 13, 6, 204, '3', NULL, NULL),
(1065, 'Wednesday', '3:00PM - 4:00PM', 13, 6, 204, '3', NULL, NULL),
(1066, 'Wednesday', '4:00PM - 5:00PM', 13, 6, 204, '3', NULL, NULL),
(1067, 'Thursday', '7:30AM - 8:30AM', 13, 6, 204, '3', NULL, NULL),
(1068, 'Thursday', '8:30AM - 9:30AM', 13, 6, 204, '3', NULL, NULL),
(1069, 'Thursday', '9:45AM - 10:45AM', 13, 6, 204, '3', NULL, NULL),
(1070, 'Thursday', '10:45AM - 11:45AM', 13, 6, 204, '3', NULL, NULL),
(1071, 'Thursday', '1:00PM - 2:00PM', 13, 6, 204, '3', NULL, NULL),
(1072, 'Thursday', '2:00PM - 3:00PM', 13, 6, 204, '3', NULL, NULL),
(1073, 'Thursday', '3:00PM - 4:00PM', 13, 6, 204, '3', NULL, NULL),
(1074, 'Thursday', '4:00PM - 5:00PM', 13, 6, 204, '3', NULL, NULL),
(1075, 'Friday', '7:30AM - 8:30AM', 13, 6, 204, '3', NULL, NULL),
(1076, 'Friday', '8:30AM - 9:30AM', 13, 6, 204, '3', NULL, NULL),
(1077, 'Friday', '9:45AM - 10:45AM', 13, 6, 204, '3', NULL, NULL),
(1078, 'Friday', '10:45AM - 11:45AM', 13, 6, 204, '3', NULL, NULL),
(1079, 'Friday', '1:00PM - 2:00PM', 13, 6, 204, '3', NULL, NULL),
(1080, 'Friday', '2:00PM - 3:00PM', 13, 6, 204, '3', NULL, NULL),
(1081, 'Friday', '3:00PM - 4:00PM', 13, 6, 204, '3', NULL, NULL),
(1082, 'Friday', '4:00PM - 5:00PM', 13, 6, 204, '3', NULL, NULL),
(1083, 'Monday', '7:30AM - 8:30AM', 13, 6, 204, '4', NULL, NULL),
(1084, 'Monday', '8:30AM - 9:30AM', 13, 6, 204, '4', NULL, NULL),
(1085, 'Monday', '9:45AM - 10:45AM', 13, 6, 204, '4', NULL, NULL),
(1086, 'Monday', '10:45AM - 11:45AM', 13, 6, 204, '4', NULL, NULL),
(1087, 'Monday', '1:00PM - 2:00PM', 13, 6, 204, '4', NULL, NULL),
(1088, 'Monday', '2:00PM - 3:00PM', 13, 6, 204, '4', NULL, NULL),
(1089, 'Monday', '3:00PM - 4:00PM', 13, 6, 204, '4', NULL, NULL),
(1090, 'Monday', '4:00PM - 5:00PM', 13, 6, 204, '4', NULL, NULL),
(1091, 'Tuesday', '7:30AM - 8:30AM', 13, 6, 204, '4', NULL, NULL),
(1092, 'Tuesday', '8:30AM - 9:30AM', 13, 6, 204, '4', NULL, NULL),
(1093, 'Tuesday', '9:45AM - 10:45AM', 13, 6, 204, '4', NULL, NULL),
(1094, 'Tuesday', '10:45AM - 11:45AM', 13, 6, 204, '4', NULL, NULL),
(1095, 'Tuesday', '1:00PM - 2:00PM', 13, 6, 204, '4', NULL, NULL),
(1096, 'Tuesday', '2:00PM - 3:00PM', 13, 6, 204, '4', NULL, NULL),
(1097, 'Tuesday', '3:00PM - 4:00PM', 13, 6, 204, '4', NULL, NULL),
(1098, 'Tuesday', '4:00PM - 5:00PM', 13, 6, 204, '4', NULL, NULL),
(1099, 'Wednesday', '7:30AM - 8:30AM', 13, 6, 204, '4', NULL, NULL),
(1100, 'Wednesday', '8:30AM - 9:30AM', 13, 6, 204, '4', NULL, NULL),
(1101, 'Wednesday', '9:45AM - 10:45AM', 13, 6, 204, '4', NULL, NULL),
(1102, 'Wednesday', '10:45AM - 11:45AM', 13, 6, 204, '4', NULL, NULL),
(1103, 'Wednesday', '1:00PM - 2:00PM', 13, 6, 204, '4', NULL, NULL),
(1104, 'Wednesday', '2:00PM - 3:00PM', 13, 6, 204, '4', NULL, NULL),
(1105, 'Wednesday', '3:00PM - 4:00PM', 13, 6, 204, '4', NULL, NULL),
(1106, 'Wednesday', '4:00PM - 5:00PM', 13, 6, 204, '4', NULL, NULL),
(1107, 'Thursday', '7:30AM - 8:30AM', 13, 6, 204, '4', NULL, NULL),
(1108, 'Thursday', '8:30AM - 9:30AM', 13, 6, 204, '4', NULL, NULL),
(1109, 'Thursday', '9:45AM - 10:45AM', 13, 6, 204, '4', NULL, NULL),
(1110, 'Thursday', '10:45AM - 11:45AM', 13, 6, 204, '4', NULL, NULL),
(1111, 'Thursday', '1:00PM - 2:00PM', 13, 6, 204, '4', NULL, NULL),
(1112, 'Thursday', '2:00PM - 3:00PM', 13, 6, 204, '4', NULL, NULL),
(1113, 'Thursday', '3:00PM - 4:00PM', 13, 6, 204, '4', NULL, NULL),
(1114, 'Thursday', '4:00PM - 5:00PM', 13, 6, 204, '4', NULL, NULL),
(1115, 'Friday', '7:30AM - 8:30AM', 13, 6, 204, '4', NULL, NULL),
(1116, 'Friday', '8:30AM - 9:30AM', 13, 6, 204, '4', NULL, NULL),
(1117, 'Friday', '9:45AM - 10:45AM', 13, 6, 204, '4', NULL, NULL),
(1118, 'Friday', '10:45AM - 11:45AM', 13, 6, 204, '4', NULL, NULL),
(1119, 'Friday', '1:00PM - 2:00PM', 13, 6, 204, '4', NULL, NULL),
(1120, 'Friday', '2:00PM - 3:00PM', 13, 6, 204, '4', NULL, NULL),
(1121, 'Friday', '3:00PM - 4:00PM', 13, 6, 204, '4', NULL, NULL),
(1122, 'Friday', '4:00PM - 5:00PM', 13, 6, 204, '4', NULL, NULL),
(1123, 'Monday', '7:30AM - 8:30AM', 13, 6, 204, '5', NULL, NULL),
(1124, 'Monday', '8:30AM - 9:30AM', 13, 6, 204, '5', NULL, NULL),
(1125, 'Monday', '9:45AM - 10:45AM', 13, 6, 204, '5', NULL, NULL),
(1126, 'Monday', '10:45AM - 11:45AM', 13, 6, 204, '5', NULL, NULL),
(1127, 'Monday', '1:00PM - 2:00PM', 13, 6, 204, '5', NULL, NULL),
(1128, 'Monday', '2:00PM - 3:00PM', 13, 6, 204, '5', NULL, NULL),
(1129, 'Monday', '3:00PM - 4:00PM', 13, 6, 204, '5', NULL, NULL),
(1130, 'Monday', '4:00PM - 5:00PM', 13, 6, 204, '5', NULL, NULL),
(1131, 'Tuesday', '7:30AM - 8:30AM', 13, 6, 204, '5', NULL, NULL),
(1132, 'Tuesday', '8:30AM - 9:30AM', 13, 6, 204, '5', NULL, NULL),
(1133, 'Tuesday', '9:45AM - 10:45AM', 13, 6, 204, '5', NULL, NULL),
(1134, 'Tuesday', '10:45AM - 11:45AM', 13, 6, 204, '5', NULL, NULL),
(1135, 'Tuesday', '1:00PM - 2:00PM', 13, 6, 204, '5', NULL, NULL),
(1136, 'Tuesday', '2:00PM - 3:00PM', 13, 6, 204, '5', NULL, NULL),
(1137, 'Tuesday', '3:00PM - 4:00PM', 13, 6, 204, '5', NULL, NULL),
(1138, 'Tuesday', '4:00PM - 5:00PM', 13, 6, 204, '5', NULL, NULL),
(1139, 'Wednesday', '7:30AM - 8:30AM', 13, 6, 204, '5', NULL, NULL),
(1140, 'Wednesday', '8:30AM - 9:30AM', 13, 6, 204, '5', NULL, NULL),
(1141, 'Wednesday', '9:45AM - 10:45AM', 13, 6, 204, '5', NULL, NULL),
(1142, 'Wednesday', '10:45AM - 11:45AM', 13, 6, 204, '5', NULL, NULL),
(1143, 'Wednesday', '1:00PM - 2:00PM', 13, 6, 204, '5', NULL, NULL),
(1144, 'Wednesday', '2:00PM - 3:00PM', 13, 6, 204, '5', NULL, NULL),
(1145, 'Wednesday', '3:00PM - 4:00PM', 13, 6, 204, '5', NULL, NULL),
(1146, 'Wednesday', '4:00PM - 5:00PM', 13, 6, 204, '5', NULL, NULL),
(1147, 'Thursday', '7:30AM - 8:30AM', 13, 6, 204, '5', NULL, NULL),
(1148, 'Thursday', '8:30AM - 9:30AM', 13, 6, 204, '5', NULL, NULL),
(1149, 'Thursday', '9:45AM - 10:45AM', 13, 6, 204, '5', NULL, NULL),
(1150, 'Thursday', '10:45AM - 11:45AM', 13, 6, 204, '5', NULL, NULL),
(1151, 'Thursday', '1:00PM - 2:00PM', 13, 6, 204, '5', NULL, NULL),
(1152, 'Thursday', '2:00PM - 3:00PM', 13, 6, 204, '5', NULL, NULL),
(1153, 'Thursday', '3:00PM - 4:00PM', 13, 6, 204, '5', NULL, NULL),
(1154, 'Thursday', '4:00PM - 5:00PM', 13, 6, 204, '5', NULL, NULL),
(1155, 'Friday', '7:30AM - 8:30AM', 13, 6, 204, '5', NULL, NULL),
(1156, 'Friday', '8:30AM - 9:30AM', 13, 6, 204, '5', NULL, NULL),
(1157, 'Friday', '9:45AM - 10:45AM', 13, 6, 204, '5', NULL, NULL),
(1158, 'Friday', '10:45AM - 11:45AM', 13, 6, 204, '5', NULL, NULL),
(1159, 'Friday', '1:00PM - 2:00PM', 13, 6, 204, '5', NULL, NULL),
(1160, 'Friday', '2:00PM - 3:00PM', 13, 6, 204, '5', NULL, NULL),
(1161, 'Friday', '3:00PM - 4:00PM', 13, 6, 204, '5', NULL, NULL),
(1162, 'Friday', '4:00PM - 5:00PM', 13, 6, 204, '5', NULL, NULL),
(1163, 'Monday', '7:30AM - 8:30AM', 13, 6, 204, '6', NULL, NULL),
(1164, 'Monday', '8:30AM - 9:30AM', 13, 6, 204, '6', NULL, NULL),
(1165, 'Monday', '9:45AM - 10:45AM', 13, 6, 204, '6', NULL, NULL),
(1166, 'Monday', '10:45AM - 11:45AM', 13, 6, 204, '6', NULL, NULL),
(1167, 'Monday', '1:00PM - 2:00PM', 13, 6, 204, '6', NULL, NULL),
(1168, 'Monday', '2:00PM - 3:00PM', 13, 6, 204, '6', NULL, NULL),
(1169, 'Monday', '3:00PM - 4:00PM', 13, 6, 204, '6', NULL, NULL),
(1170, 'Monday', '4:00PM - 5:00PM', 13, 6, 204, '6', NULL, NULL),
(1171, 'Tuesday', '7:30AM - 8:30AM', 13, 6, 204, '6', NULL, NULL),
(1172, 'Tuesday', '8:30AM - 9:30AM', 13, 6, 204, '6', NULL, NULL),
(1173, 'Tuesday', '9:45AM - 10:45AM', 13, 6, 204, '6', NULL, NULL),
(1174, 'Tuesday', '10:45AM - 11:45AM', 13, 6, 204, '6', NULL, NULL),
(1175, 'Tuesday', '1:00PM - 2:00PM', 13, 6, 204, '6', NULL, NULL),
(1176, 'Tuesday', '2:00PM - 3:00PM', 13, 6, 204, '6', NULL, NULL),
(1177, 'Tuesday', '3:00PM - 4:00PM', 13, 6, 204, '6', NULL, NULL),
(1178, 'Tuesday', '4:00PM - 5:00PM', 13, 6, 204, '6', NULL, NULL),
(1179, 'Wednesday', '7:30AM - 8:30AM', 13, 6, 204, '6', NULL, NULL),
(1180, 'Wednesday', '8:30AM - 9:30AM', 13, 6, 204, '6', NULL, NULL),
(1181, 'Wednesday', '9:45AM - 10:45AM', 13, 6, 204, '6', NULL, NULL),
(1182, 'Wednesday', '10:45AM - 11:45AM', 13, 6, 204, '6', NULL, NULL),
(1183, 'Wednesday', '1:00PM - 2:00PM', 13, 6, 204, '6', NULL, NULL),
(1184, 'Wednesday', '2:00PM - 3:00PM', 13, 6, 204, '6', NULL, NULL),
(1185, 'Wednesday', '3:00PM - 4:00PM', 13, 6, 204, '6', NULL, NULL),
(1186, 'Wednesday', '4:00PM - 5:00PM', 13, 6, 204, '6', NULL, NULL),
(1187, 'Thursday', '7:30AM - 8:30AM', 13, 6, 204, '6', NULL, NULL),
(1188, 'Thursday', '8:30AM - 9:30AM', 13, 6, 204, '6', NULL, NULL),
(1189, 'Thursday', '9:45AM - 10:45AM', 13, 6, 204, '6', NULL, NULL),
(1190, 'Thursday', '10:45AM - 11:45AM', 13, 6, 204, '6', NULL, NULL),
(1191, 'Thursday', '1:00PM - 2:00PM', 13, 6, 204, '6', NULL, NULL),
(1192, 'Thursday', '2:00PM - 3:00PM', 13, 6, 204, '6', NULL, NULL),
(1193, 'Thursday', '3:00PM - 4:00PM', 13, 6, 204, '6', NULL, NULL),
(1194, 'Thursday', '4:00PM - 5:00PM', 13, 6, 204, '6', NULL, NULL),
(1195, 'Friday', '7:30AM - 8:30AM', 13, 6, 204, '6', NULL, NULL),
(1196, 'Friday', '8:30AM - 9:30AM', 13, 6, 204, '6', NULL, NULL),
(1197, 'Friday', '9:45AM - 10:45AM', 13, 6, 204, '6', NULL, NULL),
(1198, 'Friday', '10:45AM - 11:45AM', 13, 6, 204, '6', NULL, NULL),
(1199, 'Friday', '1:00PM - 2:00PM', 13, 6, 204, '6', NULL, NULL),
(1200, 'Friday', '2:00PM - 3:00PM', 13, 6, 204, '6', NULL, NULL),
(1201, 'Friday', '3:00PM - 4:00PM', 13, 6, 204, '6', NULL, NULL),
(1202, 'Friday', '4:00PM - 5:00PM', 13, 6, 204, '6', NULL, NULL),
(1203, 'Monday', '7:30AM - 8:30AM', 13, 6, 204, '7', NULL, NULL),
(1204, 'Monday', '8:30AM - 9:30AM', 13, 6, 204, '7', NULL, NULL),
(1205, 'Monday', '9:45AM - 10:45AM', 13, 6, 204, '7', NULL, NULL),
(1206, 'Monday', '10:45AM - 11:45AM', 13, 6, 204, '7', NULL, NULL),
(1207, 'Monday', '1:00PM - 2:00PM', 13, 6, 204, '7', NULL, NULL),
(1208, 'Monday', '2:00PM - 3:00PM', 13, 6, 204, '7', NULL, NULL),
(1209, 'Monday', '3:00PM - 4:00PM', 13, 6, 204, '7', NULL, NULL),
(1210, 'Monday', '4:00PM - 5:00PM', 13, 6, 204, '7', NULL, NULL),
(1211, 'Tuesday', '7:30AM - 8:30AM', 13, 6, 204, '7', NULL, NULL),
(1212, 'Tuesday', '8:30AM - 9:30AM', 13, 6, 204, '7', NULL, NULL),
(1213, 'Tuesday', '9:45AM - 10:45AM', 13, 6, 204, '7', NULL, NULL),
(1214, 'Tuesday', '10:45AM - 11:45AM', 13, 6, 204, '7', NULL, NULL),
(1215, 'Tuesday', '1:00PM - 2:00PM', 13, 6, 204, '7', NULL, NULL),
(1216, 'Tuesday', '2:00PM - 3:00PM', 13, 6, 204, '7', NULL, NULL),
(1217, 'Tuesday', '3:00PM - 4:00PM', 13, 6, 204, '7', NULL, NULL),
(1218, 'Tuesday', '4:00PM - 5:00PM', 13, 6, 204, '7', NULL, NULL),
(1219, 'Wednesday', '7:30AM - 8:30AM', 13, 6, 204, '7', NULL, NULL),
(1220, 'Wednesday', '8:30AM - 9:30AM', 13, 6, 204, '7', NULL, NULL),
(1221, 'Wednesday', '9:45AM - 10:45AM', 13, 6, 204, '7', NULL, NULL),
(1222, 'Wednesday', '10:45AM - 11:45AM', 13, 6, 204, '7', NULL, NULL),
(1223, 'Wednesday', '1:00PM - 2:00PM', 13, 6, 204, '7', NULL, NULL),
(1224, 'Wednesday', '2:00PM - 3:00PM', 13, 6, 204, '7', NULL, NULL),
(1225, 'Wednesday', '3:00PM - 4:00PM', 13, 6, 204, '7', NULL, NULL),
(1226, 'Wednesday', '4:00PM - 5:00PM', 13, 6, 204, '7', NULL, NULL),
(1227, 'Thursday', '7:30AM - 8:30AM', 13, 6, 204, '7', NULL, NULL),
(1228, 'Thursday', '8:30AM - 9:30AM', 13, 6, 204, '7', NULL, NULL),
(1229, 'Thursday', '9:45AM - 10:45AM', 13, 6, 204, '7', NULL, NULL),
(1230, 'Thursday', '10:45AM - 11:45AM', 13, 6, 204, '7', NULL, NULL),
(1231, 'Thursday', '1:00PM - 2:00PM', 13, 6, 204, '7', NULL, NULL),
(1232, 'Thursday', '2:00PM - 3:00PM', 13, 6, 204, '7', NULL, NULL),
(1233, 'Thursday', '3:00PM - 4:00PM', 13, 6, 204, '7', NULL, NULL),
(1234, 'Thursday', '4:00PM - 5:00PM', 13, 6, 204, '7', NULL, NULL),
(1235, 'Friday', '7:30AM - 8:30AM', 13, 6, 204, '7', NULL, NULL),
(1236, 'Friday', '8:30AM - 9:30AM', 13, 6, 204, '7', NULL, NULL),
(1237, 'Friday', '9:45AM - 10:45AM', 13, 6, 204, '7', NULL, NULL),
(1238, 'Friday', '10:45AM - 11:45AM', 13, 6, 204, '7', NULL, NULL),
(1239, 'Friday', '1:00PM - 2:00PM', 13, 6, 204, '7', NULL, NULL),
(1240, 'Friday', '2:00PM - 3:00PM', 13, 6, 204, '7', NULL, NULL),
(1241, 'Friday', '3:00PM - 4:00PM', 13, 6, 204, '7', NULL, NULL),
(1242, 'Friday', '4:00PM - 5:00PM', 13, 6, 204, '7', NULL, NULL),
(1243, 'Monday', '7:30AM - 8:30AM', 13, 6, 204, '8', NULL, NULL),
(1244, 'Monday', '8:30AM - 9:30AM', 13, 6, 204, '8', NULL, NULL),
(1245, 'Monday', '9:45AM - 10:45AM', 13, 6, 204, '8', NULL, NULL),
(1246, 'Monday', '10:45AM - 11:45AM', 13, 6, 204, '8', NULL, NULL),
(1247, 'Monday', '1:00PM - 2:00PM', 13, 6, 204, '8', NULL, NULL),
(1248, 'Monday', '2:00PM - 3:00PM', 13, 6, 204, '8', NULL, NULL),
(1249, 'Monday', '3:00PM - 4:00PM', 13, 6, 204, '8', NULL, NULL),
(1250, 'Monday', '4:00PM - 5:00PM', 13, 6, 204, '8', NULL, NULL),
(1251, 'Tuesday', '7:30AM - 8:30AM', 13, 6, 204, '8', NULL, NULL),
(1252, 'Tuesday', '8:30AM - 9:30AM', 13, 6, 204, '8', NULL, NULL),
(1253, 'Tuesday', '9:45AM - 10:45AM', 13, 6, 204, '8', NULL, NULL),
(1254, 'Tuesday', '10:45AM - 11:45AM', 13, 6, 204, '8', NULL, NULL),
(1255, 'Tuesday', '1:00PM - 2:00PM', 13, 6, 204, '8', NULL, NULL),
(1256, 'Tuesday', '2:00PM - 3:00PM', 13, 6, 204, '8', NULL, NULL),
(1257, 'Tuesday', '3:00PM - 4:00PM', 13, 6, 204, '8', NULL, NULL),
(1258, 'Tuesday', '4:00PM - 5:00PM', 13, 6, 204, '8', NULL, NULL),
(1259, 'Wednesday', '7:30AM - 8:30AM', 13, 6, 204, '8', NULL, NULL),
(1260, 'Wednesday', '8:30AM - 9:30AM', 13, 6, 204, '8', NULL, NULL),
(1261, 'Wednesday', '9:45AM - 10:45AM', 13, 6, 204, '8', NULL, NULL),
(1262, 'Wednesday', '10:45AM - 11:45AM', 13, 6, 204, '8', NULL, NULL),
(1263, 'Wednesday', '1:00PM - 2:00PM', 13, 6, 204, '8', NULL, NULL),
(1264, 'Wednesday', '2:00PM - 3:00PM', 13, 6, 204, '8', NULL, NULL),
(1265, 'Wednesday', '3:00PM - 4:00PM', 13, 6, 204, '8', NULL, NULL),
(1266, 'Wednesday', '4:00PM - 5:00PM', 13, 6, 204, '8', NULL, NULL),
(1267, 'Thursday', '7:30AM - 8:30AM', 13, 6, 204, '8', NULL, NULL),
(1268, 'Thursday', '8:30AM - 9:30AM', 13, 6, 204, '8', NULL, NULL),
(1269, 'Thursday', '9:45AM - 10:45AM', 13, 6, 204, '8', NULL, NULL),
(1270, 'Thursday', '10:45AM - 11:45AM', 13, 6, 204, '8', NULL, NULL),
(1271, 'Thursday', '1:00PM - 2:00PM', 13, 6, 204, '8', NULL, NULL),
(1272, 'Thursday', '2:00PM - 3:00PM', 13, 6, 204, '8', NULL, NULL),
(1273, 'Thursday', '3:00PM - 4:00PM', 13, 6, 204, '8', NULL, NULL),
(1274, 'Thursday', '4:00PM - 5:00PM', 13, 6, 204, '8', NULL, NULL),
(1275, 'Friday', '7:30AM - 8:30AM', 13, 6, 204, '8', NULL, NULL),
(1276, 'Friday', '8:30AM - 9:30AM', 13, 6, 204, '8', NULL, NULL),
(1277, 'Friday', '9:45AM - 10:45AM', 13, 6, 204, '8', NULL, NULL),
(1278, 'Friday', '10:45AM - 11:45AM', 13, 6, 204, '8', NULL, NULL),
(1279, 'Friday', '1:00PM - 2:00PM', 13, 6, 204, '8', NULL, NULL),
(1280, 'Friday', '2:00PM - 3:00PM', 13, 6, 204, '8', NULL, NULL),
(1281, 'Friday', '3:00PM - 4:00PM', 13, 6, 204, '8', NULL, NULL),
(1282, 'Friday', '4:00PM - 5:00PM', 13, 6, 204, '8', NULL, NULL),
(1283, 'Monday', '7:30AM - 8:30AM', 13, 6, 204, '9', NULL, NULL),
(1284, 'Monday', '8:30AM - 9:30AM', 13, 6, 204, '9', NULL, NULL),
(1285, 'Monday', '9:45AM - 10:45AM', 13, 6, 204, '9', NULL, NULL),
(1286, 'Monday', '10:45AM - 11:45AM', 13, 6, 204, '9', NULL, NULL),
(1287, 'Monday', '1:00PM - 2:00PM', 13, 6, 204, '9', NULL, NULL),
(1288, 'Monday', '2:00PM - 3:00PM', 13, 6, 204, '9', NULL, NULL),
(1289, 'Monday', '3:00PM - 4:00PM', 13, 6, 204, '9', NULL, NULL),
(1290, 'Monday', '4:00PM - 5:00PM', 13, 6, 204, '9', NULL, NULL),
(1291, 'Tuesday', '7:30AM - 8:30AM', 13, 6, 204, '9', NULL, NULL),
(1292, 'Tuesday', '8:30AM - 9:30AM', 13, 6, 204, '9', NULL, NULL),
(1293, 'Tuesday', '9:45AM - 10:45AM', 13, 6, 204, '9', NULL, NULL),
(1294, 'Tuesday', '10:45AM - 11:45AM', 13, 6, 204, '9', NULL, NULL),
(1295, 'Tuesday', '1:00PM - 2:00PM', 13, 6, 204, '9', NULL, NULL),
(1296, 'Tuesday', '2:00PM - 3:00PM', 13, 6, 204, '9', NULL, NULL),
(1297, 'Tuesday', '3:00PM - 4:00PM', 13, 6, 204, '9', NULL, NULL),
(1298, 'Tuesday', '4:00PM - 5:00PM', 13, 6, 204, '9', NULL, NULL),
(1299, 'Wednesday', '7:30AM - 8:30AM', 13, 6, 204, '9', NULL, NULL),
(1300, 'Wednesday', '8:30AM - 9:30AM', 13, 6, 204, '9', NULL, NULL),
(1301, 'Wednesday', '9:45AM - 10:45AM', 13, 6, 204, '9', NULL, NULL),
(1302, 'Wednesday', '10:45AM - 11:45AM', 13, 6, 204, '9', NULL, NULL),
(1303, 'Wednesday', '1:00PM - 2:00PM', 13, 6, 204, '9', NULL, NULL),
(1304, 'Wednesday', '2:00PM - 3:00PM', 13, 6, 204, '9', NULL, NULL),
(1305, 'Wednesday', '3:00PM - 4:00PM', 13, 6, 204, '9', NULL, NULL),
(1306, 'Wednesday', '4:00PM - 5:00PM', 13, 6, 204, '9', NULL, NULL),
(1307, 'Thursday', '7:30AM - 8:30AM', 13, 6, 204, '9', NULL, NULL),
(1308, 'Thursday', '8:30AM - 9:30AM', 13, 6, 204, '9', NULL, NULL),
(1309, 'Thursday', '9:45AM - 10:45AM', 13, 6, 204, '9', NULL, NULL),
(1310, 'Thursday', '10:45AM - 11:45AM', 13, 6, 204, '9', NULL, NULL),
(1311, 'Thursday', '1:00PM - 2:00PM', 13, 6, 204, '9', NULL, NULL),
(1312, 'Thursday', '2:00PM - 3:00PM', 13, 6, 204, '9', NULL, NULL),
(1313, 'Thursday', '3:00PM - 4:00PM', 13, 6, 204, '9', NULL, NULL),
(1314, 'Thursday', '4:00PM - 5:00PM', 13, 6, 204, '9', NULL, NULL),
(1315, 'Friday', '7:30AM - 8:30AM', 13, 6, 204, '9', NULL, NULL),
(1316, 'Friday', '8:30AM - 9:30AM', 13, 6, 204, '9', NULL, NULL),
(1317, 'Friday', '9:45AM - 10:45AM', 13, 6, 204, '9', NULL, NULL),
(1318, 'Friday', '10:45AM - 11:45AM', 13, 6, 204, '9', NULL, NULL),
(1319, 'Friday', '1:00PM - 2:00PM', 13, 6, 204, '9', NULL, NULL),
(1320, 'Friday', '2:00PM - 3:00PM', 13, 6, 204, '9', NULL, NULL),
(1321, 'Friday', '3:00PM - 4:00PM', 13, 6, 204, '9', NULL, NULL),
(1322, 'Friday', '4:00PM - 5:00PM', 13, 6, 204, '9', NULL, NULL),
(1323, 'Monday', '7:30AM - 8:30AM', 13, 6, 204, '10', NULL, NULL),
(1324, 'Monday', '8:30AM - 9:30AM', 13, 6, 204, '10', NULL, NULL),
(1325, 'Monday', '9:45AM - 10:45AM', 13, 6, 204, '10', NULL, NULL),
(1326, 'Monday', '10:45AM - 11:45AM', 13, 6, 204, '10', NULL, NULL),
(1327, 'Monday', '1:00PM - 2:00PM', 13, 6, 204, '10', NULL, NULL),
(1328, 'Monday', '2:00PM - 3:00PM', 13, 6, 204, '10', NULL, NULL),
(1329, 'Monday', '3:00PM - 4:00PM', 13, 6, 204, '10', NULL, NULL),
(1330, 'Monday', '4:00PM - 5:00PM', 13, 6, 204, '10', NULL, NULL),
(1331, 'Tuesday', '7:30AM - 8:30AM', 13, 6, 204, '10', NULL, NULL),
(1332, 'Tuesday', '8:30AM - 9:30AM', 13, 6, 204, '10', NULL, NULL),
(1333, 'Tuesday', '9:45AM - 10:45AM', 13, 6, 204, '10', NULL, NULL),
(1334, 'Tuesday', '10:45AM - 11:45AM', 13, 6, 204, '10', NULL, NULL),
(1335, 'Tuesday', '1:00PM - 2:00PM', 13, 6, 204, '10', NULL, NULL),
(1336, 'Tuesday', '2:00PM - 3:00PM', 13, 6, 204, '10', NULL, NULL),
(1337, 'Tuesday', '3:00PM - 4:00PM', 13, 6, 204, '10', NULL, NULL),
(1338, 'Tuesday', '4:00PM - 5:00PM', 13, 6, 204, '10', NULL, NULL),
(1339, 'Wednesday', '7:30AM - 8:30AM', 13, 6, 204, '10', NULL, NULL),
(1340, 'Wednesday', '8:30AM - 9:30AM', 13, 6, 204, '10', NULL, NULL),
(1341, 'Wednesday', '9:45AM - 10:45AM', 13, 6, 204, '10', NULL, NULL),
(1342, 'Wednesday', '10:45AM - 11:45AM', 13, 6, 204, '10', NULL, NULL),
(1343, 'Wednesday', '1:00PM - 2:00PM', 13, 6, 204, '10', NULL, NULL),
(1344, 'Wednesday', '2:00PM - 3:00PM', 13, 6, 204, '10', NULL, NULL),
(1345, 'Wednesday', '3:00PM - 4:00PM', 13, 6, 204, '10', NULL, NULL),
(1346, 'Wednesday', '4:00PM - 5:00PM', 13, 6, 204, '10', NULL, NULL),
(1347, 'Thursday', '7:30AM - 8:30AM', 13, 6, 204, '10', NULL, NULL),
(1348, 'Thursday', '8:30AM - 9:30AM', 13, 6, 204, '10', NULL, NULL),
(1349, 'Thursday', '9:45AM - 10:45AM', 13, 6, 204, '10', NULL, NULL),
(1350, 'Thursday', '10:45AM - 11:45AM', 13, 6, 204, '10', NULL, NULL),
(1351, 'Thursday', '1:00PM - 2:00PM', 13, 6, 204, '10', NULL, NULL),
(1352, 'Thursday', '2:00PM - 3:00PM', 13, 6, 204, '10', NULL, NULL),
(1353, 'Thursday', '3:00PM - 4:00PM', 13, 6, 204, '10', NULL, NULL),
(1354, 'Thursday', '4:00PM - 5:00PM', 13, 6, 204, '10', NULL, NULL),
(1355, 'Friday', '7:30AM - 8:30AM', 13, 6, 204, '10', NULL, NULL),
(1356, 'Friday', '8:30AM - 9:30AM', 13, 6, 204, '10', NULL, NULL),
(1357, 'Friday', '9:45AM - 10:45AM', 13, 6, 204, '10', NULL, NULL),
(1358, 'Friday', '10:45AM - 11:45AM', 13, 6, 204, '10', NULL, NULL),
(1359, 'Friday', '1:00PM - 2:00PM', 13, 6, 204, '10', NULL, NULL),
(1360, 'Friday', '2:00PM - 3:00PM', 13, 6, 204, '10', NULL, NULL),
(1361, 'Friday', '3:00PM - 4:00PM', 13, 6, 204, '10', NULL, NULL),
(1362, 'Friday', '4:00PM - 5:00PM', 13, 6, 204, '10', NULL, NULL),
(1363, 'Monday', '7:30AM - 8:30AM', 13, 6, 204, '11', NULL, NULL),
(1364, 'Monday', '8:30AM - 9:30AM', 13, 6, 204, '11', NULL, NULL),
(1365, 'Monday', '9:45AM - 10:45AM', 13, 6, 204, '11', NULL, NULL),
(1366, 'Monday', '10:45AM - 11:45AM', 13, 6, 204, '11', NULL, NULL),
(1367, 'Monday', '1:00PM - 2:00PM', 13, 6, 204, '11', NULL, NULL),
(1368, 'Monday', '2:00PM - 3:00PM', 13, 6, 204, '11', NULL, NULL),
(1369, 'Monday', '3:00PM - 4:00PM', 13, 6, 204, '11', NULL, NULL),
(1370, 'Monday', '4:00PM - 5:00PM', 13, 6, 204, '11', NULL, NULL),
(1371, 'Tuesday', '7:30AM - 8:30AM', 13, 6, 204, '11', NULL, NULL),
(1372, 'Tuesday', '8:30AM - 9:30AM', 13, 6, 204, '11', NULL, NULL),
(1373, 'Tuesday', '9:45AM - 10:45AM', 13, 6, 204, '11', NULL, NULL),
(1374, 'Tuesday', '10:45AM - 11:45AM', 13, 6, 204, '11', NULL, NULL),
(1375, 'Tuesday', '1:00PM - 2:00PM', 13, 6, 204, '11', NULL, NULL),
(1376, 'Tuesday', '2:00PM - 3:00PM', 13, 6, 204, '11', NULL, NULL),
(1377, 'Tuesday', '3:00PM - 4:00PM', 13, 6, 204, '11', NULL, NULL),
(1378, 'Tuesday', '4:00PM - 5:00PM', 13, 6, 204, '11', NULL, NULL),
(1379, 'Wednesday', '7:30AM - 8:30AM', 13, 6, 204, '11', NULL, NULL),
(1380, 'Wednesday', '8:30AM - 9:30AM', 13, 6, 204, '11', NULL, NULL),
(1381, 'Wednesday', '9:45AM - 10:45AM', 13, 6, 204, '11', NULL, NULL),
(1382, 'Wednesday', '10:45AM - 11:45AM', 13, 6, 204, '11', NULL, NULL),
(1383, 'Wednesday', '1:00PM - 2:00PM', 13, 6, 204, '11', NULL, NULL),
(1384, 'Wednesday', '2:00PM - 3:00PM', 13, 6, 204, '11', NULL, NULL),
(1385, 'Wednesday', '3:00PM - 4:00PM', 13, 6, 204, '11', NULL, NULL),
(1386, 'Wednesday', '4:00PM - 5:00PM', 13, 6, 204, '11', NULL, NULL),
(1387, 'Thursday', '7:30AM - 8:30AM', 13, 6, 204, '11', NULL, NULL),
(1388, 'Thursday', '8:30AM - 9:30AM', 13, 6, 204, '11', NULL, NULL),
(1389, 'Thursday', '9:45AM - 10:45AM', 13, 6, 204, '11', NULL, NULL),
(1390, 'Thursday', '10:45AM - 11:45AM', 13, 6, 204, '11', NULL, NULL),
(1391, 'Thursday', '1:00PM - 2:00PM', 13, 6, 204, '11', NULL, NULL),
(1392, 'Thursday', '2:00PM - 3:00PM', 13, 6, 204, '11', NULL, NULL),
(1393, 'Thursday', '3:00PM - 4:00PM', 13, 6, 204, '11', NULL, NULL),
(1394, 'Thursday', '4:00PM - 5:00PM', 13, 6, 204, '11', NULL, NULL),
(1395, 'Friday', '7:30AM - 8:30AM', 13, 6, 204, '11', NULL, NULL),
(1396, 'Friday', '8:30AM - 9:30AM', 13, 6, 204, '11', NULL, NULL),
(1397, 'Friday', '9:45AM - 10:45AM', 13, 6, 204, '11', NULL, NULL),
(1398, 'Friday', '10:45AM - 11:45AM', 13, 6, 204, '11', NULL, NULL),
(1399, 'Friday', '1:00PM - 2:00PM', 13, 6, 204, '11', NULL, NULL),
(1400, 'Friday', '2:00PM - 3:00PM', 13, 6, 204, '11', NULL, NULL),
(1401, 'Friday', '3:00PM - 4:00PM', 13, 6, 204, '11', NULL, NULL),
(1402, 'Friday', '4:00PM - 5:00PM', 13, 6, 204, '11', NULL, NULL),
(1403, 'Monday', '7:30AM - 8:30AM', 13, 6, 204, '12', NULL, NULL),
(1404, 'Monday', '8:30AM - 9:30AM', 13, 6, 204, '12', NULL, NULL),
(1405, 'Monday', '9:45AM - 10:45AM', 13, 6, 204, '12', NULL, NULL),
(1406, 'Monday', '10:45AM - 11:45AM', 13, 6, 204, '12', NULL, NULL),
(1407, 'Monday', '1:00PM - 2:00PM', 13, 6, 204, '12', NULL, NULL),
(1408, 'Monday', '2:00PM - 3:00PM', 13, 6, 204, '12', NULL, NULL),
(1409, 'Monday', '3:00PM - 4:00PM', 13, 6, 204, '12', NULL, NULL),
(1410, 'Monday', '4:00PM - 5:00PM', 13, 6, 204, '12', NULL, NULL),
(1411, 'Tuesday', '7:30AM - 8:30AM', 13, 6, 204, '12', NULL, NULL),
(1412, 'Tuesday', '8:30AM - 9:30AM', 13, 6, 204, '12', NULL, NULL),
(1413, 'Tuesday', '9:45AM - 10:45AM', 13, 6, 204, '12', NULL, NULL),
(1414, 'Tuesday', '10:45AM - 11:45AM', 13, 6, 204, '12', NULL, NULL),
(1415, 'Tuesday', '1:00PM - 2:00PM', 13, 6, 204, '12', NULL, NULL),
(1416, 'Tuesday', '2:00PM - 3:00PM', 13, 6, 204, '12', NULL, NULL),
(1417, 'Tuesday', '3:00PM - 4:00PM', 13, 6, 204, '12', NULL, NULL),
(1418, 'Tuesday', '4:00PM - 5:00PM', 13, 6, 204, '12', NULL, NULL),
(1419, 'Wednesday', '7:30AM - 8:30AM', 13, 6, 204, '12', NULL, NULL),
(1420, 'Wednesday', '8:30AM - 9:30AM', 13, 6, 204, '12', NULL, NULL),
(1421, 'Wednesday', '9:45AM - 10:45AM', 13, 6, 204, '12', NULL, NULL),
(1422, 'Wednesday', '10:45AM - 11:45AM', 13, 6, 204, '12', NULL, NULL),
(1423, 'Wednesday', '1:00PM - 2:00PM', 13, 6, 204, '12', NULL, NULL),
(1424, 'Wednesday', '2:00PM - 3:00PM', 13, 6, 204, '12', NULL, NULL),
(1425, 'Wednesday', '3:00PM - 4:00PM', 13, 6, 204, '12', NULL, NULL),
(1426, 'Wednesday', '4:00PM - 5:00PM', 13, 6, 204, '12', NULL, NULL),
(1427, 'Thursday', '7:30AM - 8:30AM', 13, 6, 204, '12', NULL, NULL),
(1428, 'Thursday', '8:30AM - 9:30AM', 13, 6, 204, '12', NULL, NULL),
(1429, 'Thursday', '9:45AM - 10:45AM', 13, 6, 204, '12', NULL, NULL),
(1430, 'Thursday', '10:45AM - 11:45AM', 13, 6, 204, '12', NULL, NULL),
(1431, 'Thursday', '1:00PM - 2:00PM', 13, 6, 204, '12', NULL, NULL),
(1432, 'Thursday', '2:00PM - 3:00PM', 13, 6, 204, '12', NULL, NULL),
(1433, 'Thursday', '3:00PM - 4:00PM', 13, 6, 204, '12', NULL, NULL),
(1434, 'Thursday', '4:00PM - 5:00PM', 13, 6, 204, '12', NULL, NULL),
(1435, 'Friday', '7:30AM - 8:30AM', 13, 6, 204, '12', NULL, NULL),
(1436, 'Friday', '8:30AM - 9:30AM', 13, 6, 204, '12', NULL, NULL),
(1437, 'Friday', '9:45AM - 10:45AM', 13, 6, 204, '12', NULL, NULL),
(1438, 'Friday', '10:45AM - 11:45AM', 13, 6, 204, '12', NULL, NULL),
(1439, 'Friday', '1:00PM - 2:00PM', 13, 6, 204, '12', NULL, NULL),
(1440, 'Friday', '2:00PM - 3:00PM', 13, 6, 204, '12', NULL, NULL),
(1441, 'Friday', '3:00PM - 4:00PM', 13, 6, 204, '12', NULL, NULL),
(1442, 'Friday', '4:00PM - 5:00PM', 13, 6, 204, '12', NULL, NULL),
(1443, 'Monday', '7:30AM - 8:30AM', 13, 6, 204, '13', NULL, NULL),
(1444, 'Monday', '8:30AM - 9:30AM', 13, 6, 204, '13', NULL, NULL),
(1445, 'Monday', '9:45AM - 10:45AM', 13, 6, 204, '13', NULL, NULL),
(1446, 'Monday', '10:45AM - 11:45AM', 13, 6, 204, '13', NULL, NULL),
(1447, 'Monday', '1:00PM - 2:00PM', 13, 6, 204, '13', NULL, NULL),
(1448, 'Monday', '2:00PM - 3:00PM', 13, 6, 204, '13', NULL, NULL),
(1449, 'Monday', '3:00PM - 4:00PM', 13, 6, 204, '13', NULL, NULL),
(1450, 'Monday', '4:00PM - 5:00PM', 13, 6, 204, '13', NULL, NULL),
(1451, 'Tuesday', '7:30AM - 8:30AM', 13, 6, 204, '13', NULL, NULL),
(1452, 'Tuesday', '8:30AM - 9:30AM', 13, 6, 204, '13', NULL, NULL),
(1453, 'Tuesday', '9:45AM - 10:45AM', 13, 6, 204, '13', NULL, NULL),
(1454, 'Tuesday', '10:45AM - 11:45AM', 13, 6, 204, '13', NULL, NULL),
(1455, 'Tuesday', '1:00PM - 2:00PM', 13, 6, 204, '13', NULL, NULL),
(1456, 'Tuesday', '2:00PM - 3:00PM', 13, 6, 204, '13', NULL, NULL),
(1457, 'Tuesday', '3:00PM - 4:00PM', 13, 6, 204, '13', NULL, NULL),
(1458, 'Tuesday', '4:00PM - 5:00PM', 13, 6, 204, '13', NULL, NULL),
(1459, 'Wednesday', '7:30AM - 8:30AM', 13, 6, 204, '13', NULL, NULL),
(1460, 'Wednesday', '8:30AM - 9:30AM', 13, 6, 204, '13', NULL, NULL),
(1461, 'Wednesday', '9:45AM - 10:45AM', 13, 6, 204, '13', NULL, NULL),
(1462, 'Wednesday', '10:45AM - 11:45AM', 13, 6, 204, '13', NULL, NULL),
(1463, 'Wednesday', '1:00PM - 2:00PM', 13, 6, 204, '13', NULL, NULL),
(1464, 'Wednesday', '2:00PM - 3:00PM', 13, 6, 204, '13', NULL, NULL),
(1465, 'Wednesday', '3:00PM - 4:00PM', 13, 6, 204, '13', NULL, NULL),
(1466, 'Wednesday', '4:00PM - 5:00PM', 13, 6, 204, '13', NULL, NULL),
(1467, 'Thursday', '7:30AM - 8:30AM', 13, 6, 204, '13', NULL, NULL),
(1468, 'Thursday', '8:30AM - 9:30AM', 13, 6, 204, '13', NULL, NULL),
(1469, 'Thursday', '9:45AM - 10:45AM', 13, 6, 204, '13', NULL, NULL),
(1470, 'Thursday', '10:45AM - 11:45AM', 13, 6, 204, '13', NULL, NULL),
(1471, 'Thursday', '1:00PM - 2:00PM', 13, 6, 204, '13', NULL, NULL),
(1472, 'Thursday', '2:00PM - 3:00PM', 13, 6, 204, '13', NULL, NULL),
(1473, 'Thursday', '3:00PM - 4:00PM', 13, 6, 204, '13', NULL, NULL),
(1474, 'Thursday', '4:00PM - 5:00PM', 13, 6, 204, '13', NULL, NULL),
(1475, 'Friday', '7:30AM - 8:30AM', 13, 6, 204, '13', NULL, NULL),
(1476, 'Friday', '8:30AM - 9:30AM', 13, 6, 204, '13', NULL, NULL),
(1477, 'Friday', '9:45AM - 10:45AM', 13, 6, 204, '13', NULL, NULL),
(1478, 'Friday', '10:45AM - 11:45AM', 13, 6, 204, '13', NULL, NULL),
(1479, 'Friday', '1:00PM - 2:00PM', 13, 6, 204, '13', NULL, NULL),
(1480, 'Friday', '2:00PM - 3:00PM', 13, 6, 204, '13', NULL, NULL),
(1481, 'Friday', '3:00PM - 4:00PM', 13, 6, 204, '13', NULL, NULL),
(1482, 'Friday', '4:00PM - 5:00PM', 13, 6, 204, '13', NULL, NULL),
(1483, 'Monday', '7:30AM - 8:30AM', 13, 6, 204, '14', NULL, NULL),
(1484, 'Monday', '8:30AM - 9:30AM', 13, 6, 204, '14', NULL, NULL),
(1485, 'Monday', '9:45AM - 10:45AM', 13, 6, 204, '14', NULL, NULL),
(1486, 'Monday', '10:45AM - 11:45AM', 13, 6, 204, '14', NULL, NULL),
(1487, 'Monday', '1:00PM - 2:00PM', 13, 6, 204, '14', NULL, NULL),
(1488, 'Monday', '2:00PM - 3:00PM', 13, 6, 204, '14', NULL, NULL),
(1489, 'Monday', '3:00PM - 4:00PM', 13, 6, 204, '14', NULL, NULL),
(1490, 'Monday', '4:00PM - 5:00PM', 13, 6, 204, '14', NULL, NULL),
(1491, 'Tuesday', '7:30AM - 8:30AM', 13, 6, 204, '14', NULL, NULL),
(1492, 'Tuesday', '8:30AM - 9:30AM', 13, 6, 204, '14', NULL, NULL),
(1493, 'Tuesday', '9:45AM - 10:45AM', 13, 6, 204, '14', NULL, NULL),
(1494, 'Tuesday', '10:45AM - 11:45AM', 13, 6, 204, '14', NULL, NULL),
(1495, 'Tuesday', '1:00PM - 2:00PM', 13, 6, 204, '14', NULL, NULL),
(1496, 'Tuesday', '2:00PM - 3:00PM', 13, 6, 204, '14', NULL, NULL),
(1497, 'Tuesday', '3:00PM - 4:00PM', 13, 6, 204, '14', NULL, NULL),
(1498, 'Tuesday', '4:00PM - 5:00PM', 13, 6, 204, '14', NULL, NULL),
(1499, 'Wednesday', '7:30AM - 8:30AM', 13, 6, 204, '14', NULL, NULL),
(1500, 'Wednesday', '8:30AM - 9:30AM', 13, 6, 204, '14', NULL, NULL),
(1501, 'Wednesday', '9:45AM - 10:45AM', 13, 6, 204, '14', NULL, NULL),
(1502, 'Wednesday', '10:45AM - 11:45AM', 13, 6, 204, '14', NULL, NULL),
(1503, 'Wednesday', '1:00PM - 2:00PM', 13, 6, 204, '14', NULL, NULL),
(1504, 'Wednesday', '2:00PM - 3:00PM', 13, 6, 204, '14', NULL, NULL),
(1505, 'Wednesday', '3:00PM - 4:00PM', 13, 6, 204, '14', NULL, NULL),
(1506, 'Wednesday', '4:00PM - 5:00PM', 13, 6, 204, '14', NULL, NULL),
(1507, 'Thursday', '7:30AM - 8:30AM', 13, 6, 204, '14', NULL, NULL),
(1508, 'Thursday', '8:30AM - 9:30AM', 13, 6, 204, '14', NULL, NULL),
(1509, 'Thursday', '9:45AM - 10:45AM', 13, 6, 204, '14', NULL, NULL),
(1510, 'Thursday', '10:45AM - 11:45AM', 13, 6, 204, '14', NULL, NULL),
(1511, 'Thursday', '1:00PM - 2:00PM', 13, 6, 204, '14', NULL, NULL),
(1512, 'Thursday', '2:00PM - 3:00PM', 13, 6, 204, '14', NULL, NULL),
(1513, 'Thursday', '3:00PM - 4:00PM', 13, 6, 204, '14', NULL, NULL),
(1514, 'Thursday', '4:00PM - 5:00PM', 13, 6, 204, '14', NULL, NULL),
(1515, 'Friday', '7:30AM - 8:30AM', 13, 6, 204, '14', NULL, NULL),
(1516, 'Friday', '8:30AM - 9:30AM', 13, 6, 204, '14', NULL, NULL),
(1517, 'Friday', '9:45AM - 10:45AM', 13, 6, 204, '14', NULL, NULL),
(1518, 'Friday', '10:45AM - 11:45AM', 13, 6, 204, '14', NULL, NULL),
(1519, 'Friday', '1:00PM - 2:00PM', 13, 6, 204, '14', NULL, NULL),
(1520, 'Friday', '2:00PM - 3:00PM', 13, 6, 204, '14', NULL, NULL);
INSERT INTO `tbl_class_schedules` (`id`, `sched_day`, `sched_time`, `sched_room`, `sched_teacher`, `sched_subject`, `sched_class_name`, `created_at`, `updated_at`) VALUES
(1521, 'Friday', '3:00PM - 4:00PM', 13, 6, 204, '14', NULL, NULL),
(1522, 'Friday', '4:00PM - 5:00PM', 13, 6, 204, '14', NULL, NULL),
(1523, 'Monday', '7:30AM - 8:30AM', 13, 6, 204, '15', NULL, NULL),
(1524, 'Monday', '8:30AM - 9:30AM', 13, 6, 204, '15', NULL, NULL),
(1525, 'Monday', '9:45AM - 10:45AM', 13, 6, 204, '15', NULL, NULL),
(1526, 'Monday', '10:45AM - 11:45AM', 13, 6, 204, '15', NULL, NULL),
(1527, 'Monday', '1:00PM - 2:00PM', 13, 6, 204, '15', NULL, NULL),
(1528, 'Monday', '2:00PM - 3:00PM', 13, 6, 204, '15', NULL, NULL),
(1529, 'Monday', '3:00PM - 4:00PM', 13, 6, 204, '15', NULL, NULL),
(1530, 'Monday', '4:00PM - 5:00PM', 13, 6, 204, '15', NULL, NULL),
(1531, 'Tuesday', '7:30AM - 8:30AM', 13, 6, 204, '15', NULL, NULL),
(1532, 'Tuesday', '8:30AM - 9:30AM', 13, 6, 204, '15', NULL, NULL),
(1533, 'Tuesday', '9:45AM - 10:45AM', 13, 6, 204, '15', NULL, NULL),
(1534, 'Tuesday', '10:45AM - 11:45AM', 13, 6, 204, '15', NULL, NULL),
(1535, 'Tuesday', '1:00PM - 2:00PM', 13, 6, 204, '15', NULL, NULL),
(1536, 'Tuesday', '2:00PM - 3:00PM', 13, 6, 204, '15', NULL, NULL),
(1537, 'Tuesday', '3:00PM - 4:00PM', 13, 6, 204, '15', NULL, NULL),
(1538, 'Tuesday', '4:00PM - 5:00PM', 13, 6, 204, '15', NULL, NULL),
(1539, 'Wednesday', '7:30AM - 8:30AM', 13, 6, 204, '15', NULL, NULL),
(1540, 'Wednesday', '8:30AM - 9:30AM', 13, 6, 204, '15', NULL, NULL),
(1541, 'Wednesday', '9:45AM - 10:45AM', 13, 6, 204, '15', NULL, NULL),
(1542, 'Wednesday', '10:45AM - 11:45AM', 13, 6, 204, '15', NULL, NULL),
(1543, 'Wednesday', '1:00PM - 2:00PM', 13, 6, 204, '15', NULL, NULL),
(1544, 'Wednesday', '2:00PM - 3:00PM', 13, 6, 204, '15', NULL, NULL),
(1545, 'Wednesday', '3:00PM - 4:00PM', 13, 6, 204, '15', NULL, NULL),
(1546, 'Wednesday', '4:00PM - 5:00PM', 13, 6, 204, '15', NULL, NULL),
(1547, 'Thursday', '7:30AM - 8:30AM', 13, 6, 204, '15', NULL, NULL),
(1548, 'Thursday', '8:30AM - 9:30AM', 13, 6, 204, '15', NULL, NULL),
(1549, 'Thursday', '9:45AM - 10:45AM', 13, 6, 204, '15', NULL, NULL),
(1550, 'Thursday', '10:45AM - 11:45AM', 13, 6, 204, '15', NULL, NULL),
(1551, 'Thursday', '1:00PM - 2:00PM', 13, 6, 204, '15', NULL, NULL),
(1552, 'Thursday', '2:00PM - 3:00PM', 13, 6, 204, '15', NULL, NULL),
(1553, 'Thursday', '3:00PM - 4:00PM', 13, 6, 204, '15', NULL, NULL),
(1554, 'Thursday', '4:00PM - 5:00PM', 13, 6, 204, '15', NULL, NULL),
(1555, 'Friday', '7:30AM - 8:30AM', 13, 6, 204, '15', NULL, NULL),
(1556, 'Friday', '8:30AM - 9:30AM', 13, 6, 204, '15', NULL, NULL),
(1557, 'Friday', '9:45AM - 10:45AM', 13, 6, 204, '15', NULL, NULL),
(1558, 'Friday', '10:45AM - 11:45AM', 13, 6, 204, '15', NULL, NULL),
(1559, 'Friday', '1:00PM - 2:00PM', 13, 6, 204, '15', NULL, NULL),
(1560, 'Friday', '2:00PM - 3:00PM', 13, 6, 204, '15', NULL, NULL),
(1561, 'Friday', '3:00PM - 4:00PM', 13, 6, 204, '15', NULL, NULL),
(1562, 'Friday', '4:00PM - 5:00PM', 13, 6, 204, '15', NULL, NULL),
(1563, 'Monday', '7:30AM - 8:30AM', 13, 6, 204, '16', NULL, NULL),
(1564, 'Monday', '8:30AM - 9:30AM', 13, 6, 204, '16', NULL, NULL),
(1565, 'Monday', '9:45AM - 10:45AM', 13, 6, 204, '16', NULL, NULL),
(1566, 'Monday', '10:45AM - 11:45AM', 13, 6, 204, '16', NULL, NULL),
(1567, 'Monday', '1:00PM - 2:00PM', 13, 6, 204, '16', NULL, NULL),
(1568, 'Monday', '2:00PM - 3:00PM', 13, 6, 204, '16', NULL, NULL),
(1569, 'Monday', '3:00PM - 4:00PM', 13, 6, 204, '16', NULL, NULL),
(1570, 'Monday', '4:00PM - 5:00PM', 13, 6, 204, '16', NULL, NULL),
(1571, 'Tuesday', '7:30AM - 8:30AM', 13, 6, 204, '16', NULL, NULL),
(1572, 'Tuesday', '8:30AM - 9:30AM', 13, 6, 204, '16', NULL, NULL),
(1573, 'Tuesday', '9:45AM - 10:45AM', 13, 6, 204, '16', NULL, NULL),
(1574, 'Tuesday', '10:45AM - 11:45AM', 13, 6, 204, '16', NULL, NULL),
(1575, 'Tuesday', '1:00PM - 2:00PM', 13, 6, 204, '16', NULL, NULL),
(1576, 'Tuesday', '2:00PM - 3:00PM', 13, 6, 204, '16', NULL, NULL),
(1577, 'Tuesday', '3:00PM - 4:00PM', 13, 6, 204, '16', NULL, NULL),
(1578, 'Tuesday', '4:00PM - 5:00PM', 13, 6, 204, '16', NULL, NULL),
(1579, 'Wednesday', '7:30AM - 8:30AM', 13, 6, 204, '16', NULL, NULL),
(1580, 'Wednesday', '8:30AM - 9:30AM', 13, 6, 204, '16', NULL, NULL),
(1581, 'Wednesday', '9:45AM - 10:45AM', 13, 6, 204, '16', NULL, NULL),
(1582, 'Wednesday', '10:45AM - 11:45AM', 13, 6, 204, '16', NULL, NULL),
(1583, 'Wednesday', '1:00PM - 2:00PM', 13, 6, 204, '16', NULL, NULL),
(1584, 'Wednesday', '2:00PM - 3:00PM', 13, 6, 204, '16', NULL, NULL),
(1585, 'Wednesday', '3:00PM - 4:00PM', 13, 6, 204, '16', NULL, NULL),
(1586, 'Wednesday', '4:00PM - 5:00PM', 13, 6, 204, '16', NULL, NULL),
(1587, 'Thursday', '7:30AM - 8:30AM', 13, 6, 204, '16', NULL, NULL),
(1588, 'Thursday', '8:30AM - 9:30AM', 13, 6, 204, '16', NULL, NULL),
(1589, 'Thursday', '9:45AM - 10:45AM', 13, 6, 204, '16', NULL, NULL),
(1590, 'Thursday', '10:45AM - 11:45AM', 13, 6, 204, '16', NULL, NULL),
(1591, 'Thursday', '1:00PM - 2:00PM', 13, 6, 204, '16', NULL, NULL),
(1592, 'Thursday', '2:00PM - 3:00PM', 13, 6, 204, '16', NULL, NULL),
(1593, 'Thursday', '3:00PM - 4:00PM', 13, 6, 204, '16', NULL, NULL),
(1594, 'Thursday', '4:00PM - 5:00PM', 13, 6, 204, '16', NULL, NULL),
(1595, 'Friday', '7:30AM - 8:30AM', 13, 6, 204, '16', NULL, NULL),
(1596, 'Friday', '8:30AM - 9:30AM', 13, 6, 204, '16', NULL, NULL),
(1597, 'Friday', '9:45AM - 10:45AM', 13, 6, 204, '16', NULL, NULL),
(1598, 'Friday', '10:45AM - 11:45AM', 13, 6, 204, '16', NULL, NULL),
(1599, 'Friday', '1:00PM - 2:00PM', 13, 6, 204, '16', NULL, NULL),
(1600, 'Friday', '2:00PM - 3:00PM', 13, 6, 204, '16', NULL, NULL),
(1601, 'Friday', '3:00PM - 4:00PM', 13, 6, 204, '16', NULL, NULL),
(1602, 'Friday', '4:00PM - 5:00PM', 13, 6, 204, '16', NULL, NULL),
(1603, 'Monday', '7:30AM - 8:30AM', 13, 6, 204, '17', NULL, NULL),
(1604, 'Monday', '8:30AM - 9:30AM', 13, 6, 204, '17', NULL, NULL),
(1605, 'Monday', '9:45AM - 10:45AM', 13, 6, 204, '17', NULL, NULL),
(1606, 'Monday', '10:45AM - 11:45AM', 13, 6, 204, '17', NULL, NULL),
(1607, 'Monday', '1:00PM - 2:00PM', 13, 6, 204, '17', NULL, NULL),
(1608, 'Monday', '2:00PM - 3:00PM', 13, 6, 204, '17', NULL, NULL),
(1609, 'Monday', '3:00PM - 4:00PM', 13, 6, 204, '17', NULL, NULL),
(1610, 'Monday', '4:00PM - 5:00PM', 13, 6, 204, '17', NULL, NULL),
(1611, 'Tuesday', '7:30AM - 8:30AM', 13, 6, 204, '17', NULL, NULL),
(1612, 'Tuesday', '8:30AM - 9:30AM', 13, 6, 204, '17', NULL, NULL),
(1613, 'Tuesday', '9:45AM - 10:45AM', 13, 6, 204, '17', NULL, NULL),
(1614, 'Tuesday', '10:45AM - 11:45AM', 13, 6, 204, '17', NULL, NULL),
(1615, 'Tuesday', '1:00PM - 2:00PM', 13, 6, 204, '17', NULL, NULL),
(1616, 'Tuesday', '2:00PM - 3:00PM', 13, 6, 204, '17', NULL, NULL),
(1617, 'Tuesday', '3:00PM - 4:00PM', 13, 6, 204, '17', NULL, NULL),
(1618, 'Tuesday', '4:00PM - 5:00PM', 13, 6, 204, '17', NULL, NULL),
(1619, 'Wednesday', '7:30AM - 8:30AM', 13, 6, 204, '17', NULL, NULL),
(1620, 'Wednesday', '8:30AM - 9:30AM', 13, 6, 204, '17', NULL, NULL),
(1621, 'Wednesday', '9:45AM - 10:45AM', 13, 6, 204, '17', NULL, NULL),
(1622, 'Wednesday', '10:45AM - 11:45AM', 13, 6, 204, '17', NULL, NULL),
(1623, 'Wednesday', '1:00PM - 2:00PM', 13, 6, 204, '17', NULL, NULL),
(1624, 'Wednesday', '2:00PM - 3:00PM', 13, 6, 204, '17', NULL, NULL),
(1625, 'Wednesday', '3:00PM - 4:00PM', 13, 6, 204, '17', NULL, NULL),
(1626, 'Wednesday', '4:00PM - 5:00PM', 13, 6, 204, '17', NULL, NULL),
(1627, 'Thursday', '7:30AM - 8:30AM', 13, 6, 204, '17', NULL, NULL),
(1628, 'Thursday', '8:30AM - 9:30AM', 13, 6, 204, '17', NULL, NULL),
(1629, 'Thursday', '9:45AM - 10:45AM', 13, 6, 204, '17', NULL, NULL),
(1630, 'Thursday', '10:45AM - 11:45AM', 13, 6, 204, '17', NULL, NULL),
(1631, 'Thursday', '1:00PM - 2:00PM', 13, 6, 204, '17', NULL, NULL),
(1632, 'Thursday', '2:00PM - 3:00PM', 13, 6, 204, '17', NULL, NULL),
(1633, 'Thursday', '3:00PM - 4:00PM', 13, 6, 204, '17', NULL, NULL),
(1634, 'Thursday', '4:00PM - 5:00PM', 13, 6, 204, '17', NULL, NULL),
(1635, 'Friday', '7:30AM - 8:30AM', 13, 6, 204, '17', NULL, NULL),
(1636, 'Friday', '8:30AM - 9:30AM', 13, 6, 204, '17', NULL, NULL),
(1637, 'Friday', '9:45AM - 10:45AM', 13, 6, 204, '17', NULL, NULL),
(1638, 'Friday', '10:45AM - 11:45AM', 13, 6, 204, '17', NULL, NULL),
(1639, 'Friday', '1:00PM - 2:00PM', 13, 6, 204, '17', NULL, NULL),
(1640, 'Friday', '2:00PM - 3:00PM', 13, 6, 204, '17', NULL, NULL),
(1641, 'Friday', '3:00PM - 4:00PM', 13, 6, 204, '17', NULL, NULL),
(1642, 'Friday', '4:00PM - 5:00PM', 13, 6, 204, '17', NULL, NULL),
(1643, 'Monday', '7:30AM - 8:30AM', 13, 6, 204, '18', NULL, NULL),
(1644, 'Monday', '8:30AM - 9:30AM', 13, 6, 204, '18', NULL, NULL),
(1645, 'Monday', '9:45AM - 10:45AM', 13, 6, 204, '18', NULL, NULL),
(1646, 'Monday', '10:45AM - 11:45AM', 13, 6, 204, '18', NULL, NULL),
(1647, 'Monday', '1:00PM - 2:00PM', 13, 6, 204, '18', NULL, NULL),
(1648, 'Monday', '2:00PM - 3:00PM', 13, 6, 204, '18', NULL, NULL),
(1649, 'Monday', '3:00PM - 4:00PM', 13, 6, 204, '18', NULL, NULL),
(1650, 'Monday', '4:00PM - 5:00PM', 13, 6, 204, '18', NULL, NULL),
(1651, 'Tuesday', '7:30AM - 8:30AM', 13, 6, 204, '18', NULL, NULL),
(1652, 'Tuesday', '8:30AM - 9:30AM', 13, 6, 204, '18', NULL, NULL),
(1653, 'Tuesday', '9:45AM - 10:45AM', 13, 6, 204, '18', NULL, NULL),
(1654, 'Tuesday', '10:45AM - 11:45AM', 13, 6, 204, '18', NULL, NULL),
(1655, 'Tuesday', '1:00PM - 2:00PM', 13, 6, 204, '18', NULL, NULL),
(1656, 'Tuesday', '2:00PM - 3:00PM', 13, 6, 204, '18', NULL, NULL),
(1657, 'Tuesday', '3:00PM - 4:00PM', 13, 6, 204, '18', NULL, NULL),
(1658, 'Tuesday', '4:00PM - 5:00PM', 13, 6, 204, '18', NULL, NULL),
(1659, 'Wednesday', '7:30AM - 8:30AM', 13, 6, 204, '18', NULL, NULL),
(1660, 'Wednesday', '8:30AM - 9:30AM', 13, 6, 204, '18', NULL, NULL),
(1661, 'Wednesday', '9:45AM - 10:45AM', 13, 6, 204, '18', NULL, NULL),
(1662, 'Wednesday', '10:45AM - 11:45AM', 13, 6, 204, '18', NULL, NULL),
(1663, 'Wednesday', '1:00PM - 2:00PM', 13, 6, 204, '18', NULL, NULL),
(1664, 'Wednesday', '2:00PM - 3:00PM', 13, 6, 204, '18', NULL, NULL),
(1665, 'Wednesday', '3:00PM - 4:00PM', 13, 6, 204, '18', NULL, NULL),
(1666, 'Wednesday', '4:00PM - 5:00PM', 13, 6, 204, '18', NULL, NULL),
(1667, 'Thursday', '7:30AM - 8:30AM', 13, 6, 204, '18', NULL, NULL),
(1668, 'Thursday', '8:30AM - 9:30AM', 13, 6, 204, '18', NULL, NULL),
(1669, 'Thursday', '9:45AM - 10:45AM', 13, 6, 204, '18', NULL, NULL),
(1670, 'Thursday', '10:45AM - 11:45AM', 13, 6, 204, '18', NULL, NULL),
(1671, 'Thursday', '1:00PM - 2:00PM', 13, 6, 204, '18', NULL, NULL),
(1672, 'Thursday', '2:00PM - 3:00PM', 13, 6, 204, '18', NULL, NULL),
(1673, 'Thursday', '3:00PM - 4:00PM', 13, 6, 204, '18', NULL, NULL),
(1674, 'Thursday', '4:00PM - 5:00PM', 13, 6, 204, '18', NULL, NULL),
(1675, 'Friday', '7:30AM - 8:30AM', 13, 6, 204, '18', NULL, NULL),
(1676, 'Friday', '8:30AM - 9:30AM', 13, 6, 204, '18', NULL, NULL),
(1677, 'Friday', '9:45AM - 10:45AM', 13, 6, 204, '18', NULL, NULL),
(1678, 'Friday', '10:45AM - 11:45AM', 13, 6, 204, '18', NULL, NULL),
(1679, 'Friday', '1:00PM - 2:00PM', 13, 6, 204, '18', NULL, NULL),
(1680, 'Friday', '2:00PM - 3:00PM', 13, 6, 204, '18', NULL, NULL),
(1681, 'Friday', '3:00PM - 4:00PM', 13, 6, 204, '18', NULL, NULL),
(1682, 'Friday', '4:00PM - 5:00PM', 13, 6, 204, '18', NULL, NULL),
(1683, 'Monday', '7:30AM - 8:30AM', 13, 6, 204, '19', NULL, NULL),
(1684, 'Monday', '8:30AM - 9:30AM', 13, 6, 204, '19', NULL, NULL),
(1685, 'Monday', '9:45AM - 10:45AM', 13, 6, 204, '19', NULL, NULL),
(1686, 'Monday', '10:45AM - 11:45AM', 13, 6, 204, '19', NULL, NULL),
(1687, 'Monday', '1:00PM - 2:00PM', 13, 6, 204, '19', NULL, NULL),
(1688, 'Monday', '2:00PM - 3:00PM', 13, 6, 204, '19', NULL, NULL),
(1689, 'Monday', '3:00PM - 4:00PM', 13, 6, 204, '19', NULL, NULL),
(1690, 'Monday', '4:00PM - 5:00PM', 13, 6, 204, '19', NULL, NULL),
(1691, 'Tuesday', '7:30AM - 8:30AM', 13, 6, 204, '19', NULL, NULL),
(1692, 'Tuesday', '8:30AM - 9:30AM', 13, 6, 204, '19', NULL, NULL),
(1693, 'Tuesday', '9:45AM - 10:45AM', 13, 6, 204, '19', NULL, NULL),
(1694, 'Tuesday', '10:45AM - 11:45AM', 13, 6, 204, '19', NULL, NULL),
(1695, 'Tuesday', '1:00PM - 2:00PM', 13, 6, 204, '19', NULL, NULL),
(1696, 'Tuesday', '2:00PM - 3:00PM', 13, 6, 204, '19', NULL, NULL),
(1697, 'Tuesday', '3:00PM - 4:00PM', 13, 6, 204, '19', NULL, NULL),
(1698, 'Tuesday', '4:00PM - 5:00PM', 13, 6, 204, '19', NULL, NULL),
(1699, 'Wednesday', '7:30AM - 8:30AM', 13, 6, 204, '19', NULL, NULL),
(1700, 'Wednesday', '8:30AM - 9:30AM', 13, 6, 204, '19', NULL, NULL),
(1701, 'Wednesday', '9:45AM - 10:45AM', 13, 6, 204, '19', NULL, NULL),
(1702, 'Wednesday', '10:45AM - 11:45AM', 13, 6, 204, '19', NULL, NULL),
(1703, 'Wednesday', '1:00PM - 2:00PM', 13, 6, 204, '19', NULL, NULL),
(1704, 'Wednesday', '2:00PM - 3:00PM', 13, 6, 204, '19', NULL, NULL),
(1705, 'Wednesday', '3:00PM - 4:00PM', 13, 6, 204, '19', NULL, NULL),
(1706, 'Wednesday', '4:00PM - 5:00PM', 13, 6, 204, '19', NULL, NULL),
(1707, 'Thursday', '7:30AM - 8:30AM', 13, 6, 204, '19', NULL, NULL),
(1708, 'Thursday', '8:30AM - 9:30AM', 13, 6, 204, '19', NULL, NULL),
(1709, 'Thursday', '9:45AM - 10:45AM', 13, 6, 204, '19', NULL, NULL),
(1710, 'Thursday', '10:45AM - 11:45AM', 13, 6, 204, '19', NULL, NULL),
(1711, 'Thursday', '1:00PM - 2:00PM', 13, 6, 204, '19', NULL, NULL),
(1712, 'Thursday', '2:00PM - 3:00PM', 13, 6, 204, '19', NULL, NULL),
(1713, 'Thursday', '3:00PM - 4:00PM', 13, 6, 204, '19', NULL, NULL),
(1714, 'Thursday', '4:00PM - 5:00PM', 13, 6, 204, '19', NULL, NULL),
(1715, 'Friday', '7:30AM - 8:30AM', 13, 6, 204, '19', NULL, NULL),
(1716, 'Friday', '8:30AM - 9:30AM', 13, 6, 204, '19', NULL, NULL),
(1717, 'Friday', '9:45AM - 10:45AM', 13, 6, 204, '19', NULL, NULL),
(1718, 'Friday', '10:45AM - 11:45AM', 13, 6, 204, '19', NULL, NULL),
(1719, 'Friday', '1:00PM - 2:00PM', 13, 6, 204, '19', NULL, NULL),
(1720, 'Friday', '2:00PM - 3:00PM', 13, 6, 204, '19', NULL, NULL),
(1721, 'Friday', '3:00PM - 4:00PM', 13, 6, 204, '19', NULL, NULL),
(1722, 'Friday', '4:00PM - 5:00PM', 13, 6, 204, '19', NULL, NULL),
(1723, 'Monday', '7:30AM - 8:30AM', 13, 6, 204, '20', NULL, NULL),
(1724, 'Monday', '8:30AM - 9:30AM', 13, 6, 204, '20', NULL, NULL),
(1725, 'Monday', '9:45AM - 10:45AM', 13, 6, 204, '20', NULL, NULL),
(1726, 'Monday', '10:45AM - 11:45AM', 13, 6, 204, '20', NULL, NULL),
(1727, 'Monday', '1:00PM - 2:00PM', 13, 6, 204, '20', NULL, NULL),
(1728, 'Monday', '2:00PM - 3:00PM', 13, 6, 204, '20', NULL, NULL),
(1729, 'Monday', '3:00PM - 4:00PM', 13, 6, 204, '20', NULL, NULL),
(1730, 'Monday', '4:00PM - 5:00PM', 13, 6, 204, '20', NULL, NULL),
(1731, 'Tuesday', '7:30AM - 8:30AM', 13, 6, 204, '20', NULL, NULL),
(1732, 'Tuesday', '8:30AM - 9:30AM', 13, 6, 204, '20', NULL, NULL),
(1733, 'Tuesday', '9:45AM - 10:45AM', 13, 6, 204, '20', NULL, NULL),
(1734, 'Tuesday', '10:45AM - 11:45AM', 13, 6, 204, '20', NULL, NULL),
(1735, 'Tuesday', '1:00PM - 2:00PM', 13, 6, 204, '20', NULL, NULL),
(1736, 'Tuesday', '2:00PM - 3:00PM', 13, 6, 204, '20', NULL, NULL),
(1737, 'Tuesday', '3:00PM - 4:00PM', 13, 6, 204, '20', NULL, NULL),
(1738, 'Tuesday', '4:00PM - 5:00PM', 13, 6, 204, '20', NULL, NULL),
(1739, 'Wednesday', '7:30AM - 8:30AM', 13, 6, 204, '20', NULL, NULL),
(1740, 'Wednesday', '8:30AM - 9:30AM', 13, 6, 204, '20', NULL, NULL),
(1741, 'Wednesday', '9:45AM - 10:45AM', 13, 6, 204, '20', NULL, NULL),
(1742, 'Wednesday', '10:45AM - 11:45AM', 13, 6, 204, '20', NULL, NULL),
(1743, 'Wednesday', '1:00PM - 2:00PM', 13, 6, 204, '20', NULL, NULL),
(1744, 'Wednesday', '2:00PM - 3:00PM', 13, 6, 204, '20', NULL, NULL),
(1745, 'Wednesday', '3:00PM - 4:00PM', 13, 6, 204, '20', NULL, NULL),
(1746, 'Wednesday', '4:00PM - 5:00PM', 13, 6, 204, '20', NULL, NULL),
(1747, 'Thursday', '7:30AM - 8:30AM', 13, 6, 204, '20', NULL, NULL),
(1748, 'Thursday', '8:30AM - 9:30AM', 13, 6, 204, '20', NULL, NULL),
(1749, 'Thursday', '9:45AM - 10:45AM', 13, 6, 204, '20', NULL, NULL),
(1750, 'Thursday', '10:45AM - 11:45AM', 13, 6, 204, '20', NULL, NULL),
(1751, 'Thursday', '1:00PM - 2:00PM', 13, 6, 204, '20', NULL, NULL),
(1752, 'Thursday', '2:00PM - 3:00PM', 13, 6, 204, '20', NULL, NULL),
(1753, 'Thursday', '3:00PM - 4:00PM', 13, 6, 204, '20', NULL, NULL),
(1754, 'Thursday', '4:00PM - 5:00PM', 13, 6, 204, '20', NULL, NULL),
(1755, 'Friday', '7:30AM - 8:30AM', 13, 6, 204, '20', NULL, NULL),
(1756, 'Friday', '8:30AM - 9:30AM', 13, 6, 204, '20', NULL, NULL),
(1757, 'Friday', '9:45AM - 10:45AM', 13, 6, 204, '20', NULL, NULL),
(1758, 'Friday', '10:45AM - 11:45AM', 13, 6, 204, '20', NULL, NULL),
(1759, 'Friday', '1:00PM - 2:00PM', 13, 6, 204, '20', NULL, NULL),
(1760, 'Friday', '2:00PM - 3:00PM', 13, 6, 204, '20', NULL, NULL),
(1761, 'Friday', '3:00PM - 4:00PM', 13, 6, 204, '20', NULL, NULL),
(1762, 'Friday', '4:00PM - 5:00PM', 13, 6, 204, '20', NULL, NULL),
(1763, 'Monday', '7:30AM - 8:30AM', 13, 6, 204, '21', NULL, NULL),
(1764, 'Monday', '8:30AM - 9:30AM', 13, 6, 204, '21', NULL, NULL),
(1765, 'Monday', '9:45AM - 10:45AM', 13, 6, 204, '21', NULL, NULL),
(1766, 'Monday', '10:45AM - 11:45AM', 13, 6, 204, '21', NULL, NULL),
(1767, 'Monday', '1:00PM - 2:00PM', 13, 6, 204, '21', NULL, NULL),
(1768, 'Monday', '2:00PM - 3:00PM', 13, 6, 204, '21', NULL, NULL),
(1769, 'Monday', '3:00PM - 4:00PM', 13, 6, 204, '21', NULL, NULL),
(1770, 'Monday', '4:00PM - 5:00PM', 13, 6, 204, '21', NULL, NULL),
(1771, 'Tuesday', '7:30AM - 8:30AM', 13, 6, 204, '21', NULL, NULL),
(1772, 'Tuesday', '8:30AM - 9:30AM', 13, 6, 204, '21', NULL, NULL),
(1773, 'Tuesday', '9:45AM - 10:45AM', 13, 6, 204, '21', NULL, NULL),
(1774, 'Tuesday', '10:45AM - 11:45AM', 13, 6, 204, '21', NULL, NULL),
(1775, 'Tuesday', '1:00PM - 2:00PM', 13, 6, 204, '21', NULL, NULL),
(1776, 'Tuesday', '2:00PM - 3:00PM', 13, 6, 204, '21', NULL, NULL),
(1777, 'Tuesday', '3:00PM - 4:00PM', 13, 6, 204, '21', NULL, NULL),
(1778, 'Tuesday', '4:00PM - 5:00PM', 13, 6, 204, '21', NULL, NULL),
(1779, 'Wednesday', '7:30AM - 8:30AM', 13, 6, 204, '21', NULL, NULL),
(1780, 'Wednesday', '8:30AM - 9:30AM', 13, 6, 204, '21', NULL, NULL),
(1781, 'Wednesday', '9:45AM - 10:45AM', 13, 6, 204, '21', NULL, NULL),
(1782, 'Wednesday', '10:45AM - 11:45AM', 13, 6, 204, '21', NULL, NULL),
(1783, 'Wednesday', '1:00PM - 2:00PM', 13, 6, 204, '21', NULL, NULL),
(1784, 'Wednesday', '2:00PM - 3:00PM', 13, 6, 204, '21', NULL, NULL),
(1785, 'Wednesday', '3:00PM - 4:00PM', 13, 6, 204, '21', NULL, NULL),
(1786, 'Wednesday', '4:00PM - 5:00PM', 13, 6, 204, '21', NULL, NULL),
(1787, 'Thursday', '7:30AM - 8:30AM', 13, 6, 204, '21', NULL, NULL),
(1788, 'Thursday', '8:30AM - 9:30AM', 13, 6, 204, '21', NULL, NULL),
(1789, 'Thursday', '9:45AM - 10:45AM', 13, 6, 204, '21', NULL, NULL),
(1790, 'Thursday', '10:45AM - 11:45AM', 13, 6, 204, '21', NULL, NULL),
(1791, 'Thursday', '1:00PM - 2:00PM', 13, 6, 204, '21', NULL, NULL),
(1792, 'Thursday', '2:00PM - 3:00PM', 13, 6, 204, '21', NULL, NULL),
(1793, 'Thursday', '3:00PM - 4:00PM', 13, 6, 204, '21', NULL, NULL),
(1794, 'Thursday', '4:00PM - 5:00PM', 13, 6, 204, '21', NULL, NULL),
(1795, 'Friday', '7:30AM - 8:30AM', 13, 6, 204, '21', NULL, NULL),
(1796, 'Friday', '8:30AM - 9:30AM', 13, 6, 204, '21', NULL, NULL),
(1797, 'Friday', '9:45AM - 10:45AM', 13, 6, 204, '21', NULL, NULL),
(1798, 'Friday', '10:45AM - 11:45AM', 13, 6, 204, '21', NULL, NULL),
(1799, 'Friday', '1:00PM - 2:00PM', 13, 6, 204, '21', NULL, NULL),
(1800, 'Friday', '2:00PM - 3:00PM', 13, 6, 204, '21', NULL, NULL),
(1801, 'Friday', '3:00PM - 4:00PM', 13, 6, 204, '21', NULL, NULL),
(1802, 'Friday', '4:00PM - 5:00PM', 13, 6, 204, '21', NULL, NULL),
(1803, 'Monday', '7:30AM - 8:30AM', 13, 6, 204, '22', NULL, NULL),
(1804, 'Monday', '8:30AM - 9:30AM', 13, 6, 204, '22', NULL, NULL),
(1805, 'Monday', '9:45AM - 10:45AM', 13, 6, 204, '22', NULL, NULL),
(1806, 'Monday', '10:45AM - 11:45AM', 13, 6, 204, '22', NULL, NULL),
(1807, 'Monday', '1:00PM - 2:00PM', 13, 6, 204, '22', NULL, NULL),
(1808, 'Monday', '2:00PM - 3:00PM', 13, 6, 204, '22', NULL, NULL),
(1809, 'Monday', '3:00PM - 4:00PM', 13, 6, 204, '22', NULL, NULL),
(1810, 'Monday', '4:00PM - 5:00PM', 13, 6, 204, '22', NULL, NULL),
(1811, 'Tuesday', '7:30AM - 8:30AM', 13, 6, 204, '22', NULL, NULL),
(1812, 'Tuesday', '8:30AM - 9:30AM', 13, 6, 204, '22', NULL, NULL),
(1813, 'Tuesday', '9:45AM - 10:45AM', 13, 6, 204, '22', NULL, NULL),
(1814, 'Tuesday', '10:45AM - 11:45AM', 13, 6, 204, '22', NULL, NULL),
(1815, 'Tuesday', '1:00PM - 2:00PM', 13, 6, 204, '22', NULL, NULL),
(1816, 'Tuesday', '2:00PM - 3:00PM', 13, 6, 204, '22', NULL, NULL),
(1817, 'Tuesday', '3:00PM - 4:00PM', 13, 6, 204, '22', NULL, NULL),
(1818, 'Tuesday', '4:00PM - 5:00PM', 13, 6, 204, '22', NULL, NULL),
(1819, 'Wednesday', '7:30AM - 8:30AM', 13, 6, 204, '22', NULL, NULL),
(1820, 'Wednesday', '8:30AM - 9:30AM', 13, 6, 204, '22', NULL, NULL),
(1821, 'Wednesday', '9:45AM - 10:45AM', 13, 6, 204, '22', NULL, NULL),
(1822, 'Wednesday', '10:45AM - 11:45AM', 13, 6, 204, '22', NULL, NULL),
(1823, 'Wednesday', '1:00PM - 2:00PM', 13, 6, 204, '22', NULL, NULL),
(1824, 'Wednesday', '2:00PM - 3:00PM', 13, 6, 204, '22', NULL, NULL),
(1825, 'Wednesday', '3:00PM - 4:00PM', 13, 6, 204, '22', NULL, NULL),
(1826, 'Wednesday', '4:00PM - 5:00PM', 13, 6, 204, '22', NULL, NULL),
(1827, 'Thursday', '7:30AM - 8:30AM', 13, 6, 204, '22', NULL, NULL),
(1828, 'Thursday', '8:30AM - 9:30AM', 13, 6, 204, '22', NULL, NULL),
(1829, 'Thursday', '9:45AM - 10:45AM', 13, 6, 204, '22', NULL, NULL),
(1830, 'Thursday', '10:45AM - 11:45AM', 13, 6, 204, '22', NULL, NULL),
(1831, 'Thursday', '1:00PM - 2:00PM', 13, 6, 204, '22', NULL, NULL),
(1832, 'Thursday', '2:00PM - 3:00PM', 13, 6, 204, '22', NULL, NULL),
(1833, 'Thursday', '3:00PM - 4:00PM', 13, 6, 204, '22', NULL, NULL),
(1834, 'Thursday', '4:00PM - 5:00PM', 13, 6, 204, '22', NULL, NULL),
(1835, 'Friday', '7:30AM - 8:30AM', 13, 6, 204, '22', NULL, NULL),
(1836, 'Friday', '8:30AM - 9:30AM', 13, 6, 204, '22', NULL, NULL),
(1837, 'Friday', '9:45AM - 10:45AM', 13, 6, 204, '22', NULL, NULL),
(1838, 'Friday', '10:45AM - 11:45AM', 13, 6, 204, '22', NULL, NULL),
(1839, 'Friday', '1:00PM - 2:00PM', 13, 6, 204, '22', NULL, NULL),
(1840, 'Friday', '2:00PM - 3:00PM', 13, 6, 204, '22', NULL, NULL),
(1841, 'Friday', '3:00PM - 4:00PM', 13, 6, 204, '22', NULL, NULL),
(1842, 'Friday', '4:00PM - 5:00PM', 13, 6, 204, '22', NULL, NULL),
(1843, 'Monday', '7:30AM - 8:30AM', 13, 6, 204, '23', NULL, NULL),
(1844, 'Monday', '8:30AM - 9:30AM', 13, 6, 204, '23', NULL, NULL),
(1845, 'Monday', '9:45AM - 10:45AM', 13, 6, 204, '23', NULL, NULL),
(1846, 'Monday', '10:45AM - 11:45AM', 13, 6, 204, '23', NULL, NULL),
(1847, 'Monday', '1:00PM - 2:00PM', 13, 6, 204, '23', NULL, NULL),
(1848, 'Monday', '2:00PM - 3:00PM', 13, 6, 204, '23', NULL, NULL),
(1849, 'Monday', '3:00PM - 4:00PM', 13, 6, 204, '23', NULL, NULL),
(1850, 'Monday', '4:00PM - 5:00PM', 13, 6, 204, '23', NULL, NULL),
(1851, 'Tuesday', '7:30AM - 8:30AM', 13, 6, 204, '23', NULL, NULL),
(1852, 'Tuesday', '8:30AM - 9:30AM', 13, 6, 204, '23', NULL, NULL),
(1853, 'Tuesday', '9:45AM - 10:45AM', 13, 6, 204, '23', NULL, NULL),
(1854, 'Tuesday', '10:45AM - 11:45AM', 13, 6, 204, '23', NULL, NULL),
(1855, 'Tuesday', '1:00PM - 2:00PM', 13, 6, 204, '23', NULL, NULL),
(1856, 'Tuesday', '2:00PM - 3:00PM', 13, 6, 204, '23', NULL, NULL),
(1857, 'Tuesday', '3:00PM - 4:00PM', 13, 6, 204, '23', NULL, NULL),
(1858, 'Tuesday', '4:00PM - 5:00PM', 13, 6, 204, '23', NULL, NULL),
(1859, 'Wednesday', '7:30AM - 8:30AM', 13, 6, 204, '23', NULL, NULL),
(1860, 'Wednesday', '8:30AM - 9:30AM', 13, 6, 204, '23', NULL, NULL),
(1861, 'Wednesday', '9:45AM - 10:45AM', 13, 6, 204, '23', NULL, NULL),
(1862, 'Wednesday', '10:45AM - 11:45AM', 13, 6, 204, '23', NULL, NULL),
(1863, 'Wednesday', '1:00PM - 2:00PM', 13, 6, 204, '23', NULL, NULL),
(1864, 'Wednesday', '2:00PM - 3:00PM', 13, 6, 204, '23', NULL, NULL),
(1865, 'Wednesday', '3:00PM - 4:00PM', 13, 6, 204, '23', NULL, NULL),
(1866, 'Wednesday', '4:00PM - 5:00PM', 13, 6, 204, '23', NULL, NULL),
(1867, 'Thursday', '7:30AM - 8:30AM', 13, 6, 204, '23', NULL, NULL),
(1868, 'Thursday', '8:30AM - 9:30AM', 13, 6, 204, '23', NULL, NULL),
(1869, 'Thursday', '9:45AM - 10:45AM', 13, 6, 204, '23', NULL, NULL),
(1870, 'Thursday', '10:45AM - 11:45AM', 13, 6, 204, '23', NULL, NULL),
(1871, 'Thursday', '1:00PM - 2:00PM', 13, 6, 204, '23', NULL, NULL),
(1872, 'Thursday', '2:00PM - 3:00PM', 13, 6, 204, '23', NULL, NULL),
(1873, 'Thursday', '3:00PM - 4:00PM', 13, 6, 204, '23', NULL, NULL),
(1874, 'Thursday', '4:00PM - 5:00PM', 13, 6, 204, '23', NULL, NULL),
(1875, 'Friday', '7:30AM - 8:30AM', 13, 6, 204, '23', NULL, NULL),
(1876, 'Friday', '8:30AM - 9:30AM', 13, 6, 204, '23', NULL, NULL),
(1877, 'Friday', '9:45AM - 10:45AM', 13, 6, 204, '23', NULL, NULL),
(1878, 'Friday', '10:45AM - 11:45AM', 13, 6, 204, '23', NULL, NULL),
(1879, 'Friday', '1:00PM - 2:00PM', 13, 6, 204, '23', NULL, NULL),
(1880, 'Friday', '2:00PM - 3:00PM', 13, 6, 204, '23', NULL, NULL),
(1881, 'Friday', '3:00PM - 4:00PM', 13, 6, 204, '23', NULL, NULL),
(1882, 'Friday', '4:00PM - 5:00PM', 13, 6, 204, '23', NULL, NULL),
(1883, 'Monday', '7:30AM - 8:30AM', 13, 6, 204, '24', NULL, NULL),
(1884, 'Monday', '8:30AM - 9:30AM', 13, 6, 204, '24', NULL, NULL),
(1885, 'Monday', '9:45AM - 10:45AM', 13, 6, 204, '24', NULL, NULL),
(1886, 'Monday', '10:45AM - 11:45AM', 13, 6, 204, '24', NULL, NULL),
(1887, 'Monday', '1:00PM - 2:00PM', 13, 6, 204, '24', NULL, NULL),
(1888, 'Monday', '2:00PM - 3:00PM', 13, 6, 204, '24', NULL, NULL),
(1889, 'Monday', '3:00PM - 4:00PM', 13, 6, 204, '24', NULL, NULL),
(1890, 'Monday', '4:00PM - 5:00PM', 13, 6, 204, '24', NULL, NULL),
(1891, 'Tuesday', '7:30AM - 8:30AM', 13, 6, 204, '24', NULL, NULL),
(1892, 'Tuesday', '8:30AM - 9:30AM', 13, 6, 204, '24', NULL, NULL),
(1893, 'Tuesday', '9:45AM - 10:45AM', 13, 6, 204, '24', NULL, NULL),
(1894, 'Tuesday', '10:45AM - 11:45AM', 13, 6, 204, '24', NULL, NULL),
(1895, 'Tuesday', '1:00PM - 2:00PM', 13, 6, 204, '24', NULL, NULL),
(1896, 'Tuesday', '2:00PM - 3:00PM', 13, 6, 204, '24', NULL, NULL),
(1897, 'Tuesday', '3:00PM - 4:00PM', 13, 6, 204, '24', NULL, NULL),
(1898, 'Tuesday', '4:00PM - 5:00PM', 13, 6, 204, '24', NULL, NULL),
(1899, 'Wednesday', '7:30AM - 8:30AM', 13, 6, 204, '24', NULL, NULL),
(1900, 'Wednesday', '8:30AM - 9:30AM', 13, 6, 204, '24', NULL, NULL),
(1901, 'Wednesday', '9:45AM - 10:45AM', 13, 6, 204, '24', NULL, NULL),
(1902, 'Wednesday', '10:45AM - 11:45AM', 13, 6, 204, '24', NULL, NULL),
(1903, 'Wednesday', '1:00PM - 2:00PM', 13, 6, 204, '24', NULL, NULL),
(1904, 'Wednesday', '2:00PM - 3:00PM', 13, 6, 204, '24', NULL, NULL),
(1905, 'Wednesday', '3:00PM - 4:00PM', 13, 6, 204, '24', NULL, NULL),
(1906, 'Wednesday', '4:00PM - 5:00PM', 13, 6, 204, '24', NULL, NULL),
(1907, 'Thursday', '7:30AM - 8:30AM', 13, 6, 204, '24', NULL, NULL),
(1908, 'Thursday', '8:30AM - 9:30AM', 13, 6, 204, '24', NULL, NULL),
(1909, 'Thursday', '9:45AM - 10:45AM', 13, 6, 204, '24', NULL, NULL),
(1910, 'Thursday', '10:45AM - 11:45AM', 13, 6, 204, '24', NULL, NULL),
(1911, 'Thursday', '1:00PM - 2:00PM', 13, 6, 204, '24', NULL, NULL),
(1912, 'Thursday', '2:00PM - 3:00PM', 13, 6, 204, '24', NULL, NULL),
(1913, 'Thursday', '3:00PM - 4:00PM', 13, 6, 204, '24', NULL, NULL),
(1914, 'Thursday', '4:00PM - 5:00PM', 13, 6, 204, '24', NULL, NULL),
(1915, 'Friday', '7:30AM - 8:30AM', 13, 6, 204, '24', NULL, NULL),
(1916, 'Friday', '8:30AM - 9:30AM', 13, 6, 204, '24', NULL, NULL),
(1917, 'Friday', '9:45AM - 10:45AM', 13, 6, 204, '24', NULL, NULL),
(1918, 'Friday', '10:45AM - 11:45AM', 13, 6, 204, '24', NULL, NULL),
(1919, 'Friday', '1:00PM - 2:00PM', 13, 6, 204, '24', NULL, NULL),
(1920, 'Friday', '2:00PM - 3:00PM', 13, 6, 204, '24', NULL, NULL),
(1921, 'Friday', '3:00PM - 4:00PM', 13, 6, 204, '24', NULL, NULL),
(1922, 'Friday', '4:00PM - 5:00PM', 13, 6, 204, '24', NULL, NULL),
(2003, 'Monday', '7:30AM - 8:30AM', 13, 6, 204, '37', '2023-09-28 06:39:19', '2023-09-28 06:39:19'),
(2004, 'Monday', '8:30AM - 9:30AM', 13, 6, 204, '37', '2023-09-28 06:39:19', '2023-09-28 06:39:19'),
(2005, 'Monday', '9:45AM - 10:45AM', 13, 6, 204, '37', '2023-09-28 06:39:19', '2023-09-28 06:39:19'),
(2006, 'Monday', '10:45AM - 11:45AM', 13, 6, 204, '37', '2023-09-28 06:39:19', '2023-09-28 06:39:19'),
(2007, 'Monday', '1:00PM - 2:00PM', 13, 6, 204, '37', '2023-09-28 06:39:19', '2023-09-28 06:39:19'),
(2008, 'Monday', '2:00PM - 3:00PM', 13, 6, 204, '37', '2023-09-28 06:39:19', '2023-09-28 06:39:19'),
(2009, 'Monday', '3:00PM - 4:00PM', 13, 6, 204, '37', '2023-09-28 06:39:19', '2023-09-28 06:39:19'),
(2010, 'Monday', '4:00PM - 5:00PM', 13, 6, 204, '37', '2023-09-28 06:39:19', '2023-09-28 06:39:19'),
(2011, 'Tuesday', '7:30AM - 8:30AM', 13, 6, 204, '37', '2023-09-28 06:39:19', '2023-09-28 06:39:19'),
(2012, 'Tuesday', '8:30AM - 9:30AM', 13, 6, 204, '37', '2023-09-28 06:39:19', '2023-09-28 06:39:19'),
(2013, 'Tuesday', '9:45AM - 10:45AM', 13, 6, 204, '37', '2023-09-28 06:39:19', '2023-09-28 06:39:19'),
(2014, 'Tuesday', '10:45AM - 11:45AM', 13, 6, 204, '37', '2023-09-28 06:39:19', '2023-09-28 06:39:19'),
(2015, 'Tuesday', '1:00PM - 2:00PM', 13, 6, 204, '37', '2023-09-28 06:39:19', '2023-09-28 06:39:19'),
(2016, 'Tuesday', '2:00PM - 3:00PM', 13, 6, 204, '37', '2023-09-28 06:39:19', '2023-09-28 06:39:19'),
(2017, 'Tuesday', '3:00PM - 4:00PM', 13, 6, 204, '37', '2023-09-28 06:39:19', '2023-09-28 06:39:19'),
(2018, 'Tuesday', '4:00PM - 5:00PM', 13, 6, 204, '37', '2023-09-28 06:39:19', '2023-09-28 06:39:19'),
(2019, 'Wednesday', '7:30AM - 8:30AM', 13, 6, 204, '37', '2023-09-28 06:39:19', '2023-09-28 06:39:19'),
(2020, 'Wednesday', '8:30AM - 9:30AM', 13, 6, 204, '37', '2023-09-28 06:39:19', '2023-09-28 06:39:19'),
(2021, 'Wednesday', '9:45AM - 10:45AM', 13, 6, 204, '37', '2023-09-28 06:39:19', '2023-09-28 06:39:19'),
(2022, 'Wednesday', '10:45AM - 11:45AM', 13, 6, 204, '37', '2023-09-28 06:39:19', '2023-09-28 06:39:19'),
(2023, 'Wednesday', '1:00PM - 2:00PM', 13, 6, 204, '37', '2023-09-28 06:39:19', '2023-09-28 06:39:19'),
(2024, 'Wednesday', '2:00PM - 3:00PM', 13, 6, 204, '37', '2023-09-28 06:39:19', '2023-09-28 06:39:19'),
(2025, 'Wednesday', '3:00PM - 4:00PM', 13, 6, 204, '37', '2023-09-28 06:39:19', '2023-09-28 06:39:19'),
(2026, 'Wednesday', '4:00PM - 5:00PM', 13, 6, 204, '37', '2023-09-28 06:39:19', '2023-09-28 06:39:19'),
(2027, 'Thursday', '7:30AM - 8:30AM', 13, 6, 204, '37', '2023-09-28 06:39:19', '2023-09-28 06:39:19'),
(2028, 'Thursday', '8:30AM - 9:30AM', 13, 6, 204, '37', '2023-09-28 06:39:19', '2023-09-28 06:39:19'),
(2029, 'Thursday', '9:45AM - 10:45AM', 13, 6, 204, '37', '2023-09-28 06:39:19', '2023-09-28 06:39:19'),
(2030, 'Thursday', '10:45AM - 11:45AM', 13, 6, 204, '37', '2023-09-28 06:39:19', '2023-09-28 06:39:19'),
(2031, 'Thursday', '1:00PM - 2:00PM', 13, 6, 204, '37', '2023-09-28 06:39:19', '2023-09-28 06:39:19'),
(2032, 'Thursday', '2:00PM - 3:00PM', 13, 6, 204, '37', '2023-09-28 06:39:19', '2023-09-28 06:39:19'),
(2033, 'Thursday', '3:00PM - 4:00PM', 13, 6, 204, '37', '2023-09-28 06:39:19', '2023-09-28 06:39:19'),
(2034, 'Thursday', '4:00PM - 5:00PM', 13, 6, 204, '37', '2023-09-28 06:39:19', '2023-09-28 06:39:19'),
(2035, 'Friday', '7:30AM - 8:30AM', 13, 6, 204, '37', '2023-09-28 06:39:19', '2023-09-28 06:39:19'),
(2036, 'Friday', '8:30AM - 9:30AM', 13, 6, 204, '37', '2023-09-28 06:39:19', '2023-09-28 06:39:19'),
(2037, 'Friday', '9:45AM - 10:45AM', 13, 6, 204, '37', '2023-09-28 06:39:19', '2023-09-28 06:39:19'),
(2038, 'Friday', '10:45AM - 11:45AM', 13, 6, 204, '37', '2023-09-28 06:39:19', '2023-09-28 06:39:19'),
(2039, 'Friday', '1:00PM - 2:00PM', 13, 6, 204, '37', '2023-09-28 06:39:19', '2023-09-28 06:39:19'),
(2040, 'Friday', '2:00PM - 3:00PM', 13, 6, 204, '37', '2023-09-28 06:39:19', '2023-09-28 06:39:19'),
(2041, 'Friday', '3:00PM - 4:00PM', 13, 6, 204, '37', '2023-09-28 06:39:19', '2023-09-28 06:39:19'),
(2042, 'Friday', '4:00PM - 5:00PM', 13, 6, 204, '37', '2023-09-28 06:39:19', '2023-09-28 06:39:19'),
(2043, 'Monday', '7:30AM - 8:30AM', 7, 24, 3, '38', '2023-10-14 06:24:49', '2023-11-17 12:50:52'),
(2044, 'Monday', '8:30AM - 9:30AM', 13, 6, 204, '38', '2023-10-14 06:24:49', '2023-10-14 06:24:49'),
(2045, 'Monday', '9:45AM - 10:45AM', 13, 6, 204, '38', '2023-10-14 06:24:49', '2023-10-14 06:24:49'),
(2046, 'Monday', '10:45AM - 11:45AM', 13, 6, 204, '38', '2023-10-14 06:24:49', '2023-10-14 06:24:49'),
(2047, 'Monday', '1:00PM - 2:00PM', 13, 6, 204, '38', '2023-10-14 06:24:49', '2023-10-14 06:24:49'),
(2048, 'Monday', '2:00PM - 3:00PM', 13, 6, 204, '38', '2023-10-14 06:24:49', '2023-10-14 06:24:49'),
(2049, 'Monday', '3:00PM - 4:00PM', 13, 6, 204, '38', '2023-10-14 06:24:49', '2023-10-14 06:24:49'),
(2050, 'Monday', '4:00PM - 5:00PM', 13, 6, 204, '38', '2023-10-14 06:24:49', '2023-10-14 06:24:49'),
(2051, 'Tuesday', '7:30AM - 8:30AM', 13, 6, 204, '38', '2023-10-14 06:24:49', '2023-10-14 06:24:49'),
(2052, 'Tuesday', '8:30AM - 9:30AM', 13, 6, 204, '38', '2023-10-14 06:24:49', '2023-10-14 06:24:49'),
(2053, 'Tuesday', '9:45AM - 10:45AM', 13, 6, 204, '38', '2023-10-14 06:24:49', '2023-10-14 06:24:49'),
(2054, 'Tuesday', '10:45AM - 11:45AM', 13, 6, 204, '38', '2023-10-14 06:24:49', '2023-10-14 06:24:49'),
(2055, 'Tuesday', '1:00PM - 2:00PM', 13, 6, 204, '38', '2023-10-14 06:24:49', '2023-10-14 06:24:49'),
(2056, 'Tuesday', '2:00PM - 3:00PM', 13, 6, 204, '38', '2023-10-14 06:24:49', '2023-10-14 06:24:49'),
(2057, 'Tuesday', '3:00PM - 4:00PM', 13, 6, 204, '38', '2023-10-14 06:24:49', '2023-10-14 06:24:49'),
(2058, 'Tuesday', '4:00PM - 5:00PM', 13, 6, 204, '38', '2023-10-14 06:24:49', '2023-10-14 06:24:49'),
(2059, 'Wednesday', '7:30AM - 8:30AM', 13, 6, 204, '38', '2023-10-14 06:24:49', '2023-10-14 06:24:49'),
(2060, 'Wednesday', '8:30AM - 9:30AM', 13, 6, 204, '38', '2023-10-14 06:24:49', '2023-10-14 06:24:49'),
(2061, 'Wednesday', '9:45AM - 10:45AM', 13, 6, 204, '38', '2023-10-14 06:24:49', '2023-10-14 06:24:49'),
(2062, 'Wednesday', '10:45AM - 11:45AM', 13, 6, 204, '38', '2023-10-14 06:24:49', '2023-10-14 06:24:49'),
(2063, 'Wednesday', '1:00PM - 2:00PM', 13, 6, 204, '38', '2023-10-14 06:24:49', '2023-10-14 06:24:49'),
(2064, 'Wednesday', '2:00PM - 3:00PM', 13, 6, 204, '38', '2023-10-14 06:24:49', '2023-10-14 06:24:49'),
(2065, 'Wednesday', '3:00PM - 4:00PM', 13, 6, 204, '38', '2023-10-14 06:24:49', '2023-10-14 06:24:49'),
(2066, 'Wednesday', '4:00PM - 5:00PM', 13, 6, 204, '38', '2023-10-14 06:24:49', '2023-10-14 06:24:49'),
(2067, 'Thursday', '7:30AM - 8:30AM', 13, 6, 204, '38', '2023-10-14 06:24:49', '2023-10-14 06:24:49'),
(2068, 'Thursday', '8:30AM - 9:30AM', 13, 6, 204, '38', '2023-10-14 06:24:49', '2023-10-14 06:24:49'),
(2069, 'Thursday', '9:45AM - 10:45AM', 13, 6, 204, '38', '2023-10-14 06:24:49', '2023-10-14 06:24:49'),
(2070, 'Thursday', '10:45AM - 11:45AM', 13, 6, 204, '38', '2023-10-14 06:24:49', '2023-10-14 06:24:49'),
(2071, 'Thursday', '1:00PM - 2:00PM', 13, 6, 204, '38', '2023-10-14 06:24:49', '2023-10-14 06:24:49'),
(2072, 'Thursday', '2:00PM - 3:00PM', 13, 6, 204, '38', '2023-10-14 06:24:49', '2023-10-14 06:24:49'),
(2073, 'Thursday', '3:00PM - 4:00PM', 13, 6, 204, '38', '2023-10-14 06:24:49', '2023-10-14 06:24:49'),
(2074, 'Thursday', '4:00PM - 5:00PM', 13, 6, 204, '38', '2023-10-14 06:24:49', '2023-10-14 06:24:49'),
(2075, 'Friday', '7:30AM - 8:30AM', 13, 6, 204, '38', '2023-10-14 06:24:49', '2023-10-14 06:24:49'),
(2076, 'Friday', '8:30AM - 9:30AM', 13, 6, 204, '38', '2023-10-14 06:24:49', '2023-10-14 06:24:49'),
(2077, 'Friday', '9:45AM - 10:45AM', 13, 6, 204, '38', '2023-10-14 06:24:49', '2023-10-14 06:24:49'),
(2078, 'Friday', '10:45AM - 11:45AM', 13, 6, 204, '38', '2023-10-14 06:24:49', '2023-10-14 06:24:49'),
(2079, 'Friday', '1:00PM - 2:00PM', 13, 6, 204, '38', '2023-10-14 06:24:49', '2023-10-14 06:24:49'),
(2080, 'Friday', '2:00PM - 3:00PM', 13, 6, 204, '38', '2023-10-14 06:24:49', '2023-10-14 06:24:49'),
(2081, 'Friday', '3:00PM - 4:00PM', 13, 6, 204, '38', '2023-10-14 06:24:49', '2023-10-14 06:24:49'),
(2082, 'Friday', '4:00PM - 5:00PM', 13, 6, 204, '38', '2023-10-14 06:24:49', '2023-10-14 06:24:49'),
(2083, 'Monday', '7:30AM - 8:30AM', 13, 6, 204, '39', '2023-11-22 11:30:32', '2023-11-22 11:30:32'),
(2084, 'Monday', '8:30AM - 9:30AM', 13, 6, 204, '39', '2023-11-22 11:30:32', '2023-11-22 11:30:32'),
(2085, 'Monday', '9:45AM - 10:45AM', 13, 6, 204, '39', '2023-11-22 11:30:32', '2023-11-22 11:30:32'),
(2086, 'Monday', '10:45AM - 11:45AM', 13, 6, 204, '39', '2023-11-22 11:30:32', '2023-11-22 11:30:32'),
(2087, 'Monday', '1:00PM - 2:00PM', 13, 6, 204, '39', '2023-11-22 11:30:32', '2023-11-22 11:30:32'),
(2088, 'Monday', '2:00PM - 3:00PM', 13, 6, 204, '39', '2023-11-22 11:30:32', '2023-11-22 11:30:32'),
(2089, 'Monday', '3:00PM - 4:00PM', 13, 6, 204, '39', '2023-11-22 11:30:32', '2023-11-22 11:30:32'),
(2090, 'Monday', '4:00PM - 5:00PM', 13, 6, 204, '39', '2023-11-22 11:30:32', '2023-11-22 11:30:32'),
(2091, 'Tuesday', '7:30AM - 8:30AM', 13, 6, 204, '39', '2023-11-22 11:30:32', '2023-11-22 11:30:32'),
(2092, 'Tuesday', '8:30AM - 9:30AM', 13, 6, 204, '39', '2023-11-22 11:30:32', '2023-11-22 11:30:32'),
(2093, 'Tuesday', '9:45AM - 10:45AM', 13, 6, 204, '39', '2023-11-22 11:30:32', '2023-11-22 11:30:32'),
(2094, 'Tuesday', '10:45AM - 11:45AM', 13, 6, 204, '39', '2023-11-22 11:30:32', '2023-11-22 11:30:32'),
(2095, 'Tuesday', '1:00PM - 2:00PM', 13, 6, 204, '39', '2023-11-22 11:30:32', '2023-11-22 11:30:32'),
(2096, 'Tuesday', '2:00PM - 3:00PM', 13, 6, 204, '39', '2023-11-22 11:30:32', '2023-11-22 11:30:32'),
(2097, 'Tuesday', '3:00PM - 4:00PM', 13, 6, 204, '39', '2023-11-22 11:30:32', '2023-11-22 11:30:32'),
(2098, 'Tuesday', '4:00PM - 5:00PM', 13, 6, 204, '39', '2023-11-22 11:30:32', '2023-11-22 11:30:32'),
(2099, 'Wednesday', '7:30AM - 8:30AM', 13, 6, 204, '39', '2023-11-22 11:30:32', '2023-11-22 11:30:32'),
(2100, 'Wednesday', '8:30AM - 9:30AM', 13, 6, 204, '39', '2023-11-22 11:30:32', '2023-11-22 11:30:32'),
(2101, 'Wednesday', '9:45AM - 10:45AM', 13, 6, 204, '39', '2023-11-22 11:30:32', '2023-11-22 11:30:32'),
(2102, 'Wednesday', '10:45AM - 11:45AM', 13, 6, 204, '39', '2023-11-22 11:30:32', '2023-11-22 11:30:32'),
(2103, 'Wednesday', '1:00PM - 2:00PM', 13, 6, 204, '39', '2023-11-22 11:30:32', '2023-11-22 11:30:32'),
(2104, 'Wednesday', '2:00PM - 3:00PM', 13, 6, 204, '39', '2023-11-22 11:30:32', '2023-11-22 11:30:32'),
(2105, 'Wednesday', '3:00PM - 4:00PM', 13, 6, 204, '39', '2023-11-22 11:30:32', '2023-11-22 11:30:32'),
(2106, 'Wednesday', '4:00PM - 5:00PM', 13, 6, 204, '39', '2023-11-22 11:30:32', '2023-11-22 11:30:32'),
(2107, 'Thursday', '7:30AM - 8:30AM', 13, 6, 204, '39', '2023-11-22 11:30:32', '2023-11-22 11:30:32'),
(2108, 'Thursday', '8:30AM - 9:30AM', 13, 6, 204, '39', '2023-11-22 11:30:32', '2023-11-22 11:30:32'),
(2109, 'Thursday', '9:45AM - 10:45AM', 13, 6, 204, '39', '2023-11-22 11:30:32', '2023-11-22 11:30:32'),
(2110, 'Thursday', '10:45AM - 11:45AM', 13, 6, 204, '39', '2023-11-22 11:30:32', '2023-11-22 11:30:32'),
(2111, 'Thursday', '1:00PM - 2:00PM', 13, 6, 204, '39', '2023-11-22 11:30:32', '2023-11-22 11:30:32'),
(2112, 'Thursday', '2:00PM - 3:00PM', 13, 6, 204, '39', '2023-11-22 11:30:32', '2023-11-22 11:30:32'),
(2113, 'Thursday', '3:00PM - 4:00PM', 13, 6, 204, '39', '2023-11-22 11:30:32', '2023-11-22 11:30:32'),
(2114, 'Thursday', '4:00PM - 5:00PM', 13, 6, 204, '39', '2023-11-22 11:30:32', '2023-11-22 11:30:32'),
(2115, 'Friday', '7:30AM - 8:30AM', 13, 6, 204, '39', '2023-11-22 11:30:32', '2023-11-22 11:30:32'),
(2116, 'Friday', '8:30AM - 9:30AM', 13, 6, 204, '39', '2023-11-22 11:30:32', '2023-11-22 11:30:32'),
(2117, 'Friday', '9:45AM - 10:45AM', 13, 6, 204, '39', '2023-11-22 11:30:32', '2023-11-22 11:30:32'),
(2118, 'Friday', '10:45AM - 11:45AM', 13, 6, 204, '39', '2023-11-22 11:30:32', '2023-11-22 11:30:32'),
(2119, 'Friday', '1:00PM - 2:00PM', 13, 6, 204, '39', '2023-11-22 11:30:32', '2023-11-22 11:30:32'),
(2120, 'Friday', '2:00PM - 3:00PM', 13, 6, 204, '39', '2023-11-22 11:30:32', '2023-11-22 11:30:32'),
(2121, 'Friday', '3:00PM - 4:00PM', 13, 6, 204, '39', '2023-11-22 11:30:32', '2023-11-22 11:30:32'),
(2122, 'Friday', '4:00PM - 5:00PM', 13, 6, 204, '39', '2023-11-22 11:30:32', '2023-11-22 11:30:32');

-- --------------------------------------------------------

--
-- Table structure for table `tbl_coordinator`
--

CREATE TABLE `tbl_coordinator` (
  `id` bigint(20) UNSIGNED NOT NULL,
  `coordinator_username` varchar(255) COLLATE utf8mb4_unicode_ci NOT NULL,
  `coordinator_password` varchar(255) COLLATE utf8mb4_unicode_ci NOT NULL,
  `coordinator_first_name` varchar(255) COLLATE utf8mb4_unicode_ci NOT NULL,
  `coordinator_middle_name` varchar(255) COLLATE utf8mb4_unicode_ci NOT NULL,
  `coordinator_last_name` varchar(255) COLLATE utf8mb4_unicode_ci NOT NULL,
  `coordinator_suffix` varchar(255) COLLATE utf8mb4_unicode_ci NOT NULL,
  `coordinator_position` varchar(255) COLLATE utf8mb4_unicode_ci NOT NULL,
  `coordinator_mail` varchar(255) COLLATE utf8mb4_unicode_ci NOT NULL,
  `coordinator_image` int(11) NOT NULL,
  `coordinator_image_type` varchar(255) COLLATE utf8mb4_unicode_ci NOT NULL,
  `coordinator_status` int(11) NOT NULL,
  `created_at` timestamp NULL DEFAULT NULL,
  `updated_at` timestamp NULL DEFAULT NULL
) ENGINE=InnoDB DEFAULT CHARSET=utf8mb4 COLLATE=utf8mb4_unicode_ci;

--
-- Dumping data for table `tbl_coordinator`
--

INSERT INTO `tbl_coordinator` (`id`, `coordinator_username`, `coordinator_password`, `coordinator_first_name`, `coordinator_middle_name`, `coordinator_last_name`, `coordinator_suffix`, `coordinator_position`, `coordinator_mail`, `coordinator_image`, `coordinator_image_type`, `coordinator_status`, `created_at`, `updated_at`) VALUES
(1, 'smith', '6rTd5lmD', 'Smith', 'Shesh', 'Mister', 'none', 'Teacher Professional Growth Coordinator', '', 0, ' ', 0, '2023-11-04 00:34:03', '2023-11-04 00:34:03'),
(2, 'john', '!Rheyan123', 'John', 'Micheal', 'Smith', 'Jr.', 'Assistant Principal', 'rheyanjohn.blanco@chmsc.edu.ph', 1, 'png', 1, '2023-11-04 00:37:18', '2023-11-20 17:06:18'),
(3, 'evans', 'GFPRu3vn', 'Burnok', 'Sis', 'Evans', 'none', 'Curriculum Coordinator', '', 0, ' ', 0, '2023-11-04 00:37:18', '2023-11-04 00:37:18'),
(5, 'kevincarter', 'zoWuR7lG', 'Kevin', 'Carter', 'Brown', 'none', 'Human Resources', '', 0, ' ', 0, '2023-11-04 13:40:55', '2023-11-04 13:40:55'),
(8, 'andersonrebecca', '!Rheyan123', 'Rebecca', 'Anderson', 'Smith', 'none', 'Principal', 'doronilajandel212@gmail.com', 0, ' ', 1, '2023-11-04 13:42:18', '2023-12-06 16:45:36');

-- --------------------------------------------------------

--
-- Table structure for table `tbl_data_analytics`
--

CREATE TABLE `tbl_data_analytics` (
  `id` bigint(20) UNSIGNED NOT NULL,
  `evaluator_id` bigint(20) UNSIGNED NOT NULL,
  `evaluator_type` varchar(255) COLLATE utf8mb4_unicode_ci NOT NULL,
  `teacher_id` bigint(20) UNSIGNED NOT NULL,
  `question_id` bigint(20) UNSIGNED NOT NULL,
  `evaluation_score` int(11) NOT NULL,
  `evaluation_remarks` varchar(255) COLLATE utf8mb4_unicode_ci NOT NULL,
  `evaluation_id` bigint(20) UNSIGNED NOT NULL,
  `semester` varchar(255) COLLATE utf8mb4_unicode_ci NOT NULL,
  `acad_year` varchar(255) COLLATE utf8mb4_unicode_ci NOT NULL,
  `created_at` timestamp NULL DEFAULT NULL,
  `updated_at` timestamp NULL DEFAULT NULL
) ENGINE=InnoDB DEFAULT CHARSET=utf8mb4 COLLATE=utf8mb4_unicode_ci;

--
-- Dumping data for table `tbl_data_analytics`
--

INSERT INTO `tbl_data_analytics` (`id`, `evaluator_id`, `evaluator_type`, `teacher_id`, `question_id`, `evaluation_score`, `evaluation_remarks`, `evaluation_id`, `semester`, `acad_year`, `created_at`, `updated_at`) VALUES
(307, 72, 'Student', 31, 1, 4, 'NA', 2, '1st', '2023-2024', '2023-11-22 11:24:46', '2023-11-22 11:24:46'),
(308, 72, 'Student', 31, 2, 4, 'NA', 2, '1st', '2023-2024', '2023-11-22 11:24:46', '2023-11-22 11:24:46'),
(309, 72, 'Student', 31, 3, 4, 'NA', 2, '1st', '2023-2024', '2023-11-22 11:24:46', '2023-11-22 11:24:46'),
(310, 72, 'Student', 31, 4, 4, 'NA', 2, '1st', '2023-2024', '2023-11-22 11:24:46', '2023-11-22 11:24:46'),
(311, 72, 'Student', 31, 5, 4, 'NA', 2, '1st', '2023-2024', '2023-11-22 11:24:46', '2023-11-22 11:24:46'),
(312, 72, 'Student', 31, 6, 4, 'NA', 2, '1st', '2023-2024', '2023-11-22 11:24:46', '2023-11-22 11:24:46'),
(313, 77, 'Student', 29, 1, 4, 'NA', 2, '1st', '2023-2024', '2023-11-22 11:24:46', '2023-11-22 11:24:46'),
(314, 77, 'Student', 29, 2, 4, 'NA', 2, '1st', '2023-2024', '2023-11-22 11:24:46', '2023-11-22 11:24:46'),
(315, 77, 'Student', 29, 3, 4, 'NA', 2, '1st', '2023-2024', '2023-11-22 11:24:46', '2023-11-22 11:24:46'),
(316, 77, 'Student', 29, 4, 4, 'NA', 2, '1st', '2023-2024', '2023-11-22 11:24:46', '2023-11-22 11:24:46'),
(317, 77, 'Student', 29, 5, 4, 'NA', 2, '1st', '2023-2024', '2023-11-22 11:24:46', '2023-11-22 11:24:46'),
(318, 77, 'Student', 29, 6, 4, 'NA', 2, '1st', '2023-2024', '2023-11-22 11:24:46', '2023-11-22 11:24:46'),
(319, 78, 'Student', 25, 1, 3, 'lksdngokjsdfg', 2, '1st', '2023-2024', '2023-11-22 11:24:46', '2023-11-22 11:24:46'),
(320, 78, 'Student', 25, 2, 4, 'lksdngokjsdfg', 2, '1st', '2023-2024', '2023-11-22 11:24:46', '2023-11-22 11:24:46'),
(321, 78, 'Student', 25, 3, 3, 'lksdngokjsdfg', 2, '1st', '2023-2024', '2023-11-22 11:24:46', '2023-11-22 11:24:46'),
(322, 78, 'Student', 25, 4, 4, 'lksdngokjsdfg', 2, '1st', '2023-2024', '2023-11-22 11:24:46', '2023-11-22 11:24:46'),
(323, 78, 'Student', 25, 5, 3, 'lksdngokjsdfg', 2, '1st', '2023-2024', '2023-11-22 11:24:46', '2023-11-22 11:24:46'),
(324, 78, 'Student', 25, 6, 2, 'lksdngokjsdfg', 2, '1st', '2023-2024', '2023-11-22 11:24:46', '2023-11-22 11:24:46'),
(325, 78, 'Student', 29, 1, 4, 'Na', 2, '1st', '2023-2024', '2023-11-22 11:24:46', '2023-11-22 11:24:46'),
(326, 78, 'Student', 29, 2, 3, 'Na', 2, '1st', '2023-2024', '2023-11-22 11:24:46', '2023-11-22 11:24:46'),
(327, 78, 'Student', 29, 3, 4, 'Na', 2, '1st', '2023-2024', '2023-11-22 11:24:46', '2023-11-22 11:24:46'),
(328, 78, 'Student', 29, 4, 3, 'Na', 2, '1st', '2023-2024', '2023-11-22 11:24:46', '2023-11-22 11:24:46'),
(329, 78, 'Student', 29, 5, 4, 'Na', 2, '1st', '2023-2024', '2023-11-22 11:24:46', '2023-11-22 11:24:46'),
(330, 78, 'Student', 29, 6, 4, 'Na', 2, '1st', '2023-2024', '2023-11-22 11:24:46', '2023-11-22 11:24:46'),
(331, 78, 'Student', 24, 1, 4, 'ghads', 2, '1st', '2023-2024', '2023-11-22 11:24:46', '2023-11-22 11:24:46'),
(332, 78, 'Student', 24, 2, 3, 'ghads', 2, '1st', '2023-2024', '2023-11-22 11:24:46', '2023-11-22 11:24:46'),
(333, 78, 'Student', 24, 3, 4, 'ghads', 2, '1st', '2023-2024', '2023-11-22 11:24:46', '2023-11-22 11:24:46'),
(334, 78, 'Student', 24, 4, 3, 'ghads', 2, '1st', '2023-2024', '2023-11-22 11:24:46', '2023-11-22 11:24:46'),
(335, 78, 'Student', 24, 5, 4, 'ghads', 2, '1st', '2023-2024', '2023-11-22 11:24:46', '2023-11-22 11:24:46'),
(336, 78, 'Student', 24, 6, 3, 'ghads', 2, '1st', '2023-2024', '2023-11-22 11:24:46', '2023-11-22 11:24:46'),
(337, 78, 'Student', 27, 1, 4, 'NA', 2, '1st', '2023-2024', '2023-11-22 11:24:46', '2023-11-22 11:24:46'),
(338, 78, 'Student', 27, 2, 3, 'NA', 2, '1st', '2023-2024', '2023-11-22 11:24:46', '2023-11-22 11:24:46'),
(339, 78, 'Student', 27, 3, 2, 'NA', 2, '1st', '2023-2024', '2023-11-22 11:24:46', '2023-11-22 11:24:46'),
(340, 78, 'Student', 27, 4, 4, 'NA', 2, '1st', '2023-2024', '2023-11-22 11:24:46', '2023-11-22 11:24:46'),
(341, 78, 'Student', 27, 5, 3, 'NA', 2, '1st', '2023-2024', '2023-11-22 11:24:46', '2023-11-22 11:24:46'),
(342, 78, 'Student', 27, 6, 4, 'NA', 2, '1st', '2023-2024', '2023-11-22 11:24:46', '2023-11-22 11:24:46'),
(343, 78, 'Student', 33, 1, 4, 'NA', 2, '1st', '2023-2024', '2023-11-22 11:24:46', '2023-11-22 11:24:46'),
(344, 78, 'Student', 33, 2, 3, 'NA', 2, '1st', '2023-2024', '2023-11-22 11:24:46', '2023-11-22 11:24:46'),
(345, 78, 'Student', 33, 3, 2, 'NA', 2, '1st', '2023-2024', '2023-11-22 11:24:46', '2023-11-22 11:24:46'),
(346, 78, 'Student', 33, 4, 3, 'NA', 2, '1st', '2023-2024', '2023-11-22 11:24:46', '2023-11-22 11:24:46'),
(347, 78, 'Student', 33, 5, 4, 'NA', 2, '1st', '2023-2024', '2023-11-22 11:24:46', '2023-11-22 11:24:46'),
(348, 78, 'Student', 33, 6, 4, 'NA', 2, '1st', '2023-2024', '2023-11-22 11:24:46', '2023-11-22 11:24:46'),
(349, 78, 'Student', 32, 1, 4, 'NA', 2, '1st', '2023-2024', '2023-11-22 11:24:46', '2023-11-22 11:24:46'),
(350, 78, 'Student', 32, 2, 3, 'NA', 2, '1st', '2023-2024', '2023-11-22 11:24:46', '2023-11-22 11:24:46'),
(351, 78, 'Student', 32, 3, 4, 'NA', 2, '1st', '2023-2024', '2023-11-22 11:24:46', '2023-11-22 11:24:46'),
(352, 78, 'Student', 32, 4, 3, 'NA', 2, '1st', '2023-2024', '2023-11-22 11:24:46', '2023-11-22 11:24:46'),
(353, 78, 'Student', 32, 5, 3, 'NA', 2, '1st', '2023-2024', '2023-11-22 11:24:46', '2023-11-22 11:24:46'),
(354, 78, 'Student', 32, 6, 4, 'NA', 2, '1st', '2023-2024', '2023-11-22 11:24:46', '2023-11-22 11:24:46'),
(355, 78, 'Student', 31, 1, 4, 'hscs', 2, '1st', '2023-2024', '2023-11-22 11:24:46', '2023-11-22 11:24:46'),
(356, 78, 'Student', 31, 2, 3, 'hscs', 2, '1st', '2023-2024', '2023-11-22 11:24:46', '2023-11-22 11:24:46'),
(357, 78, 'Student', 31, 3, 4, 'hscs', 2, '1st', '2023-2024', '2023-11-22 11:24:46', '2023-11-22 11:24:46'),
(358, 78, 'Student', 31, 4, 3, 'hscs', 2, '1st', '2023-2024', '2023-11-22 11:24:46', '2023-11-22 11:24:46'),
(359, 78, 'Student', 31, 5, 3, 'hscs', 2, '1st', '2023-2024', '2023-11-22 11:24:46', '2023-11-22 11:24:46'),
(360, 78, 'Student', 31, 6, 4, 'hscs', 2, '1st', '2023-2024', '2023-11-22 11:24:46', '2023-11-22 11:24:46'),
(361, 2, 'Coordinator', 24, 7, 4, 'NA', 2, '1st', '2023-2024', '2023-11-22 11:24:46', '2023-11-22 11:24:46'),
(362, 2, 'Coordinator', 24, 8, 3, 'NA', 2, '1st', '2023-2024', '2023-11-22 11:24:46', '2023-11-22 11:24:46'),
(363, 2, 'Coordinator', 24, 9, 4, 'NA', 2, '1st', '2023-2024', '2023-11-22 11:24:46', '2023-11-22 11:24:46'),
(364, 2, 'Coordinator', 24, 10, 3, 'NA', 2, '1st', '2023-2024', '2023-11-22 11:24:46', '2023-11-22 11:24:46'),
(365, 2, 'Coordinator', 24, 11, 4, 'NA', 2, '1st', '2023-2024', '2023-11-22 11:24:46', '2023-11-22 11:24:46'),
(366, 2, 'Coordinator', 24, 12, 4, 'NA', 2, '1st', '2023-2024', '2023-11-22 11:24:46', '2023-11-22 11:24:46'),
(367, 2, 'Coordinator', 24, 13, 4, 'NA', 2, '1st', '2023-2024', '2023-11-22 11:24:46', '2023-11-22 11:24:46'),
(368, 2, 'Coordinator', 24, 14, 4, 'NA', 2, '1st', '2023-2024', '2023-11-22 11:24:46', '2023-11-22 11:24:46'),
(369, 2, 'Coordinator', 24, 15, 4, 'NA', 2, '1st', '2023-2024', '2023-11-22 11:24:46', '2023-11-22 11:24:46'),
(370, 2, 'Coordinator', 25, 7, 3, 'sdl,dflkgndf', 2, '1st', '2023-2024', '2023-11-22 11:24:46', '2023-11-22 11:24:46'),
(371, 2, 'Coordinator', 25, 8, 2, 'sdl,dflkgndf', 2, '1st', '2023-2024', '2023-11-22 11:24:46', '2023-11-22 11:24:46'),
(372, 2, 'Coordinator', 25, 9, 3, 'sdl,dflkgndf', 2, '1st', '2023-2024', '2023-11-22 11:24:46', '2023-11-22 11:24:46'),
(373, 2, 'Coordinator', 25, 10, 2, 'sdl,dflkgndf', 2, '1st', '2023-2024', '2023-11-22 11:24:46', '2023-11-22 11:24:46'),
(374, 2, 'Coordinator', 25, 11, 4, 'sdl,dflkgndf', 2, '1st', '2023-2024', '2023-11-22 11:24:46', '2023-11-22 11:24:46'),
(375, 2, 'Coordinator', 25, 12, 2, 'sdl,dflkgndf', 2, '1st', '2023-2024', '2023-11-22 11:24:46', '2023-11-22 11:24:46'),
(376, 2, 'Coordinator', 25, 13, 4, 'sdl,dflkgndf', 2, '1st', '2023-2024', '2023-11-22 11:24:46', '2023-11-22 11:24:46'),
(377, 2, 'Coordinator', 25, 14, 3, 'sdl,dflkgndf', 2, '1st', '2023-2024', '2023-11-22 11:24:46', '2023-11-22 11:24:46'),
(378, 2, 'Coordinator', 25, 15, 4, 'sdl,dflkgndf', 2, '1st', '2023-2024', '2023-11-22 11:24:46', '2023-11-22 11:24:46'),
(379, 2, 'Coordinator', 26, 7, 4, 'wahdkja', 2, '1st', '2023-2024', '2023-11-22 11:24:46', '2023-11-22 11:24:46'),
(380, 2, 'Coordinator', 26, 8, 3, 'wahdkja', 2, '1st', '2023-2024', '2023-11-22 11:24:46', '2023-11-22 11:24:46'),
(381, 2, 'Coordinator', 26, 9, 4, 'wahdkja', 2, '1st', '2023-2024', '2023-11-22 11:24:46', '2023-11-22 11:24:46'),
(382, 2, 'Coordinator', 26, 10, 3, 'wahdkja', 2, '1st', '2023-2024', '2023-11-22 11:24:46', '2023-11-22 11:24:46'),
(383, 2, 'Coordinator', 26, 11, 4, 'wahdkja', 2, '1st', '2023-2024', '2023-11-22 11:24:46', '2023-11-22 11:24:46'),
(384, 2, 'Coordinator', 26, 12, 3, 'wahdkja', 2, '1st', '2023-2024', '2023-11-22 11:24:46', '2023-11-22 11:24:46'),
(385, 2, 'Coordinator', 26, 13, 4, 'wahdkja', 2, '1st', '2023-2024', '2023-11-22 11:24:46', '2023-11-22 11:24:46'),
(386, 2, 'Coordinator', 26, 14, 3, 'wahdkja', 2, '1st', '2023-2024', '2023-11-22 11:24:46', '2023-11-22 11:24:46'),
(387, 2, 'Coordinator', 26, 15, 3, 'wahdkja', 2, '1st', '2023-2024', '2023-11-22 11:24:46', '2023-11-22 11:24:46'),
(388, 2, 'Coordinator', 27, 7, 4, 'NA', 2, '1st', '2023-2024', '2023-11-22 11:24:46', '2023-11-22 11:24:46'),
(389, 2, 'Coordinator', 27, 8, 3, 'NA', 2, '1st', '2023-2024', '2023-11-22 11:24:46', '2023-11-22 11:24:46'),
(390, 2, 'Coordinator', 27, 9, 4, 'NA', 2, '1st', '2023-2024', '2023-11-22 11:24:46', '2023-11-22 11:24:46'),
(391, 2, 'Coordinator', 27, 10, 3, 'NA', 2, '1st', '2023-2024', '2023-11-22 11:24:46', '2023-11-22 11:24:46'),
(392, 2, 'Coordinator', 27, 11, 4, 'NA', 2, '1st', '2023-2024', '2023-11-22 11:24:46', '2023-11-22 11:24:46'),
(393, 2, 'Coordinator', 27, 12, 3, 'NA', 2, '1st', '2023-2024', '2023-11-22 11:24:46', '2023-11-22 11:24:46'),
(394, 2, 'Coordinator', 27, 13, 4, 'NA', 2, '1st', '2023-2024', '2023-11-22 11:24:46', '2023-11-22 11:24:46'),
(395, 2, 'Coordinator', 27, 14, 4, 'NA', 2, '1st', '2023-2024', '2023-11-22 11:24:46', '2023-11-22 11:24:46'),
(396, 2, 'Coordinator', 27, 15, 4, 'NA', 2, '1st', '2023-2024', '2023-11-22 11:24:46', '2023-11-22 11:24:46'),
(397, 2, 'Coordinator', 28, 7, 4, 'NA', 2, '1st', '2023-2024', '2023-11-22 11:24:46', '2023-11-22 11:24:46'),
(398, 2, 'Coordinator', 28, 8, 3, 'NA', 2, '1st', '2023-2024', '2023-11-22 11:24:46', '2023-11-22 11:24:46'),
(399, 2, 'Coordinator', 28, 9, 4, 'NA', 2, '1st', '2023-2024', '2023-11-22 11:24:46', '2023-11-22 11:24:46'),
(400, 2, 'Coordinator', 28, 10, 4, 'NA', 2, '1st', '2023-2024', '2023-11-22 11:24:46', '2023-11-22 11:24:46'),
(401, 2, 'Coordinator', 28, 11, 3, 'NA', 2, '1st', '2023-2024', '2023-11-22 11:24:46', '2023-11-22 11:24:46'),
(402, 2, 'Coordinator', 28, 12, 2, 'NA', 2, '1st', '2023-2024', '2023-11-22 11:24:46', '2023-11-22 11:24:46'),
(403, 2, 'Coordinator', 28, 13, 1, 'NA', 2, '1st', '2023-2024', '2023-11-22 11:24:46', '2023-11-22 11:24:46'),
(404, 2, 'Coordinator', 28, 14, 2, 'NA', 2, '1st', '2023-2024', '2023-11-22 11:24:46', '2023-11-22 11:24:46'),
(405, 2, 'Coordinator', 28, 15, 3, 'NA', 2, '1st', '2023-2024', '2023-11-22 11:24:46', '2023-11-22 11:24:46'),
(406, 2, 'Coordinator', 29, 7, 4, 'Try ❤❤', 2, '1st', '2023-2024', '2023-11-22 11:24:46', '2023-11-22 11:24:46'),
(407, 2, 'Coordinator', 29, 8, 4, 'Try ❤❤', 2, '1st', '2023-2024', '2023-11-22 11:24:46', '2023-11-22 11:24:46'),
(408, 2, 'Coordinator', 29, 9, 3, 'Try ❤❤', 2, '1st', '2023-2024', '2023-11-22 11:24:46', '2023-11-22 11:24:46'),
(409, 2, 'Coordinator', 29, 10, 4, 'Try ❤❤', 2, '1st', '2023-2024', '2023-11-22 11:24:46', '2023-11-22 11:24:46'),
(410, 2, 'Coordinator', 29, 11, 4, 'Try ❤❤', 2, '1st', '2023-2024', '2023-11-22 11:24:46', '2023-11-22 11:24:46'),
(411, 2, 'Coordinator', 29, 12, 4, 'Try ❤❤', 2, '1st', '2023-2024', '2023-11-22 11:24:46', '2023-11-22 11:24:46'),
(412, 2, 'Coordinator', 29, 13, 4, 'Try ❤❤', 2, '1st', '2023-2024', '2023-11-22 11:24:46', '2023-11-22 11:24:46'),
(413, 2, 'Coordinator', 29, 14, 3, 'Try ❤❤', 2, '1st', '2023-2024', '2023-11-22 11:24:46', '2023-11-22 11:24:46'),
(414, 2, 'Coordinator', 29, 15, 4, 'Try ❤❤', 2, '1st', '2023-2024', '2023-11-22 11:24:46', '2023-11-22 11:24:46'),
(415, 2, 'Coordinator', 30, 7, 4, 'Nugsad', 2, '1st', '2023-2024', '2023-11-22 11:24:46', '2023-11-22 11:24:46'),
(416, 2, 'Coordinator', 30, 8, 3, 'Nugsad', 2, '1st', '2023-2024', '2023-11-22 11:24:46', '2023-11-22 11:24:46'),
(417, 2, 'Coordinator', 30, 9, 4, 'Nugsad', 2, '1st', '2023-2024', '2023-11-22 11:24:46', '2023-11-22 11:24:46'),
(418, 2, 'Coordinator', 30, 10, 3, 'Nugsad', 2, '1st', '2023-2024', '2023-11-22 11:24:46', '2023-11-22 11:24:46'),
(419, 2, 'Coordinator', 30, 11, 4, 'Nugsad', 2, '1st', '2023-2024', '2023-11-22 11:24:46', '2023-11-22 11:24:46'),
(420, 2, 'Coordinator', 30, 12, 2, 'Nugsad', 2, '1st', '2023-2024', '2023-11-22 11:24:46', '2023-11-22 11:24:46'),
(421, 2, 'Coordinator', 30, 13, 3, 'Nugsad', 2, '1st', '2023-2024', '2023-11-22 11:24:46', '2023-11-22 11:24:46'),
(422, 2, 'Coordinator', 30, 14, 4, 'Nugsad', 2, '1st', '2023-2024', '2023-11-22 11:24:46', '2023-11-22 11:24:46'),
(423, 2, 'Coordinator', 30, 15, 3, 'Nugsad', 2, '1st', '2023-2024', '2023-11-22 11:24:46', '2023-11-22 11:24:46'),
(424, 2, 'Coordinator', 31, 7, 4, 'NA', 2, '1st', '2023-2024', '2023-11-22 11:24:46', '2023-11-22 11:24:46'),
(425, 2, 'Coordinator', 31, 8, 3, 'NA', 2, '1st', '2023-2024', '2023-11-22 11:24:46', '2023-11-22 11:24:46'),
(426, 2, 'Coordinator', 31, 9, 4, 'NA', 2, '1st', '2023-2024', '2023-11-22 11:24:46', '2023-11-22 11:24:46'),
(427, 2, 'Coordinator', 31, 10, 3, 'NA', 2, '1st', '2023-2024', '2023-11-22 11:24:46', '2023-11-22 11:24:46'),
(428, 2, 'Coordinator', 31, 11, 3, 'NA', 2, '1st', '2023-2024', '2023-11-22 11:24:46', '2023-11-22 11:24:46'),
(429, 2, 'Coordinator', 31, 12, 4, 'NA', 2, '1st', '2023-2024', '2023-11-22 11:24:46', '2023-11-22 11:24:46'),
(430, 2, 'Coordinator', 31, 13, 3, 'NA', 2, '1st', '2023-2024', '2023-11-22 11:24:46', '2023-11-22 11:24:46'),
(431, 2, 'Coordinator', 31, 14, 2, 'NA', 2, '1st', '2023-2024', '2023-11-22 11:24:46', '2023-11-22 11:24:46'),
(432, 2, 'Coordinator', 31, 15, 1, 'NA', 2, '1st', '2023-2024', '2023-11-22 11:24:46', '2023-11-22 11:24:46'),
(433, 2, 'Coordinator', 32, 7, 4, 'Try', 2, '1st', '2023-2024', '2023-11-22 11:24:46', '2023-11-22 11:24:46'),
(434, 2, 'Coordinator', 32, 8, 3, 'Try', 2, '1st', '2023-2024', '2023-11-22 11:24:46', '2023-11-22 11:24:46'),
(435, 2, 'Coordinator', 32, 9, 4, 'Try', 2, '1st', '2023-2024', '2023-11-22 11:24:46', '2023-11-22 11:24:46'),
(436, 2, 'Coordinator', 32, 10, 3, 'Try', 2, '1st', '2023-2024', '2023-11-22 11:24:46', '2023-11-22 11:24:46'),
(437, 2, 'Coordinator', 32, 11, 2, 'Try', 2, '1st', '2023-2024', '2023-11-22 11:24:46', '2023-11-22 11:24:46'),
(438, 2, 'Coordinator', 32, 12, 1, 'Try', 2, '1st', '2023-2024', '2023-11-22 11:24:46', '2023-11-22 11:24:46'),
(439, 2, 'Coordinator', 32, 13, 0, 'Try', 2, '1st', '2023-2024', '2023-11-22 11:24:46', '2023-11-22 11:24:46'),
(440, 2, 'Coordinator', 32, 14, 1, 'Try', 2, '1st', '2023-2024', '2023-11-22 11:24:46', '2023-11-22 11:24:46'),
(441, 2, 'Coordinator', 32, 15, 2, 'Try', 2, '1st', '2023-2024', '2023-11-22 11:24:46', '2023-11-22 11:24:46'),
(442, 2, 'Coordinator', 33, 7, 4, 'jcsd', 2, '1st', '2023-2024', '2023-11-22 11:24:46', '2023-11-22 11:24:46'),
(443, 2, 'Coordinator', 33, 8, 3, 'jcsd', 2, '1st', '2023-2024', '2023-11-22 11:24:46', '2023-11-22 11:24:46'),
(444, 2, 'Coordinator', 33, 9, 4, 'jcsd', 2, '1st', '2023-2024', '2023-11-22 11:24:46', '2023-11-22 11:24:46'),
(445, 2, 'Coordinator', 33, 10, 4, 'jcsd', 2, '1st', '2023-2024', '2023-11-22 11:24:46', '2023-11-22 11:24:46'),
(446, 2, 'Coordinator', 33, 11, 3, 'jcsd', 2, '1st', '2023-2024', '2023-11-22 11:24:46', '2023-11-22 11:24:46'),
(447, 2, 'Coordinator', 33, 12, 4, 'jcsd', 2, '1st', '2023-2024', '2023-11-22 11:24:46', '2023-11-22 11:24:46'),
(448, 2, 'Coordinator', 33, 13, 3, 'jcsd', 2, '1st', '2023-2024', '2023-11-22 11:24:46', '2023-11-22 11:24:46'),
(449, 2, 'Coordinator', 33, 14, 2, 'jcsd', 2, '1st', '2023-2024', '2023-11-22 11:24:46', '2023-11-22 11:24:46'),
(450, 2, 'Coordinator', 33, 15, 2, 'jcsd', 2, '1st', '2023-2024', '2023-11-22 11:24:46', '2023-11-22 11:24:46'),
(451, 13, 'Student', 29, 1, 4, 'NA', 2, '1st', '2023-2024', '2023-11-22 11:24:46', '2023-11-22 11:24:46'),
(452, 13, 'Student', 29, 2, 3, 'NA', 2, '1st', '2023-2024', '2023-11-22 11:24:46', '2023-11-22 11:24:46'),
(453, 13, 'Student', 29, 3, 3, 'NA', 2, '1st', '2023-2024', '2023-11-22 11:24:46', '2023-11-22 11:24:46'),
(454, 13, 'Student', 29, 4, 2, 'NA', 2, '1st', '2023-2024', '2023-11-22 11:24:46', '2023-11-22 11:24:46'),
(455, 13, 'Student', 29, 5, 2, 'NA', 2, '1st', '2023-2024', '2023-11-22 11:24:46', '2023-11-22 11:24:46'),
(456, 13, 'Student', 29, 6, 3, 'NA', 2, '1st', '2023-2024', '2023-11-22 11:24:46', '2023-11-22 11:24:46'),
(457, 13, 'Student', 27, 1, 4, 'NA', 2, '1st', '2023-2024', '2023-11-22 11:24:46', '2023-11-22 11:24:46'),
(458, 13, 'Student', 27, 2, 3, 'NA', 2, '1st', '2023-2024', '2023-11-22 11:24:46', '2023-11-22 11:24:46'),
(459, 13, 'Student', 27, 3, 2, 'NA', 2, '1st', '2023-2024', '2023-11-22 11:24:46', '2023-11-22 11:24:46'),
(460, 13, 'Student', 27, 4, 1, 'NA', 2, '1st', '2023-2024', '2023-11-22 11:24:46', '2023-11-22 11:24:46'),
(461, 13, 'Student', 27, 5, 3, 'NA', 2, '1st', '2023-2024', '2023-11-22 11:24:46', '2023-11-22 11:24:46'),
(462, 13, 'Student', 27, 6, 4, 'NA', 2, '1st', '2023-2024', '2023-11-22 11:24:46', '2023-11-22 11:24:46'),
(463, 13, 'Student', 25, 1, 1, 'NA', 2, '1st', '2023-2024', '2023-11-22 11:24:46', '2023-11-22 11:24:46'),
(464, 13, 'Student', 25, 2, 2, 'NA', 2, '1st', '2023-2024', '2023-11-22 11:24:46', '2023-11-22 11:24:46'),
(465, 13, 'Student', 25, 3, 3, 'NA', 2, '1st', '2023-2024', '2023-11-22 11:24:46', '2023-11-22 11:24:46'),
(466, 13, 'Student', 25, 4, 3, 'NA', 2, '1st', '2023-2024', '2023-11-22 11:24:46', '2023-11-22 11:24:46'),
(467, 13, 'Student', 25, 5, 2, 'NA', 2, '1st', '2023-2024', '2023-11-22 11:24:46', '2023-11-22 11:24:46'),
(468, 13, 'Student', 25, 6, 1, 'NA', 2, '1st', '2023-2024', '2023-11-22 11:24:46', '2023-11-22 11:24:46'),
(469, 13, 'Student', 26, 1, 4, 'NA', 2, '1st', '2023-2024', '2023-11-22 11:24:46', '2023-11-22 11:24:46'),
(470, 13, 'Student', 26, 2, 3, 'NA', 2, '1st', '2023-2024', '2023-11-22 11:24:46', '2023-11-22 11:24:46'),
(471, 13, 'Student', 26, 3, 2, 'NA', 2, '1st', '2023-2024', '2023-11-22 11:24:46', '2023-11-22 11:24:46'),
(472, 13, 'Student', 26, 4, 3, 'NA', 2, '1st', '2023-2024', '2023-11-22 11:24:46', '2023-11-22 11:24:46'),
(473, 13, 'Student', 26, 5, 3, 'NA', 2, '1st', '2023-2024', '2023-11-22 11:24:46', '2023-11-22 11:24:46'),
(474, 13, 'Student', 26, 6, 4, 'NA', 2, '1st', '2023-2024', '2023-11-22 11:24:46', '2023-11-22 11:24:46'),
(475, 13, 'Student', 28, 1, 4, 'NA', 2, '1st', '2023-2024', '2023-11-22 11:24:46', '2023-11-22 11:24:46'),
(476, 13, 'Student', 28, 2, 3, 'NA', 2, '1st', '2023-2024', '2023-11-22 11:24:46', '2023-11-22 11:24:46'),
(477, 13, 'Student', 28, 3, 4, 'NA', 2, '1st', '2023-2024', '2023-11-22 11:24:46', '2023-11-22 11:24:46'),
(478, 13, 'Student', 28, 4, 4, 'NA', 2, '1st', '2023-2024', '2023-11-22 11:24:46', '2023-11-22 11:24:46'),
(479, 13, 'Student', 28, 5, 3, 'NA', 2, '1st', '2023-2024', '2023-11-22 11:24:46', '2023-11-22 11:24:46'),
(480, 13, 'Student', 28, 6, 4, 'NA', 2, '1st', '2023-2024', '2023-11-22 11:24:46', '2023-11-22 11:24:46'),
(481, 13, 'Student', 30, 1, 4, 'NA', 2, '1st', '2023-2024', '2023-11-22 11:24:46', '2023-11-22 11:24:46'),
(482, 13, 'Student', 30, 1, 4, 'NA', 2, '1st', '2023-2024', '2023-11-22 11:24:46', '2023-11-22 11:24:46'),
(483, 13, 'Student', 30, 2, 3, 'NA', 2, '1st', '2023-2024', '2023-11-22 11:24:46', '2023-11-22 11:24:46'),
(484, 13, 'Student', 30, 2, 3, 'NA', 2, '1st', '2023-2024', '2023-11-22 11:24:46', '2023-11-22 11:24:46'),
(485, 13, 'Student', 30, 3, 3, 'NA', 2, '1st', '2023-2024', '2023-11-22 11:24:46', '2023-11-22 11:24:46'),
(486, 13, 'Student', 30, 3, 3, 'NA', 2, '1st', '2023-2024', '2023-11-22 11:24:46', '2023-11-22 11:24:46'),
(487, 13, 'Student', 30, 4, 3, 'NA', 2, '1st', '2023-2024', '2023-11-22 11:24:46', '2023-11-22 11:24:46'),
(488, 13, 'Student', 30, 4, 3, 'NA', 2, '1st', '2023-2024', '2023-11-22 11:24:46', '2023-11-22 11:24:46'),
(489, 13, 'Student', 30, 5, 4, 'NA', 2, '1st', '2023-2024', '2023-11-22 11:24:46', '2023-11-22 11:24:46'),
(490, 13, 'Student', 30, 5, 4, 'NA', 2, '1st', '2023-2024', '2023-11-22 11:24:46', '2023-11-22 11:24:46'),
(491, 13, 'Student', 30, 6, 4, 'NA', 2, '1st', '2023-2024', '2023-11-22 11:24:46', '2023-11-22 11:24:46'),
(492, 13, 'Student', 30, 6, 4, 'NA', 2, '1st', '2023-2024', '2023-11-22 11:24:46', '2023-11-22 11:24:46'),
(493, 13, 'Student', 32, 1, 4, 'NA', 2, '1st', '2023-2024', '2023-11-22 11:24:46', '2023-11-22 11:24:46'),
(494, 13, 'Student', 32, 2, 3, 'NA', 2, '1st', '2023-2024', '2023-11-22 11:24:46', '2023-11-22 11:24:46'),
(495, 13, 'Student', 32, 3, 4, 'NA', 2, '1st', '2023-2024', '2023-11-22 11:24:46', '2023-11-22 11:24:46'),
(496, 13, 'Student', 32, 4, 3, 'NA', 2, '1st', '2023-2024', '2023-11-22 11:24:46', '2023-11-22 11:24:46'),
(497, 13, 'Student', 32, 5, 3, 'NA', 2, '1st', '2023-2024', '2023-11-22 11:24:46', '2023-11-22 11:24:46'),
(498, 13, 'Student', 32, 6, 4, 'NA', 2, '1st', '2023-2024', '2023-11-22 11:24:46', '2023-11-22 11:24:46'),
(499, 13, 'Student', 31, 1, 4, 'NA', 2, '1st', '2023-2024', '2023-11-22 11:24:46', '2023-11-22 11:24:46'),
(500, 13, 'Student', 31, 2, 3, 'NA', 2, '1st', '2023-2024', '2023-11-22 11:24:46', '2023-11-22 11:24:46'),
(501, 13, 'Student', 31, 3, 4, 'NA', 2, '1st', '2023-2024', '2023-11-22 11:24:46', '2023-11-22 11:24:46'),
(502, 13, 'Student', 31, 4, 3, 'NA', 2, '1st', '2023-2024', '2023-11-22 11:24:46', '2023-11-22 11:24:46'),
(503, 13, 'Student', 31, 5, 4, 'NA', 2, '1st', '2023-2024', '2023-11-22 11:24:46', '2023-11-22 11:24:46'),
(504, 13, 'Student', 31, 6, 3, 'NA', 2, '1st', '2023-2024', '2023-11-22 11:24:46', '2023-11-22 11:24:46'),
(505, 14, 'Student', 29, 1, 1, 'NA', 2, '1st', '2023-2024', '2023-11-22 11:24:46', '2023-11-22 11:24:46'),
(506, 14, 'Student', 29, 2, 2, 'NA', 2, '1st', '2023-2024', '2023-11-22 11:24:46', '2023-11-22 11:24:46'),
(507, 14, 'Student', 29, 3, 1, 'NA', 2, '1st', '2023-2024', '2023-11-22 11:24:46', '2023-11-22 11:24:46'),
(508, 14, 'Student', 29, 4, 1, 'NA', 2, '1st', '2023-2024', '2023-11-22 11:24:46', '2023-11-22 11:24:46'),
(509, 14, 'Student', 29, 5, 2, 'NA', 2, '1st', '2023-2024', '2023-11-22 11:24:46', '2023-11-22 11:24:46'),
(510, 14, 'Student', 29, 6, 2, 'NA', 2, '1st', '2023-2024', '2023-11-22 11:24:46', '2023-11-22 11:24:46'),
(511, 14, 'Student', 27, 1, 2, 'NA', 2, '1st', '2023-2024', '2023-11-22 11:24:46', '2023-11-22 11:24:46'),
(512, 14, 'Student', 27, 2, 2, 'NA', 2, '1st', '2023-2024', '2023-11-22 11:24:46', '2023-11-22 11:24:46'),
(513, 14, 'Student', 27, 3, 3, 'NA', 2, '1st', '2023-2024', '2023-11-22 11:24:46', '2023-11-22 11:24:46'),
(514, 14, 'Student', 27, 4, 2, 'NA', 2, '1st', '2023-2024', '2023-11-22 11:24:46', '2023-11-22 11:24:46'),
(515, 14, 'Student', 27, 5, 2, 'NA', 2, '1st', '2023-2024', '2023-11-22 11:24:46', '2023-11-22 11:24:46'),
(516, 14, 'Student', 27, 6, 2, 'NA', 2, '1st', '2023-2024', '2023-11-22 11:24:46', '2023-11-22 11:24:46'),
(517, 14, 'Student', 25, 1, 2, 'NA', 2, '1st', '2023-2024', '2023-11-22 11:24:46', '2023-11-22 11:24:46'),
(518, 14, 'Student', 25, 1, 2, 'NA', 2, '1st', '2023-2024', '2023-11-22 11:24:46', '2023-11-22 11:24:46'),
(519, 14, 'Student', 25, 2, 3, 'NA', 2, '1st', '2023-2024', '2023-11-22 11:24:46', '2023-11-22 11:24:46'),
(520, 14, 'Student', 25, 3, 2, 'NA', 2, '1st', '2023-2024', '2023-11-22 11:24:46', '2023-11-22 11:24:46'),
(521, 14, 'Student', 25, 4, 1, 'NA', 2, '1st', '2023-2024', '2023-11-22 11:24:46', '2023-11-22 11:24:46'),
(522, 14, 'Student', 25, 5, 1, 'NA', 2, '1st', '2023-2024', '2023-11-22 11:24:46', '2023-11-22 11:24:46'),
(523, 14, 'Student', 25, 5, 1, 'NA', 2, '1st', '2023-2024', '2023-11-22 11:24:46', '2023-11-22 11:24:46'),
(524, 14, 'Student', 25, 6, 2, 'NA', 2, '1st', '2023-2024', '2023-11-22 11:24:46', '2023-11-22 11:24:46'),
(525, 14, 'Student', 25, 6, 2, 'NA', 2, '1st', '2023-2024', '2023-11-22 11:24:46', '2023-11-22 11:24:46'),
(526, 14, 'Student', 26, 1, 3, 'NA', 2, '1st', '2023-2024', '2023-11-22 11:24:46', '2023-11-22 11:24:46'),
(527, 14, 'Student', 26, 2, 2, 'NA', 2, '1st', '2023-2024', '2023-11-22 11:24:46', '2023-11-22 11:24:46'),
(528, 14, 'Student', 26, 3, 1, 'NA', 2, '1st', '2023-2024', '2023-11-22 11:24:46', '2023-11-22 11:24:46'),
(529, 14, 'Student', 26, 4, 2, 'NA', 2, '1st', '2023-2024', '2023-11-22 11:24:46', '2023-11-22 11:24:46'),
(530, 14, 'Student', 26, 5, 3, 'NA', 2, '1st', '2023-2024', '2023-11-22 11:24:46', '2023-11-22 11:24:46'),
(531, 14, 'Student', 26, 6, 2, 'NA', 2, '1st', '2023-2024', '2023-11-22 11:24:46', '2023-11-22 11:24:46'),
(532, 14, 'Student', 28, 1, 4, 'NA', 2, '1st', '2023-2024', '2023-11-22 11:24:46', '2023-11-22 11:24:46'),
(533, 14, 'Student', 28, 2, 3, 'NA', 2, '1st', '2023-2024', '2023-11-22 11:24:46', '2023-11-22 11:24:46'),
(534, 14, 'Student', 28, 3, 3, 'NA', 2, '1st', '2023-2024', '2023-11-22 11:24:46', '2023-11-22 11:24:46'),
(535, 14, 'Student', 28, 4, 2, 'NA', 2, '1st', '2023-2024', '2023-11-22 11:24:46', '2023-11-22 11:24:46'),
(536, 14, 'Student', 28, 5, 2, 'NA', 2, '1st', '2023-2024', '2023-11-22 11:24:46', '2023-11-22 11:24:46'),
(537, 14, 'Student', 28, 6, 3, 'NA', 2, '1st', '2023-2024', '2023-11-22 11:24:46', '2023-11-22 11:24:46'),
(538, 14, 'Student', 30, 1, 4, 'NA', 2, '1st', '2023-2024', '2023-11-22 11:24:46', '2023-11-22 11:24:46'),
(539, 14, 'Student', 30, 2, 3, 'NA', 2, '1st', '2023-2024', '2023-11-22 11:24:46', '2023-11-22 11:24:46'),
(540, 14, 'Student', 30, 3, 2, 'NA', 2, '1st', '2023-2024', '2023-11-22 11:24:46', '2023-11-22 11:24:46'),
(541, 14, 'Student', 30, 4, 3, 'NA', 2, '1st', '2023-2024', '2023-11-22 11:24:46', '2023-11-22 11:24:46'),
(542, 14, 'Student', 30, 5, 4, 'NA', 2, '1st', '2023-2024', '2023-11-22 11:24:46', '2023-11-22 11:24:46'),
(543, 14, 'Student', 30, 6, 3, 'NA', 2, '1st', '2023-2024', '2023-11-22 11:24:46', '2023-11-22 11:24:46'),
(544, 14, 'Student', 32, 1, 2, 'NA', 2, '1st', '2023-2024', '2023-11-22 11:24:46', '2023-11-22 11:24:46'),
(545, 14, 'Student', 32, 2, 2, 'NA', 2, '1st', '2023-2024', '2023-11-22 11:24:46', '2023-11-22 11:24:46'),
(546, 14, 'Student', 32, 3, 1, 'NA', 2, '1st', '2023-2024', '2023-11-22 11:24:46', '2023-11-22 11:24:46'),
(547, 14, 'Student', 32, 4, 2, 'NA', 2, '1st', '2023-2024', '2023-11-22 11:24:46', '2023-11-22 11:24:46'),
(548, 14, 'Student', 32, 5, 3, 'NA', 2, '1st', '2023-2024', '2023-11-22 11:24:46', '2023-11-22 11:24:46'),
(549, 14, 'Student', 32, 6, 3, 'NA', 2, '1st', '2023-2024', '2023-11-22 11:24:46', '2023-11-22 11:24:46'),
(550, 14, 'Student', 31, 1, 3, 'NA', 2, '1st', '2023-2024', '2023-11-22 11:24:46', '2023-11-22 11:24:46'),
(551, 14, 'Student', 31, 2, 3, 'NA', 2, '1st', '2023-2024', '2023-11-22 11:24:46', '2023-11-22 11:24:46'),
(552, 14, 'Student', 31, 3, 4, 'NA', 2, '1st', '2023-2024', '2023-11-22 11:24:46', '2023-11-22 11:24:46'),
(553, 14, 'Student', 31, 4, 3, 'NA', 2, '1st', '2023-2024', '2023-11-22 11:24:46', '2023-11-22 11:24:46'),
(554, 14, 'Student', 31, 5, 4, 'NA', 2, '1st', '2023-2024', '2023-11-22 11:24:46', '2023-11-22 11:24:46'),
(555, 14, 'Student', 31, 6, 4, 'NA', 2, '1st', '2023-2024', '2023-11-22 11:24:46', '2023-11-22 11:24:46'),
(556, 79, 'Student', 24, 1, 3, 'fsfsdf', 2, '1st', '2023-2024', '2023-11-22 11:24:46', '2023-11-22 11:24:46'),
(557, 79, 'Student', 24, 2, 4, 'fsfsdf', 2, '1st', '2023-2024', '2023-11-22 11:24:46', '2023-11-22 11:24:46'),
(558, 79, 'Student', 24, 3, 3, 'fsfsdf', 2, '1st', '2023-2024', '2023-11-22 11:24:46', '2023-11-22 11:24:46'),
(559, 79, 'Student', 24, 4, 3, 'fsfsdf', 2, '1st', '2023-2024', '2023-11-22 11:24:46', '2023-11-22 11:24:46'),
(560, 79, 'Student', 24, 5, 3, 'fsfsdf', 2, '1st', '2023-2024', '2023-11-22 11:24:46', '2023-11-22 11:24:46'),
(561, 79, 'Student', 24, 6, 4, 'fsfsdf', 2, '1st', '2023-2024', '2023-11-22 11:24:46', '2023-11-22 11:24:46'),
(562, 79, 'Student', 28, 1, 3, 'dsfsdjf', 2, '1st', '2023-2024', '2023-11-22 11:24:46', '2023-11-22 11:24:46'),
(563, 79, 'Student', 28, 2, 4, 'dsfsdjf', 2, '1st', '2023-2024', '2023-11-22 11:24:46', '2023-11-22 11:24:46'),
(564, 79, 'Student', 28, 3, 2, 'dsfsdjf', 2, '1st', '2023-2024', '2023-11-22 11:24:46', '2023-11-22 11:24:46'),
(565, 79, 'Student', 28, 4, 3, 'dsfsdjf', 2, '1st', '2023-2024', '2023-11-22 11:24:46', '2023-11-22 11:24:46'),
(566, 79, 'Student', 28, 5, 4, 'dsfsdjf', 2, '1st', '2023-2024', '2023-11-22 11:24:46', '2023-11-22 11:24:46'),
(567, 79, 'Student', 28, 6, 2, 'dsfsdjf', 2, '1st', '2023-2024', '2023-11-22 11:24:46', '2023-11-22 11:24:46');

-- --------------------------------------------------------

--
-- Table structure for table `tbl_evaluation_result`
--

CREATE TABLE `tbl_evaluation_result` (
  `id` bigint(20) UNSIGNED NOT NULL,
  `evaluator_id` bigint(20) UNSIGNED NOT NULL,
  `evaluator_type` varchar(255) COLLATE utf8mb4_unicode_ci NOT NULL,
  `teacher_id` bigint(20) UNSIGNED NOT NULL,
  `question_id` bigint(20) UNSIGNED NOT NULL,
  `evaluation_score` int(11) NOT NULL,
  `evaluation_remarks` varchar(255) COLLATE utf8mb4_unicode_ci NOT NULL,
  `created_at` timestamp NULL DEFAULT NULL,
  `updated_at` timestamp NULL DEFAULT NULL
) ENGINE=InnoDB DEFAULT CHARSET=utf8mb4 COLLATE=utf8mb4_unicode_ci;

--
-- Dumping data for table `tbl_evaluation_result`
--

INSERT INTO `tbl_evaluation_result` (`id`, `evaluator_id`, `evaluator_type`, `teacher_id`, `question_id`, `evaluation_score`, `evaluation_remarks`, `created_at`, `updated_at`) VALUES
(1000, 72, 'Student', 31, 1, 4, 'NA', '2023-11-22 11:27:22', '2023-11-22 11:27:22'),
(1001, 72, 'Student', 31, 2, 4, 'NA', '2023-11-22 11:27:22', '2023-11-22 11:27:22'),
(1002, 72, 'Student', 31, 3, 4, 'NA', '2023-11-22 11:27:22', '2023-11-22 11:27:22'),
(1003, 72, 'Student', 31, 4, 4, 'NA', '2023-11-22 11:27:22', '2023-11-22 11:27:22'),
(1004, 72, 'Student', 31, 5, 4, 'NA', '2023-11-22 11:27:22', '2023-11-22 11:27:22'),
(1005, 72, 'Student', 31, 6, 4, 'NA', '2023-11-22 11:27:22', '2023-11-22 11:27:22'),
(1006, 77, 'Student', 29, 1, 4, 'NA', '2023-11-22 11:27:22', '2023-11-22 11:27:22'),
(1007, 77, 'Student', 29, 2, 4, 'NA', '2023-11-22 11:27:22', '2023-11-22 11:27:22'),
(1008, 77, 'Student', 29, 3, 4, 'NA', '2023-11-22 11:27:22', '2023-11-22 11:27:22'),
(1009, 77, 'Student', 29, 4, 4, 'NA', '2023-11-22 11:27:22', '2023-11-22 11:27:22'),
(1010, 77, 'Student', 29, 5, 4, 'NA', '2023-11-22 11:27:22', '2023-11-22 11:27:22'),
(1011, 77, 'Student', 29, 6, 4, 'NA', '2023-11-22 11:27:22', '2023-11-22 11:27:22'),
(1012, 78, 'Student', 25, 1, 3, 'lksdngokjsdfg', '2023-11-22 11:27:22', '2023-11-22 11:27:22'),
(1013, 78, 'Student', 25, 2, 4, 'lksdngokjsdfg', '2023-11-22 11:27:22', '2023-11-22 11:27:22'),
(1014, 78, 'Student', 25, 3, 3, 'lksdngokjsdfg', '2023-11-22 11:27:22', '2023-11-22 11:27:22'),
(1015, 78, 'Student', 25, 4, 4, 'lksdngokjsdfg', '2023-11-22 11:27:22', '2023-11-22 11:27:22'),
(1016, 78, 'Student', 25, 5, 3, 'lksdngokjsdfg', '2023-11-22 11:27:22', '2023-11-22 11:27:22'),
(1017, 78, 'Student', 25, 6, 2, 'lksdngokjsdfg', '2023-11-22 11:27:22', '2023-11-22 11:27:22'),
(1018, 78, 'Student', 29, 1, 4, 'Na', '2023-11-22 11:27:22', '2023-11-22 11:27:22'),
(1019, 78, 'Student', 29, 2, 3, 'Na', '2023-11-22 11:27:22', '2023-11-22 11:27:22'),
(1020, 78, 'Student', 29, 3, 4, 'Na', '2023-11-22 11:27:22', '2023-11-22 11:27:22'),
(1021, 78, 'Student', 29, 4, 3, 'Na', '2023-11-22 11:27:22', '2023-11-22 11:27:22'),
(1022, 78, 'Student', 29, 5, 4, 'Na', '2023-11-22 11:27:22', '2023-11-22 11:27:22'),
(1023, 78, 'Student', 29, 6, 4, 'Na', '2023-11-22 11:27:22', '2023-11-22 11:27:22'),
(1024, 78, 'Student', 24, 1, 4, 'ghads', '2023-11-22 11:27:22', '2023-11-22 11:27:22'),
(1025, 78, 'Student', 24, 2, 3, 'ghads', '2023-11-22 11:27:22', '2023-11-22 11:27:22'),
(1026, 78, 'Student', 24, 3, 4, 'ghads', '2023-11-22 11:27:22', '2023-11-22 11:27:22'),
(1027, 78, 'Student', 24, 4, 3, 'ghads', '2023-11-22 11:27:22', '2023-11-22 11:27:22'),
(1028, 78, 'Student', 24, 5, 4, 'ghads', '2023-11-22 11:27:22', '2023-11-22 11:27:22'),
(1029, 78, 'Student', 24, 6, 3, 'ghads', '2023-11-22 11:27:22', '2023-11-22 11:27:22'),
(1030, 78, 'Student', 27, 1, 4, 'NA', '2023-11-22 11:27:22', '2023-11-22 11:27:22'),
(1031, 78, 'Student', 27, 2, 3, 'NA', '2023-11-22 11:27:22', '2023-11-22 11:27:22'),
(1032, 78, 'Student', 27, 3, 2, 'NA', '2023-11-22 11:27:22', '2023-11-22 11:27:22'),
(1033, 78, 'Student', 27, 4, 4, 'NA', '2023-11-22 11:27:22', '2023-11-22 11:27:22'),
(1034, 78, 'Student', 27, 5, 3, 'NA', '2023-11-22 11:27:22', '2023-11-22 11:27:22'),
(1035, 78, 'Student', 27, 6, 4, 'NA', '2023-11-22 11:27:22', '2023-11-22 11:27:22'),
(1036, 78, 'Student', 33, 1, 4, 'NA', '2023-11-22 11:27:22', '2023-11-22 11:27:22'),
(1037, 78, 'Student', 33, 2, 3, 'NA', '2023-11-22 11:27:22', '2023-11-22 11:27:22'),
(1038, 78, 'Student', 33, 3, 2, 'NA', '2023-11-22 11:27:22', '2023-11-22 11:27:22'),
(1039, 78, 'Student', 33, 4, 3, 'NA', '2023-11-22 11:27:22', '2023-11-22 11:27:22'),
(1040, 78, 'Student', 33, 5, 4, 'NA', '2023-11-22 11:27:22', '2023-11-22 11:27:22'),
(1041, 78, 'Student', 33, 6, 4, 'NA', '2023-11-22 11:27:22', '2023-11-22 11:27:22'),
(1042, 78, 'Student', 32, 1, 4, 'NA', '2023-11-22 11:27:22', '2023-11-22 11:27:22'),
(1043, 78, 'Student', 32, 2, 3, 'NA', '2023-11-22 11:27:22', '2023-11-22 11:27:22'),
(1044, 78, 'Student', 32, 3, 4, 'NA', '2023-11-22 11:27:22', '2023-11-22 11:27:22'),
(1045, 78, 'Student', 32, 4, 3, 'NA', '2023-11-22 11:27:22', '2023-11-22 11:27:22'),
(1046, 78, 'Student', 32, 5, 3, 'NA', '2023-11-22 11:27:22', '2023-11-22 11:27:22'),
(1047, 78, 'Student', 32, 6, 4, 'NA', '2023-11-22 11:27:22', '2023-11-22 11:27:22'),
(1048, 78, 'Student', 31, 1, 4, 'hscs', '2023-11-22 11:27:22', '2023-11-22 11:27:22'),
(1049, 78, 'Student', 31, 2, 3, 'hscs', '2023-11-22 11:27:22', '2023-11-22 11:27:22'),
(1050, 78, 'Student', 31, 3, 4, 'hscs', '2023-11-22 11:27:22', '2023-11-22 11:27:22'),
(1051, 78, 'Student', 31, 4, 3, 'hscs', '2023-11-22 11:27:22', '2023-11-22 11:27:22'),
(1052, 78, 'Student', 31, 5, 3, 'hscs', '2023-11-22 11:27:22', '2023-11-22 11:27:22'),
(1053, 78, 'Student', 31, 6, 4, 'hscs', '2023-11-22 11:27:22', '2023-11-22 11:27:22'),
(1054, 2, 'Coordinator', 24, 7, 4, 'NA', '2023-11-22 11:27:22', '2023-11-22 11:27:22'),
(1055, 2, 'Coordinator', 24, 8, 3, 'NA', '2023-11-22 11:27:22', '2023-11-22 11:27:22'),
(1056, 2, 'Coordinator', 24, 9, 4, 'NA', '2023-11-22 11:27:22', '2023-11-22 11:27:22'),
(1057, 2, 'Coordinator', 24, 10, 3, 'NA', '2023-11-22 11:27:22', '2023-11-22 11:27:22'),
(1058, 2, 'Coordinator', 24, 11, 4, 'NA', '2023-11-22 11:27:22', '2023-11-22 11:27:22'),
(1059, 2, 'Coordinator', 24, 12, 4, 'NA', '2023-11-22 11:27:22', '2023-11-22 11:27:22'),
(1060, 2, 'Coordinator', 24, 13, 4, 'NA', '2023-11-22 11:27:22', '2023-11-22 11:27:22'),
(1061, 2, 'Coordinator', 24, 14, 4, 'NA', '2023-11-22 11:27:22', '2023-11-22 11:27:22'),
(1062, 2, 'Coordinator', 24, 15, 4, 'NA', '2023-11-22 11:27:22', '2023-11-22 11:27:22'),
(1063, 2, 'Coordinator', 25, 7, 3, 'sdl,dflkgndf', '2023-11-22 11:27:22', '2023-11-22 11:27:22'),
(1064, 2, 'Coordinator', 25, 8, 2, 'sdl,dflkgndf', '2023-11-22 11:27:22', '2023-11-22 11:27:22'),
(1065, 2, 'Coordinator', 25, 9, 3, 'sdl,dflkgndf', '2023-11-22 11:27:22', '2023-11-22 11:27:22'),
(1066, 2, 'Coordinator', 25, 10, 2, 'sdl,dflkgndf', '2023-11-22 11:27:22', '2023-11-22 11:27:22'),
(1067, 2, 'Coordinator', 25, 11, 4, 'sdl,dflkgndf', '2023-11-22 11:27:22', '2023-11-22 11:27:22'),
(1068, 2, 'Coordinator', 25, 12, 2, 'sdl,dflkgndf', '2023-11-22 11:27:22', '2023-11-22 11:27:22'),
(1069, 2, 'Coordinator', 25, 13, 4, 'sdl,dflkgndf', '2023-11-22 11:27:22', '2023-11-22 11:27:22'),
(1070, 2, 'Coordinator', 25, 14, 3, 'sdl,dflkgndf', '2023-11-22 11:27:22', '2023-11-22 11:27:22'),
(1071, 2, 'Coordinator', 25, 15, 4, 'sdl,dflkgndf', '2023-11-22 11:27:22', '2023-11-22 11:27:22'),
(1072, 2, 'Coordinator', 26, 7, 4, 'wahdkja', '2023-11-22 11:27:22', '2023-11-22 11:27:22'),
(1073, 2, 'Coordinator', 26, 8, 3, 'wahdkja', '2023-11-22 11:27:22', '2023-11-22 11:27:22'),
(1074, 2, 'Coordinator', 26, 9, 4, 'wahdkja', '2023-11-22 11:27:22', '2023-11-22 11:27:22'),
(1075, 2, 'Coordinator', 26, 10, 3, 'wahdkja', '2023-11-22 11:27:22', '2023-11-22 11:27:22'),
(1076, 2, 'Coordinator', 26, 11, 4, 'wahdkja', '2023-11-22 11:27:22', '2023-11-22 11:27:22'),
(1077, 2, 'Coordinator', 26, 12, 3, 'wahdkja', '2023-11-22 11:27:22', '2023-11-22 11:27:22'),
(1078, 2, 'Coordinator', 26, 13, 4, 'wahdkja', '2023-11-22 11:27:22', '2023-11-22 11:27:22'),
(1079, 2, 'Coordinator', 26, 14, 3, 'wahdkja', '2023-11-22 11:27:22', '2023-11-22 11:27:22'),
(1080, 2, 'Coordinator', 26, 15, 3, 'wahdkja', '2023-11-22 11:27:22', '2023-11-22 11:27:22'),
(1081, 2, 'Coordinator', 27, 7, 4, 'NA', '2023-11-22 11:27:22', '2023-11-22 11:27:22'),
(1082, 2, 'Coordinator', 27, 8, 3, 'NA', '2023-11-22 11:27:22', '2023-11-22 11:27:22'),
(1083, 2, 'Coordinator', 27, 9, 4, 'NA', '2023-11-22 11:27:22', '2023-11-22 11:27:22'),
(1084, 2, 'Coordinator', 27, 10, 3, 'NA', '2023-11-22 11:27:22', '2023-11-22 11:27:22'),
(1085, 2, 'Coordinator', 27, 11, 4, 'NA', '2023-11-22 11:27:22', '2023-11-22 11:27:22'),
(1086, 2, 'Coordinator', 27, 12, 3, 'NA', '2023-11-22 11:27:22', '2023-11-22 11:27:22'),
(1087, 2, 'Coordinator', 27, 13, 4, 'NA', '2023-11-22 11:27:22', '2023-11-22 11:27:22'),
(1088, 2, 'Coordinator', 27, 14, 4, 'NA', '2023-11-22 11:27:22', '2023-11-22 11:27:22'),
(1089, 2, 'Coordinator', 27, 15, 4, 'NA', '2023-11-22 11:27:22', '2023-11-22 11:27:22'),
(1090, 2, 'Coordinator', 28, 7, 4, 'NA', '2023-11-22 11:27:22', '2023-11-22 11:27:22'),
(1091, 2, 'Coordinator', 28, 8, 3, 'NA', '2023-11-22 11:27:22', '2023-11-22 11:27:22'),
(1092, 2, 'Coordinator', 28, 9, 4, 'NA', '2023-11-22 11:27:22', '2023-11-22 11:27:22'),
(1093, 2, 'Coordinator', 28, 10, 4, 'NA', '2023-11-22 11:27:22', '2023-11-22 11:27:22'),
(1094, 2, 'Coordinator', 28, 11, 3, 'NA', '2023-11-22 11:27:22', '2023-11-22 11:27:22'),
(1095, 2, 'Coordinator', 28, 12, 2, 'NA', '2023-11-22 11:27:22', '2023-11-22 11:27:22'),
(1096, 2, 'Coordinator', 28, 13, 1, 'NA', '2023-11-22 11:27:22', '2023-11-22 11:27:22'),
(1097, 2, 'Coordinator', 28, 14, 2, 'NA', '2023-11-22 11:27:22', '2023-11-22 11:27:22'),
(1098, 2, 'Coordinator', 28, 15, 3, 'NA', '2023-11-22 11:27:22', '2023-11-22 11:27:22'),
(1099, 2, 'Coordinator', 29, 7, 4, 'Try ❤❤', '2023-11-22 11:27:22', '2023-11-22 11:27:22'),
(1100, 2, 'Coordinator', 29, 8, 4, 'Try ❤❤', '2023-11-22 11:27:22', '2023-11-22 11:27:22'),
(1101, 2, 'Coordinator', 29, 9, 3, 'Try ❤❤', '2023-11-22 11:27:22', '2023-11-22 11:27:22'),
(1102, 2, 'Coordinator', 29, 10, 4, 'Try ❤❤', '2023-11-22 11:27:22', '2023-11-22 11:27:22'),
(1103, 2, 'Coordinator', 29, 11, 4, 'Try ❤❤', '2023-11-22 11:27:22', '2023-11-22 11:27:22'),
(1104, 2, 'Coordinator', 29, 12, 4, 'Try ❤❤', '2023-11-22 11:27:22', '2023-11-22 11:27:22'),
(1105, 2, 'Coordinator', 29, 13, 4, 'Try ❤❤', '2023-11-22 11:27:22', '2023-11-22 11:27:22'),
(1106, 2, 'Coordinator', 29, 14, 3, 'Try ❤❤', '2023-11-22 11:27:22', '2023-11-22 11:27:22'),
(1107, 2, 'Coordinator', 29, 15, 4, 'Try ❤❤', '2023-11-22 11:27:22', '2023-11-22 11:27:22'),
(1108, 2, 'Coordinator', 30, 7, 4, 'Nugsad', '2023-11-22 11:27:22', '2023-11-22 11:27:22'),
(1109, 2, 'Coordinator', 30, 8, 3, 'Nugsad', '2023-11-22 11:27:22', '2023-11-22 11:27:22'),
(1110, 2, 'Coordinator', 30, 9, 4, 'Nugsad', '2023-11-22 11:27:22', '2023-11-22 11:27:22'),
(1111, 2, 'Coordinator', 30, 10, 3, 'Nugsad', '2023-11-22 11:27:22', '2023-11-22 11:27:22'),
(1112, 2, 'Coordinator', 30, 11, 4, 'Nugsad', '2023-11-22 11:27:22', '2023-11-22 11:27:22'),
(1113, 2, 'Coordinator', 30, 12, 2, 'Nugsad', '2023-11-22 11:27:22', '2023-11-22 11:27:22'),
(1114, 2, 'Coordinator', 30, 13, 3, 'Nugsad', '2023-11-22 11:27:22', '2023-11-22 11:27:22'),
(1115, 2, 'Coordinator', 30, 14, 4, 'Nugsad', '2023-11-22 11:27:22', '2023-11-22 11:27:22'),
(1116, 2, 'Coordinator', 30, 15, 3, 'Nugsad', '2023-11-22 11:27:22', '2023-11-22 11:27:22'),
(1117, 2, 'Coordinator', 31, 7, 4, 'NA', '2023-11-22 11:27:22', '2023-11-22 11:27:22'),
(1118, 2, 'Coordinator', 31, 8, 3, 'NA', '2023-11-22 11:27:22', '2023-11-22 11:27:22'),
(1119, 2, 'Coordinator', 31, 9, 4, 'NA', '2023-11-22 11:27:22', '2023-11-22 11:27:22'),
(1120, 2, 'Coordinator', 31, 10, 3, 'NA', '2023-11-22 11:27:22', '2023-11-22 11:27:22'),
(1121, 2, 'Coordinator', 31, 11, 3, 'NA', '2023-11-22 11:27:22', '2023-11-22 11:27:22'),
(1122, 2, 'Coordinator', 31, 12, 4, 'NA', '2023-11-22 11:27:22', '2023-11-22 11:27:22'),
(1123, 2, 'Coordinator', 31, 13, 3, 'NA', '2023-11-22 11:27:22', '2023-11-22 11:27:22'),
(1124, 2, 'Coordinator', 31, 14, 2, 'NA', '2023-11-22 11:27:22', '2023-11-22 11:27:22'),
(1125, 2, 'Coordinator', 31, 15, 1, 'NA', '2023-11-22 11:27:22', '2023-11-22 11:27:22'),
(1126, 2, 'Coordinator', 32, 7, 4, 'Try', '2023-11-22 11:27:22', '2023-11-22 11:27:22'),
(1127, 2, 'Coordinator', 32, 8, 3, 'Try', '2023-11-22 11:27:22', '2023-11-22 11:27:22'),
(1128, 2, 'Coordinator', 32, 9, 4, 'Try', '2023-11-22 11:27:22', '2023-11-22 11:27:22'),
(1129, 2, 'Coordinator', 32, 10, 3, 'Try', '2023-11-22 11:27:22', '2023-11-22 11:27:22'),
(1130, 2, 'Coordinator', 32, 11, 2, 'Try', '2023-11-22 11:27:22', '2023-11-22 11:27:22'),
(1131, 2, 'Coordinator', 32, 12, 1, 'Try', '2023-11-22 11:27:22', '2023-11-22 11:27:22'),
(1132, 2, 'Coordinator', 32, 13, 0, 'Try', '2023-11-22 11:27:22', '2023-11-22 11:27:22'),
(1133, 2, 'Coordinator', 32, 14, 1, 'Try', '2023-11-22 11:27:22', '2023-11-22 11:27:22'),
(1134, 2, 'Coordinator', 32, 15, 2, 'Try', '2023-11-22 11:27:22', '2023-11-22 11:27:22'),
(1135, 2, 'Coordinator', 33, 7, 4, 'jcsd', '2023-11-22 11:27:22', '2023-11-22 11:27:22'),
(1136, 2, 'Coordinator', 33, 8, 3, 'jcsd', '2023-11-22 11:27:22', '2023-11-22 11:27:22'),
(1137, 2, 'Coordinator', 33, 9, 4, 'jcsd', '2023-11-22 11:27:22', '2023-11-22 11:27:22'),
(1138, 2, 'Coordinator', 33, 10, 4, 'jcsd', '2023-11-22 11:27:22', '2023-11-22 11:27:22'),
(1139, 2, 'Coordinator', 33, 11, 3, 'jcsd', '2023-11-22 11:27:22', '2023-11-22 11:27:22'),
(1140, 2, 'Coordinator', 33, 12, 4, 'jcsd', '2023-11-22 11:27:22', '2023-11-22 11:27:22'),
(1141, 2, 'Coordinator', 33, 13, 3, 'jcsd', '2023-11-22 11:27:22', '2023-11-22 11:27:22'),
(1142, 2, 'Coordinator', 33, 14, 2, 'jcsd', '2023-11-22 11:27:22', '2023-11-22 11:27:22'),
(1143, 2, 'Coordinator', 33, 15, 2, 'jcsd', '2023-11-22 11:27:22', '2023-11-22 11:27:22'),
(1144, 13, 'Student', 29, 1, 4, 'NA', '2023-11-22 11:27:22', '2023-11-22 11:27:22'),
(1145, 13, 'Student', 29, 2, 3, 'NA', '2023-11-22 11:27:22', '2023-11-22 11:27:22'),
(1146, 13, 'Student', 29, 3, 3, 'NA', '2023-11-22 11:27:22', '2023-11-22 11:27:22'),
(1147, 13, 'Student', 29, 4, 2, 'NA', '2023-11-22 11:27:22', '2023-11-22 11:27:22'),
(1148, 13, 'Student', 29, 5, 2, 'NA', '2023-11-22 11:27:22', '2023-11-22 11:27:22'),
(1149, 13, 'Student', 29, 6, 3, 'NA', '2023-11-22 11:27:22', '2023-11-22 11:27:22'),
(1150, 13, 'Student', 27, 1, 4, 'NA', '2023-11-22 11:27:22', '2023-11-22 11:27:22'),
(1151, 13, 'Student', 27, 2, 3, 'NA', '2023-11-22 11:27:22', '2023-11-22 11:27:22'),
(1152, 13, 'Student', 27, 3, 2, 'NA', '2023-11-22 11:27:22', '2023-11-22 11:27:22'),
(1153, 13, 'Student', 27, 4, 1, 'NA', '2023-11-22 11:27:22', '2023-11-22 11:27:22'),
(1154, 13, 'Student', 27, 5, 3, 'NA', '2023-11-22 11:27:22', '2023-11-22 11:27:22'),
(1155, 13, 'Student', 27, 6, 4, 'NA', '2023-11-22 11:27:22', '2023-11-22 11:27:22'),
(1156, 13, 'Student', 25, 1, 1, 'NA', '2023-11-22 11:27:22', '2023-11-22 11:27:22'),
(1157, 13, 'Student', 25, 2, 2, 'NA', '2023-11-22 11:27:22', '2023-11-22 11:27:22'),
(1158, 13, 'Student', 25, 3, 3, 'NA', '2023-11-22 11:27:22', '2023-11-22 11:27:22'),
(1159, 13, 'Student', 25, 4, 3, 'NA', '2023-11-22 11:27:22', '2023-11-22 11:27:22'),
(1160, 13, 'Student', 25, 5, 2, 'NA', '2023-11-22 11:27:22', '2023-11-22 11:27:22'),
(1161, 13, 'Student', 25, 6, 1, 'NA', '2023-11-22 11:27:22', '2023-11-22 11:27:22'),
(1162, 13, 'Student', 26, 1, 4, 'NA', '2023-11-22 11:27:22', '2023-11-22 11:27:22'),
(1163, 13, 'Student', 26, 2, 3, 'NA', '2023-11-22 11:27:22', '2023-11-22 11:27:22'),
(1164, 13, 'Student', 26, 3, 2, 'NA', '2023-11-22 11:27:22', '2023-11-22 11:27:22'),
(1165, 13, 'Student', 26, 4, 3, 'NA', '2023-11-22 11:27:22', '2023-11-22 11:27:22'),
(1166, 13, 'Student', 26, 5, 3, 'NA', '2023-11-22 11:27:22', '2023-11-22 11:27:22'),
(1167, 13, 'Student', 26, 6, 4, 'NA', '2023-11-22 11:27:22', '2023-11-22 11:27:22'),
(1168, 13, 'Student', 28, 1, 4, 'NA', '2023-11-22 11:27:22', '2023-11-22 11:27:22'),
(1169, 13, 'Student', 28, 2, 3, 'NA', '2023-11-22 11:27:22', '2023-11-22 11:27:22'),
(1170, 13, 'Student', 28, 3, 4, 'NA', '2023-11-22 11:27:22', '2023-11-22 11:27:22'),
(1171, 13, 'Student', 28, 4, 4, 'NA', '2023-11-22 11:27:22', '2023-11-22 11:27:22'),
(1172, 13, 'Student', 28, 5, 3, 'NA', '2023-11-22 11:27:22', '2023-11-22 11:27:22'),
(1173, 13, 'Student', 28, 6, 4, 'NA', '2023-11-22 11:27:22', '2023-11-22 11:27:22'),
(1174, 13, 'Student', 30, 1, 4, 'NA', '2023-11-22 11:27:22', '2023-11-22 11:27:22'),
(1175, 13, 'Student', 30, 1, 4, 'NA', '2023-11-22 11:27:22', '2023-11-22 11:27:22'),
(1176, 13, 'Student', 30, 2, 3, 'NA', '2023-11-22 11:27:22', '2023-11-22 11:27:22'),
(1177, 13, 'Student', 30, 2, 3, 'NA', '2023-11-22 11:27:22', '2023-11-22 11:27:22'),
(1178, 13, 'Student', 30, 3, 3, 'NA', '2023-11-22 11:27:22', '2023-11-22 11:27:22'),
(1179, 13, 'Student', 30, 3, 3, 'NA', '2023-11-22 11:27:22', '2023-11-22 11:27:22'),
(1180, 13, 'Student', 30, 4, 3, 'NA', '2023-11-22 11:27:22', '2023-11-22 11:27:22'),
(1181, 13, 'Student', 30, 4, 3, 'NA', '2023-11-22 11:27:22', '2023-11-22 11:27:22'),
(1182, 13, 'Student', 30, 5, 4, 'NA', '2023-11-22 11:27:22', '2023-11-22 11:27:22'),
(1183, 13, 'Student', 30, 5, 4, 'NA', '2023-11-22 11:27:22', '2023-11-22 11:27:22'),
(1184, 13, 'Student', 30, 6, 4, 'NA', '2023-11-22 11:27:22', '2023-11-22 11:27:22'),
(1185, 13, 'Student', 30, 6, 4, 'NA', '2023-11-22 11:27:22', '2023-11-22 11:27:22'),
(1186, 13, 'Student', 32, 1, 4, 'NA', '2023-11-22 11:27:22', '2023-11-22 11:27:22'),
(1187, 13, 'Student', 32, 2, 3, 'NA', '2023-11-22 11:27:22', '2023-11-22 11:27:22'),
(1188, 13, 'Student', 32, 3, 4, 'NA', '2023-11-22 11:27:22', '2023-11-22 11:27:22'),
(1189, 13, 'Student', 32, 4, 3, 'NA', '2023-11-22 11:27:22', '2023-11-22 11:27:22'),
(1190, 13, 'Student', 32, 5, 3, 'NA', '2023-11-22 11:27:22', '2023-11-22 11:27:22'),
(1191, 13, 'Student', 32, 6, 4, 'NA', '2023-11-22 11:27:22', '2023-11-22 11:27:22'),
(1192, 13, 'Student', 31, 1, 4, 'NA', '2023-11-22 11:27:22', '2023-11-22 11:27:22'),
(1193, 13, 'Student', 31, 2, 3, 'NA', '2023-11-22 11:27:22', '2023-11-22 11:27:22'),
(1194, 13, 'Student', 31, 3, 4, 'NA', '2023-11-22 11:27:22', '2023-11-22 11:27:22'),
(1195, 13, 'Student', 31, 4, 3, 'NA', '2023-11-22 11:27:22', '2023-11-22 11:27:22'),
(1196, 13, 'Student', 31, 5, 4, 'NA', '2023-11-22 11:27:22', '2023-11-22 11:27:22'),
(1197, 13, 'Student', 31, 6, 3, 'NA', '2023-11-22 11:27:22', '2023-11-22 11:27:22'),
(1198, 14, 'Student', 29, 1, 1, 'NA', '2023-11-22 11:27:22', '2023-11-22 11:27:22'),
(1199, 14, 'Student', 29, 2, 2, 'NA', '2023-11-22 11:27:22', '2023-11-22 11:27:22'),
(1200, 14, 'Student', 29, 3, 1, 'NA', '2023-11-22 11:27:22', '2023-11-22 11:27:22'),
(1201, 14, 'Student', 29, 4, 1, 'NA', '2023-11-22 11:27:22', '2023-11-22 11:27:22'),
(1202, 14, 'Student', 29, 5, 2, 'NA', '2023-11-22 11:27:22', '2023-11-22 11:27:22'),
(1203, 14, 'Student', 29, 6, 2, 'NA', '2023-11-22 11:27:22', '2023-11-22 11:27:22'),
(1204, 14, 'Student', 27, 1, 2, 'NA', '2023-11-22 11:27:22', '2023-11-22 11:27:22'),
(1205, 14, 'Student', 27, 2, 2, 'NA', '2023-11-22 11:27:22', '2023-11-22 11:27:22'),
(1206, 14, 'Student', 27, 3, 3, 'NA', '2023-11-22 11:27:22', '2023-11-22 11:27:22'),
(1207, 14, 'Student', 27, 4, 2, 'NA', '2023-11-22 11:27:22', '2023-11-22 11:27:22'),
(1208, 14, 'Student', 27, 5, 2, 'NA', '2023-11-22 11:27:22', '2023-11-22 11:27:22'),
(1209, 14, 'Student', 27, 6, 2, 'NA', '2023-11-22 11:27:22', '2023-11-22 11:27:22'),
(1210, 14, 'Student', 25, 1, 2, 'NA', '2023-11-22 11:27:22', '2023-11-22 11:27:22'),
(1211, 14, 'Student', 25, 1, 2, 'NA', '2023-11-22 11:27:22', '2023-11-22 11:27:22'),
(1212, 14, 'Student', 25, 2, 3, 'NA', '2023-11-22 11:27:22', '2023-11-22 11:27:22'),
(1213, 14, 'Student', 25, 3, 2, 'NA', '2023-11-22 11:27:22', '2023-11-22 11:27:22'),
(1214, 14, 'Student', 25, 4, 1, 'NA', '2023-11-22 11:27:22', '2023-11-22 11:27:22'),
(1215, 14, 'Student', 25, 5, 1, 'NA', '2023-11-22 11:27:22', '2023-11-22 11:27:22'),
(1216, 14, 'Student', 25, 5, 1, 'NA', '2023-11-22 11:27:22', '2023-11-22 11:27:22'),
(1217, 14, 'Student', 25, 6, 2, 'NA', '2023-11-22 11:27:22', '2023-11-22 11:27:22'),
(1218, 14, 'Student', 25, 6, 2, 'NA', '2023-11-22 11:27:22', '2023-11-22 11:27:22'),
(1219, 14, 'Student', 26, 1, 3, 'NA', '2023-11-22 11:27:22', '2023-11-22 11:27:22'),
(1220, 14, 'Student', 26, 2, 2, 'NA', '2023-11-22 11:27:22', '2023-11-22 11:27:22'),
(1221, 14, 'Student', 26, 3, 1, 'NA', '2023-11-22 11:27:22', '2023-11-22 11:27:22'),
(1222, 14, 'Student', 26, 4, 2, 'NA', '2023-11-22 11:27:22', '2023-11-22 11:27:22'),
(1223, 14, 'Student', 26, 5, 3, 'NA', '2023-11-22 11:27:22', '2023-11-22 11:27:22'),
(1224, 14, 'Student', 26, 6, 2, 'NA', '2023-11-22 11:27:22', '2023-11-22 11:27:22'),
(1225, 14, 'Student', 28, 1, 4, 'NA', '2023-11-22 11:27:22', '2023-11-22 11:27:22'),
(1226, 14, 'Student', 28, 2, 3, 'NA', '2023-11-22 11:27:22', '2023-11-22 11:27:22'),
(1227, 14, 'Student', 28, 3, 3, 'NA', '2023-11-22 11:27:22', '2023-11-22 11:27:22'),
(1228, 14, 'Student', 28, 4, 2, 'NA', '2023-11-22 11:27:22', '2023-11-22 11:27:22'),
(1229, 14, 'Student', 28, 5, 2, 'NA', '2023-11-22 11:27:22', '2023-11-22 11:27:22'),
(1230, 14, 'Student', 28, 6, 3, 'NA', '2023-11-22 11:27:22', '2023-11-22 11:27:22'),
(1231, 14, 'Student', 30, 1, 4, 'NA', '2023-11-22 11:27:22', '2023-11-22 11:27:22'),
(1232, 14, 'Student', 30, 2, 3, 'NA', '2023-11-22 11:27:22', '2023-11-22 11:27:22'),
(1233, 14, 'Student', 30, 3, 2, 'NA', '2023-11-22 11:27:22', '2023-11-22 11:27:22'),
(1234, 14, 'Student', 30, 4, 3, 'NA', '2023-11-22 11:27:22', '2023-11-22 11:27:22'),
(1235, 14, 'Student', 30, 5, 4, 'NA', '2023-11-22 11:27:22', '2023-11-22 11:27:22'),
(1236, 14, 'Student', 30, 6, 3, 'NA', '2023-11-22 11:27:22', '2023-11-22 11:27:22'),
(1237, 14, 'Student', 32, 1, 2, 'NA', '2023-11-22 11:27:22', '2023-11-22 11:27:22'),
(1238, 14, 'Student', 32, 2, 2, 'NA', '2023-11-22 11:27:22', '2023-11-22 11:27:22'),
(1239, 14, 'Student', 32, 3, 1, 'NA', '2023-11-22 11:27:22', '2023-11-22 11:27:22'),
(1240, 14, 'Student', 32, 4, 2, 'NA', '2023-11-22 11:27:22', '2023-11-22 11:27:22'),
(1241, 14, 'Student', 32, 5, 3, 'NA', '2023-11-22 11:27:22', '2023-11-22 11:27:22'),
(1242, 14, 'Student', 32, 6, 3, 'NA', '2023-11-22 11:27:22', '2023-11-22 11:27:22'),
(1243, 14, 'Student', 31, 1, 3, 'NA', '2023-11-22 11:27:22', '2023-11-22 11:27:22'),
(1244, 14, 'Student', 31, 2, 3, 'NA', '2023-11-22 11:27:22', '2023-11-22 11:27:22'),
(1245, 14, 'Student', 31, 3, 4, 'NA', '2023-11-22 11:27:22', '2023-11-22 11:27:22'),
(1246, 14, 'Student', 31, 4, 3, 'NA', '2023-11-22 11:27:22', '2023-11-22 11:27:22'),
(1247, 14, 'Student', 31, 5, 4, 'NA', '2023-11-22 11:27:22', '2023-11-22 11:27:22'),
(1248, 14, 'Student', 31, 6, 4, 'NA', '2023-11-22 11:27:22', '2023-11-22 11:27:22'),
(1249, 79, 'Student', 24, 1, 3, 'fsfsdf', '2023-11-22 11:27:22', '2023-11-22 11:27:22'),
(1250, 79, 'Student', 24, 2, 4, 'fsfsdf', '2023-11-22 11:27:22', '2023-11-22 11:27:22'),
(1251, 79, 'Student', 24, 3, 3, 'fsfsdf', '2023-11-22 11:27:22', '2023-11-22 11:27:22'),
(1252, 79, 'Student', 24, 4, 3, 'fsfsdf', '2023-11-22 11:27:22', '2023-11-22 11:27:22'),
(1253, 79, 'Student', 24, 5, 3, 'fsfsdf', '2023-11-22 11:27:22', '2023-11-22 11:27:22'),
(1254, 79, 'Student', 24, 6, 4, 'fsfsdf', '2023-11-22 11:27:22', '2023-11-22 11:27:22'),
(1255, 79, 'Student', 28, 1, 3, 'dsfsdjf', '2023-11-22 11:27:22', '2023-11-22 11:27:22'),
(1256, 79, 'Student', 28, 2, 4, 'dsfsdjf', '2023-11-22 11:27:22', '2023-11-22 11:27:22'),
(1257, 79, 'Student', 28, 3, 2, 'dsfsdjf', '2023-11-22 11:27:22', '2023-11-22 11:27:22'),
(1258, 79, 'Student', 28, 4, 3, 'dsfsdjf', '2023-11-22 11:27:22', '2023-11-22 11:27:22'),
(1259, 79, 'Student', 28, 5, 4, 'dsfsdjf', '2023-11-22 11:27:22', '2023-11-22 11:27:22'),
(1260, 79, 'Student', 28, 6, 2, 'dsfsdjf', '2023-11-22 11:27:22', '2023-11-22 11:27:22'),
(1261, 82, 'Student', 28, 1, 4, 'gwapo si jan', '2023-11-22 11:54:24', '2023-11-22 11:54:24'),
(1262, 82, 'Student', 28, 2, 2, 'gwapo si jan', '2023-11-22 11:54:24', '2023-11-22 11:54:24'),
(1263, 82, 'Student', 28, 3, 3, 'gwapo si jan', '2023-11-22 11:54:24', '2023-11-22 11:54:24'),
(1264, 82, 'Student', 28, 4, 3, 'gwapo si jan', '2023-11-22 11:54:24', '2023-11-22 11:54:24'),
(1265, 82, 'Student', 28, 5, 4, 'gwapo si jan', '2023-11-22 11:54:24', '2023-11-22 11:54:24'),
(1266, 82, 'Student', 28, 6, 3, 'gwapo si jan', '2023-11-22 11:54:24', '2023-11-22 11:54:24'),
(1267, 8, 'Coordinator', 24, 7, 4, 'Hfahakfksdfskjbgfdjbgdgf', '2023-12-06 16:46:06', '2023-12-06 16:46:06'),
(1268, 8, 'Coordinator', 24, 8, 3, 'Hfahakfksdfskjbgfdjbgdgf', '2023-12-06 16:46:06', '2023-12-06 16:46:06'),
(1269, 8, 'Coordinator', 24, 9, 4, 'Hfahakfksdfskjbgfdjbgdgf', '2023-12-06 16:46:06', '2023-12-06 16:46:06'),
(1270, 8, 'Coordinator', 24, 10, 4, 'Hfahakfksdfskjbgfdjbgdgf', '2023-12-06 16:46:06', '2023-12-06 16:46:06'),
(1271, 8, 'Coordinator', 24, 11, 3, 'Hfahakfksdfskjbgfdjbgdgf', '2023-12-06 16:46:06', '2023-12-06 16:46:06'),
(1272, 8, 'Coordinator', 24, 12, 4, 'Hfahakfksdfskjbgfdjbgdgf', '2023-12-06 16:46:06', '2023-12-06 16:46:06'),
(1273, 8, 'Coordinator', 24, 13, 3, 'Hfahakfksdfskjbgfdjbgdgf', '2023-12-06 16:46:06', '2023-12-06 16:46:06'),
(1274, 8, 'Coordinator', 24, 14, 4, 'Hfahakfksdfskjbgfdjbgdgf', '2023-12-06 16:46:06', '2023-12-06 16:46:06'),
(1275, 8, 'Coordinator', 24, 15, 3, 'Hfahakfksdfskjbgfdjbgdgf', '2023-12-06 16:46:06', '2023-12-06 16:46:06');

-- --------------------------------------------------------

--
-- Table structure for table `tbl_event_logs`
--

CREATE TABLE `tbl_event_logs` (
  `id` bigint(20) UNSIGNED NOT NULL,
  `event_name` varchar(255) COLLATE utf8mb4_unicode_ci NOT NULL,
  `created_at` timestamp NULL DEFAULT NULL,
  `updated_at` timestamp NULL DEFAULT NULL
) ENGINE=InnoDB DEFAULT CHARSET=utf8mb4 COLLATE=utf8mb4_unicode_ci;

--
-- Dumping data for table `tbl_event_logs`
--

INSERT INTO `tbl_event_logs` (`id`, `event_name`, `created_at`, `updated_at`) VALUES
(351, 'Admin Login', '2023-11-21 14:58:23', '2023-11-21 14:58:23'),
(352, 'Admin Logout', '2023-11-21 15:14:46', '2023-11-21 15:14:46'),
(353, 'Admin Logout', '2023-11-21 15:14:46', '2023-11-21 15:14:46'),
(354, 'Admin Login', '2023-11-21 15:18:53', '2023-11-21 15:18:53'),
(355, 'Admin Login', '2023-11-21 17:45:24', '2023-11-21 17:45:24'),
(356, 'Admin Logout', '2023-11-21 18:35:41', '2023-11-21 18:35:41'),
(357, 'Admin Logout', '2023-11-21 19:13:06', '2023-11-21 19:13:06'),
(358, 'Admin Login', '2023-11-21 21:08:06', '2023-11-21 21:08:06'),
(359, 'Admin Logout', '2023-11-21 21:33:15', '2023-11-21 21:33:15'),
(360, 'Admin Login', '2023-11-21 22:25:22', '2023-11-21 22:25:22'),
(361, 'Admin Login', '2023-11-21 23:56:52', '2023-11-21 23:56:52'),
(362, 'Deployed Evaluation(Schedule Set To Expire At 2023-11-22 00:20)', '2023-11-22 00:15:52', '2023-11-22 00:15:52'),
(363, 'Evaluation Closed(Time Expiration)', '2023-11-22 00:20:02', '2023-11-22 00:20:02'),
(364, 'Admin Login', '2023-11-22 09:32:18', '2023-11-22 09:32:18'),
(365, 'Admin Logout', '2023-11-22 09:35:55', '2023-11-22 09:35:55'),
(366, 'Admin Login', '2023-11-22 09:41:14', '2023-11-22 09:41:14'),
(367, 'Admin Logout', '2023-11-22 09:41:54', '2023-11-22 09:41:54'),
(368, 'Admin Login', '2023-11-22 10:11:41', '2023-11-22 10:11:41'),
(369, 'Admin Logout', '2023-11-22 10:13:58', '2023-11-22 10:13:58'),
(370, 'Admin Login', '2023-11-22 10:46:12', '2023-11-22 10:46:12'),
(371, 'Admin Logout', '2023-11-22 10:46:59', '2023-11-22 10:46:59'),
(372, 'Admin Logout', '2023-11-22 10:47:29', '2023-11-22 10:47:29'),
(373, 'Admin Login', '2023-11-22 11:05:34', '2023-11-22 11:05:34'),
(374, 'Deployed Evaluation(Schedule Set To Expire At 2023-11-22 11:16)', '2023-11-22 11:06:36', '2023-11-22 11:06:36'),
(375, 'Added Evaluation Question', '2023-11-22 11:07:43', '2023-11-22 11:07:43'),
(376, 'Set Teacher Parameters', '2023-11-22 11:08:39', '2023-11-22 11:08:39'),
(377, 'Evaluation Closed(Time Expiration)', '2023-11-22 11:16:02', '2023-11-22 11:16:02'),
(378, 'Added Evaluation Question', '2023-11-22 11:23:26', '2023-11-22 11:23:26'),
(379, 'Evaluation Question deleted', '2023-11-22 11:23:35', '2023-11-22 11:23:35'),
(380, 'Evaluation Question deleted', '2023-11-22 11:23:42', '2023-11-22 11:23:42'),
(381, 'Saved Evaluation Data', '2023-11-22 11:24:46', '2023-11-22 11:24:46'),
(382, 'Load data(22-November-2023-1st-Semester)', '2023-11-22 11:27:22', '2023-11-22 11:27:22'),
(383, 'Set Schedule', '2023-11-22 11:29:13', '2023-11-22 11:29:13'),
(384, 'Admin Logout', '2023-11-22 11:36:11', '2023-11-22 11:36:11'),
(385, 'Admin Logout', '2023-11-22 11:42:57', '2023-11-22 11:42:57'),
(386, 'Admin Login', '2023-11-22 11:43:05', '2023-11-22 11:43:05'),
(387, 'Deployed Evaluation(Schedule Set To Expire At 2023-11-22 00:41)', '2023-11-22 11:44:42', '2023-11-22 11:44:42'),
(388, 'Evaluation Closed(Time Expiration)', '2023-11-22 11:44:42', '2023-11-22 11:44:42'),
(389, 'Deployed Evaluation(Schedule Set To Expire At 2023-11-22 12:44)', '2023-11-22 11:45:01', '2023-11-22 11:45:01'),
(390, 'Admin Logout', '2023-11-22 11:45:23', '2023-11-22 11:45:23'),
(391, 'Admin Logout', '2023-11-22 11:47:41', '2023-11-22 11:47:41'),
(392, 'Admin Login', '2023-11-22 11:47:50', '2023-11-22 11:47:50'),
(393, 'Admin Logout', '2023-11-22 11:51:34', '2023-11-22 11:51:34'),
(394, 'Admin Logout', '2023-11-22 11:59:47', '2023-11-22 11:59:47'),
(395, 'Admin Logout', '2023-11-22 12:04:31', '2023-11-22 12:04:31'),
(396, 'Admin Login', '2023-11-22 12:04:38', '2023-11-22 12:04:38'),
(397, 'Evaluation Closed(Time Expiration)', '2023-11-22 12:44:02', '2023-11-22 12:44:02'),
(398, 'Admin Login', '2023-11-26 22:05:15', '2023-11-26 22:05:15'),
(399, 'Admin Logout', '2023-11-26 22:05:25', '2023-11-26 22:05:25'),
(400, 'Admin Login', '2023-11-27 23:12:28', '2023-11-27 23:12:28'),
(401, 'Admin Login', '2023-11-28 15:31:24', '2023-11-28 15:31:24'),
(402, 'Admin Login', '2023-11-30 14:53:39', '2023-11-30 14:53:39'),
(403, 'Admin Logout', '2023-12-06 11:46:59', '2023-12-06 11:46:59'),
(404, 'Admin Login', '2023-12-06 11:47:11', '2023-12-06 11:47:11'),
(405, 'Admin Login', '2023-12-06 11:54:55', '2023-12-06 11:54:55'),
(406, 'Admin Logout', '2023-12-06 12:47:51', '2023-12-06 12:47:51'),
(407, 'Admin Login', '2023-12-06 12:47:59', '2023-12-06 12:47:59'),
(408, 'Admin Logout', '2023-12-06 14:55:12', '2023-12-06 14:55:12'),
(409, 'Admin Login', '2023-12-06 14:55:21', '2023-12-06 14:55:21'),
(410, 'Admin Logout', '2023-12-06 15:15:47', '2023-12-06 15:15:47'),
(411, 'Admin Logout', '2023-12-06 15:25:58', '2023-12-06 15:25:58'),
(412, 'Admin Login', '2023-12-06 15:26:06', '2023-12-06 15:26:06'),
(413, 'Admin Logout', '2023-12-06 16:08:37', '2023-12-06 16:08:37'),
(414, 'Admin Logout', '2023-12-06 16:08:57', '2023-12-06 16:08:57'),
(415, 'Admin Login', '2023-12-06 16:09:07', '2023-12-06 16:09:07'),
(416, 'Deployed Evaluation(Schedule Set To Expire At 2023-12-7 05:14)', '2023-12-06 16:09:26', '2023-12-06 16:09:26'),
(417, 'Admin Logout', '2023-12-06 16:09:32', '2023-12-06 16:09:32'),
(418, 'Admin Logout', '2023-12-06 16:30:05', '2023-12-06 16:30:05'),
(419, 'Admin Login', '2023-12-06 16:30:14', '2023-12-06 16:30:14'),
(420, 'Admin Logout', '2023-12-06 16:31:14', '2023-12-06 16:31:14'),
(421, 'Admin Logout', '2023-12-06 16:31:35', '2023-12-06 16:31:35'),
(422, 'Admin Login', '2023-12-06 16:31:43', '2023-12-06 16:31:43'),
(423, 'Admin Logout', '2023-12-06 16:32:22', '2023-12-06 16:32:22'),
(424, 'Admin Logout', '2023-12-06 16:40:18', '2023-12-06 16:40:18'),
(425, 'Admin Login', '2023-12-06 16:42:11', '2023-12-06 16:42:11'),
(426, 'Admin Logout', '2023-12-06 16:42:49', '2023-12-06 16:42:49'),
(427, 'Admin Logout', '2023-12-06 16:43:04', '2023-12-06 16:43:04'),
(428, 'Admin Login', '2023-12-06 16:43:54', '2023-12-06 16:43:54'),
(429, 'Admin Logout', '2023-12-06 16:44:16', '2023-12-06 16:44:16'),
(430, 'Admin Logout', '2023-12-06 16:46:18', '2023-12-06 16:46:18'),
(431, 'Admin Login', '2023-12-06 16:51:19', '2023-12-06 16:51:19'),
(432, 'Admin Logout', '2023-12-06 16:51:32', '2023-12-06 16:51:32'),
(433, 'Admin Login', '2023-12-09 11:27:55', '2023-12-09 11:27:55'),
(434, 'Admin Login', '2023-12-09 11:30:43', '2023-12-09 11:30:43'),
(435, 'Evaluation Closed(Time Expiration)', '2023-12-09 15:19:01', '2023-12-09 15:19:01'),
(436, 'Admin Login', '2023-12-10 12:19:08', '2023-12-10 12:19:08'),
(437, 'Deployed Evaluation(Schedule Set To Expire At 2023-12-10 20:23)', '2023-12-10 12:19:32', '2023-12-10 12:19:32'),
(438, 'Evaluation Closed(Time Expiration)', '2023-12-10 12:23:01', '2023-12-10 12:23:01'),
(439, ' Back up complete', '2023-12-10 14:18:31', '2023-12-10 14:18:31'),
(440, ' Back up complete', '2023-12-10 14:21:31', '2023-12-10 14:21:31'),
(441, ' Back up complete', '2023-12-10 14:21:51', '2023-12-10 14:21:51'),
(442, ' Back up complete', '2023-12-10 14:23:39', '2023-12-10 14:23:39'),
(443, 'Admin Login', '2023-12-11 05:44:47', '2023-12-11 05:44:47'),
(444, 'Admin Login', '2023-12-11 05:52:49', '2023-12-11 05:52:49'),
(445, 'Admin Login', '2023-12-11 06:58:23', '2023-12-11 06:58:23'),
(446, 'Admin Login', '2023-12-11 07:06:18', '2023-12-11 07:06:18'),
(447, 'Admin Login', '2023-12-11 11:08:40', '2023-12-11 11:08:40'),
(448, 'Admin Logout', '2023-12-11 15:14:44', '2023-12-11 15:14:44'),
(449, 'Admin Login', '2023-12-14 14:32:40', '2023-12-14 14:32:40'),
(450, 'Admin Login', '2024-01-11 06:21:07', '2024-01-11 06:21:07'),
(451, 'Admin Login', '2024-02-06 08:04:56', '2024-02-06 08:04:56');

-- --------------------------------------------------------

--
-- Table structure for table `tbl_feedback`
--

CREATE TABLE `tbl_feedback` (
  `id` bigint(20) UNSIGNED NOT NULL,
  `sender_mail` varchar(255) COLLATE utf8mb4_unicode_ci NOT NULL,
  `message` varchar(255) COLLATE utf8mb4_unicode_ci NOT NULL,
  `status` varchar(255) COLLATE utf8mb4_unicode_ci NOT NULL,
  `created_at` timestamp NULL DEFAULT NULL,
  `updated_at` timestamp NULL DEFAULT NULL
) ENGINE=InnoDB DEFAULT CHARSET=utf8mb4 COLLATE=utf8mb4_unicode_ci;

--
-- Dumping data for table `tbl_feedback`
--

INSERT INTO `tbl_feedback` (`id`, `sender_mail`, `message`, `status`, `created_at`, `updated_at`) VALUES
(1, 'rheyanjohnblancogwapo@gmail.com', 'Hi this is a feedback', 'stat', '2023-08-21 03:43:49', '2023-08-21 03:43:49'),
(2, 'maximiliano.maria@gmail.com', 'Earning $30,000 per Month in Email Marketing: Your Path to Abundance http://email-marketing-30265577.magnetorepairs.com/offer?77202', 'stat', '2023-10-30 02:29:03', '2023-10-30 02:29:03'),
(3, 'maximiliano.maria@gmail.com', 'Earning $30,000 per Month in Email Marketing: Your Path to Abundance http://email-marketing-30265577.magnetorepairs.com/offer?77202', 'stat', '2023-10-30 02:29:05', '2023-10-30 02:29:05'),
(4, 'maximiliano.maria@gmail.com', 'Earning $30,000 per Month in Email Marketing: Your Path to Abundance http://email-marketing-30265577.magnetorepairs.com/offer?77202', 'stat', '2023-10-30 02:29:07', '2023-10-30 02:29:07'),
(5, 'maximiliano.maria@gmail.com', 'Earning $30,000 per Month in Email Marketing: Your Path to Abundance http://email-marketing-30265577.magnetorepairs.com/offer?77202', 'stat', '2023-10-30 02:29:09', '2023-10-30 02:29:09'),
(6, 'maximiliano.maria@gmail.com', 'Earning $30,000 per Month in Email Marketing: Your Path to Abundance http://email-marketing-30265577.magnetorepairs.com/offer?77202', 'stat', '2023-10-30 02:29:11', '2023-10-30 02:29:11'),
(7, 'nicholaswilliams@iprimus.com.au', 'Your Journey to $30,000 Per Day Earnings Starts Now http://marketing-43244232.magnetorepairs.com/shop?57891', 'stat', '2023-11-02 07:27:23', '2023-11-02 07:27:23'),
(8, 'nicholaswilliams@iprimus.com.au', 'Your Journey to $30,000 Per Day Earnings Starts Now http://marketing-43244232.magnetorepairs.com/shop?57891', 'stat', '2023-11-02 07:27:25', '2023-11-02 07:27:25'),
(9, 'nicholaswilliams@iprimus.com.au', 'Your Journey to $30,000 Per Day Earnings Starts Now http://marketing-43244232.magnetorepairs.com/shop?57891', 'stat', '2023-11-02 07:27:27', '2023-11-02 07:27:27'),
(10, 'nicholaswilliams@iprimus.com.au', 'Your Journey to $30,000 Per Day Earnings Starts Now http://marketing-43244232.magnetorepairs.com/shop?57891', 'stat', '2023-11-02 07:27:30', '2023-11-02 07:27:30'),
(11, 'nicholaswilliams@iprimus.com.au', 'Your Journey to $30,000 Per Day Earnings Starts Now http://marketing-43244232.magnetorepairs.com/shop?57891', 'stat', '2023-11-02 07:27:32', '2023-11-02 07:27:32'),
(12, 'janrusell@gmail.com', 'hijkdsfjhgs\'khsofgjgfkjhasfgn', 'stat', '2023-11-09 14:44:35', '2023-11-09 14:44:35'),
(13, 'rosefunerals@outlook.com', 'aKMUYJzlzMrwtCuueBeruk', 'stat', '2023-11-12 14:57:00', '2023-11-12 14:57:00'),
(14, 'claudia.behrend@efh-bochum.de', 'We analyzed the position of your site in Google search results and developed a method for promoting your site perfometrics-notre-dame.com in the TOP 1 of Google search results in 3 minutes - https://shoppy.gg/product/Jqmdt8y?perfometrics-notre-dame.com', 'stat', '2023-11-12 21:18:38', '2023-11-12 21:18:38'),
(15, 'claudia.behrend@efh-bochum.de', 'We analyzed the position of your site in Google search results and developed a method for promoting your site perfometrics-notre-dame.com in the TOP 1 of Google search results in 3 minutes - https://shoppy.gg/product/Jqmdt8y?perfometrics-notre-dame.com', 'stat', '2023-11-12 21:18:41', '2023-11-12 21:18:41'),
(16, 'claudia.behrend@efh-bochum.de', 'We analyzed the position of your site in Google search results and developed a method for promoting your site perfometrics-notre-dame.com in the TOP 1 of Google search results in 3 minutes - https://shoppy.gg/product/Jqmdt8y?perfometrics-notre-dame.com', 'stat', '2023-11-12 21:18:43', '2023-11-12 21:18:43'),
(17, 'claudia.behrend@efh-bochum.de', 'We analyzed the position of your site in Google search results and developed a method for promoting your site perfometrics-notre-dame.com in the TOP 1 of Google search results in 3 minutes - https://shoppy.gg/product/Jqmdt8y?perfometrics-notre-dame.com', 'stat', '2023-11-12 21:18:46', '2023-11-12 21:18:46'),
(18, 'claudia.behrend@efh-bochum.de', 'We analyzed the position of your site in Google search results and developed a method for promoting your site perfometrics-notre-dame.com in the TOP 1 of Google search results in 3 minutes - https://shoppy.gg/product/Jqmdt8y?perfometrics-notre-dame.com', 'stat', '2023-11-12 21:18:48', '2023-11-12 21:18:48'),
(19, 'sonton@bluewin.ch', 'THE 1K CHALLENGE: CRYPTOCURRENCY EARNINGS THAT DEFY EXPECTATIONS http://withdrawal-of-money-to-a-bank-account-4643.papeia.com/id-556', 'stat', '2023-11-17 19:03:45', '2023-11-17 19:03:45'),
(20, 'sonton@bluewin.ch', 'THE 1K CHALLENGE: CRYPTOCURRENCY EARNINGS THAT DEFY EXPECTATIONS http://withdrawal-of-money-to-a-bank-account-4643.papeia.com/id-556', 'stat', '2023-11-17 19:03:47', '2023-11-17 19:03:47'),
(21, 'sonton@bluewin.ch', 'THE 1K CHALLENGE: CRYPTOCURRENCY EARNINGS THAT DEFY EXPECTATIONS http://withdrawal-of-money-to-a-bank-account-4643.papeia.com/id-556', 'stat', '2023-11-17 19:03:49', '2023-11-17 19:03:49'),
(22, 'sonton@bluewin.ch', 'THE 1K CHALLENGE: CRYPTOCURRENCY EARNINGS THAT DEFY EXPECTATIONS http://withdrawal-of-money-to-a-bank-account-4643.papeia.com/id-556', 'stat', '2023-11-17 19:03:51', '2023-11-17 19:03:51'),
(23, 'sonton@bluewin.ch', 'THE 1K CHALLENGE: CRYPTOCURRENCY EARNINGS THAT DEFY EXPECTATIONS http://withdrawal-of-money-to-a-bank-account-4643.papeia.com/id-556', 'stat', '2023-11-17 19:03:52', '2023-11-17 19:03:52'),
(24, 'bulldog999000@yahoo.de', 'Beautiful girls are looking for sex in your city http://sex-sex-4579.terratm.com/questionnaire-570', 'stat', '2023-11-18 18:14:13', '2023-11-18 18:14:13'),
(25, 'bulldog999000@yahoo.de', 'Beautiful girls are looking for sex in your city http://sex-sex-4579.terratm.com/questionnaire-570', 'stat', '2023-11-18 18:14:15', '2023-11-18 18:14:15'),
(26, 'bulldog999000@yahoo.de', 'Beautiful girls are looking for sex in your city http://sex-sex-4579.terratm.com/questionnaire-570', 'stat', '2023-11-18 18:14:16', '2023-11-18 18:14:16'),
(27, 'bulldog999000@yahoo.de', 'Beautiful girls are looking for sex in your city http://sex-sex-4579.terratm.com/questionnaire-570', 'stat', '2023-11-18 18:14:18', '2023-11-18 18:14:18'),
(28, 'bulldog999000@yahoo.de', 'Beautiful girls are looking for sex in your city http://sex-sex-4579.terratm.com/questionnaire-570', 'stat', '2023-11-18 18:14:20', '2023-11-18 18:14:20'),
(29, 'Jean-charles.stefanelli@wanadoo.fr', 'Your opinion is important to us, so we are ready to pay up to $5000 - http://take-survey-22.16c34.com/id-97', 'stat', '2023-11-19 16:24:51', '2023-11-19 16:24:51'),
(30, 'Jean-charles.stefanelli@wanadoo.fr', 'Your opinion is important to us, so we are ready to pay up to $5000 - http://take-survey-22.16c34.com/id-97', 'stat', '2023-11-19 16:24:53', '2023-11-19 16:24:53'),
(31, 'Jean-charles.stefanelli@wanadoo.fr', 'Your opinion is important to us, so we are ready to pay up to $5000 - http://take-survey-22.16c34.com/id-97', 'stat', '2023-11-19 16:24:55', '2023-11-19 16:24:55'),
(32, 'Jean-charles.stefanelli@wanadoo.fr', 'Your opinion is important to us, so we are ready to pay up to $5000 - http://take-survey-22.16c34.com/id-97', 'stat', '2023-11-19 16:24:56', '2023-11-19 16:24:56'),
(33, 'Jean-charles.stefanelli@wanadoo.fr', 'Your opinion is important to us, so we are ready to pay up to $5000 - http://take-survey-22.16c34.com/id-97', 'stat', '2023-11-19 16:24:58', '2023-11-19 16:24:58'),
(34, 'nicholasfigueroa@gmail.com', 'Transaction #18347087. Your account has been replenished with $50,644. To learn more http://bank-19234557.rockandrollbrunch.com/only-29305861', 'stat', '2023-12-01 19:44:16', '2023-12-01 19:44:16'),
(35, 'nicholasfigueroa@gmail.com', 'Transaction #18347087. Your account has been replenished with $50,644. To learn more http://bank-19234557.rockandrollbrunch.com/only-29305861', 'stat', '2023-12-01 19:44:18', '2023-12-01 19:44:18'),
(36, 'nicholasfigueroa@gmail.com', 'Transaction #18347087. Your account has been replenished with $50,644. To learn more http://bank-19234557.rockandrollbrunch.com/only-29305861', 'stat', '2023-12-01 19:44:20', '2023-12-01 19:44:20'),
(37, 'nicholasfigueroa@gmail.com', 'Transaction #18347087. Your account has been replenished with $50,644. To learn more http://bank-19234557.rockandrollbrunch.com/only-29305861', 'stat', '2023-12-01 19:44:21', '2023-12-01 19:44:21'),
(38, 'nicholasfigueroa@gmail.com', 'Transaction #18347087. Your account has been replenished with $50,644. To learn more http://bank-19234557.rockandrollbrunch.com/only-29305861', 'stat', '2023-12-01 19:44:24', '2023-12-01 19:44:24');

-- --------------------------------------------------------

--
-- Table structure for table `tbl_question`
--

CREATE TABLE `tbl_question` (
  `id` bigint(20) UNSIGNED NOT NULL,
  `question_content` varchar(255) COLLATE utf8mb4_unicode_ci NOT NULL,
  `question_criteria` varchar(255) COLLATE utf8mb4_unicode_ci NOT NULL,
  `created_at` timestamp NULL DEFAULT NULL,
  `updated_at` timestamp NULL DEFAULT NULL
) ENGINE=InnoDB DEFAULT CHARSET=utf8mb4 COLLATE=utf8mb4_unicode_ci;

--
-- Dumping data for table `tbl_question`
--

INSERT INTO `tbl_question` (`id`, `question_content`, `question_criteria`, `created_at`, `updated_at`) VALUES
(1, 'The teacher communicates clear expectations of the students performance in line with the unit standards and competencies.', 'TEACHER ACTIONS', NULL, NULL),
(2, 'The teacher utilizes various learnining materials, resources and strategies to enable all student to learn and achieve the unit standards of competencies and learning goals.', 'TEACHER ACTIONS', NULL, NULL),
(3, 'The teacher monitors and check on student s learning and attainment of the unit standards and competencies by conducting varied forms of assement during class discussion', 'TEACHER ACTIONS', NULL, '2023-11-17 20:47:09'),
(4, 'The teacher provides appropriate feedback or interventions to enable students in attaining the unit standards competencies.', 'TEACHER ACTIONS', NULL, NULL),
(5, 'The teacher manages the classroom environment and time in a way that supports the student learning and the achievement of the unit standards and competencies.', 'TEACHER ACTIONS', NULL, NULL),
(6, 'The teacher processes students\' understanding by asking clarifying or critical thinking questions related to the unit standard of competencies.', 'TEACHER ACTIONS', NULL, NULL),
(7, 'The students are active and engaged with the different learning tasks aimed at accomplishing the unit standards and competencies', 'STUDENT LEARNING ACTIONS', NULL, NULL),
(8, 'The students use differenet learning materials and resources including technology to achieve the learning goals of the unit standards and competencies', 'STUDENT LEARNING ACTIONS', NULL, NULL),
(9, 'The students share their ideas, reflections or solutions to thoughtprovoking questions and real life challenges or problems related to the unit standards of competencies', 'STUDENT LEARNING ACTIONS', NULL, NULL),
(10, 'The students collaborate, plan together and have meaningful interactions with each other to meet the unit standards and competencies.', 'STUDENT LEARNING ACTIONS', NULL, NULL),
(11, 'The students are able to explain there own ideas, outputs or performances accomplish the unit standards and competencies.', 'STUDENT LEARNING ACTIONS', NULL, NULL),
(12, 'The students, when encouragaed or on their own, ask questions to clarify or deepen their understanding of the unit standards and competencies.', 'STUDENT LEARNING ACTIONS', NULL, NULL),
(13, 'The students are able to relate the transfer their learning to daily life and real world situations', 'STUDENT LEARNING ACTIONS', NULL, NULL),
(14, 'The students are able to integrate the 21st century skills in their achievement of the unit standars and competencies.', 'STUDENT LEARNING ACTIONS', NULL, NULL),
(15, 'The students are able to reflect on and connect their learning with school\\\'s PVMGO', 'STUDENT LEARNING ACTIONS', NULL, NULL);

-- --------------------------------------------------------

--
-- Table structure for table `tbl_room`
--

CREATE TABLE `tbl_room` (
  `id` bigint(20) UNSIGNED NOT NULL,
  `room_name` varchar(255) COLLATE utf8mb4_unicode_ci NOT NULL,
  `room_building` varchar(255) COLLATE utf8mb4_unicode_ci NOT NULL,
  `room_floor` varchar(205) COLLATE utf8mb4_unicode_ci NOT NULL,
  `created_at` timestamp NULL DEFAULT NULL,
  `updated_at` timestamp NULL DEFAULT NULL
) ENGINE=InnoDB DEFAULT CHARSET=utf8mb4 COLLATE=utf8mb4_unicode_ci;

--
-- Dumping data for table `tbl_room`
--

INSERT INTO `tbl_room` (`id`, `room_name`, `room_building`, `room_floor`, `created_at`, `updated_at`) VALUES
(1, 'Room 107', '1st Building', '', NULL, NULL),
(2, 'Room 201', '1st Building', '', NULL, NULL),
(3, 'Room 202(Library)', '1st Building', '', NULL, NULL),
(4, 'Room 203', '1st Building', '', NULL, NULL),
(5, 'Room 204', '1st Building', '', NULL, NULL),
(6, 'Room 205', '1st Building', '', NULL, NULL),
(7, 'Room 206', '1st Building', '', NULL, NULL),
(8, 'Room 207(Science Lab)', '1st Building', '', NULL, NULL),
(9, 'Room 301', '1st Building', '', NULL, NULL),
(10, 'Room 302', '1st Building', '', NULL, NULL),
(13, 'NULL', '1st Building', '', NULL, NULL),
(21, 'Room 303\n', '1st Building', '', NULL, NULL),
(22, 'Room 304', '1st Building', '', NULL, NULL),
(23, 'Room 305', '1st Building', '', NULL, NULL),
(24, 'Room 306', '1st Building', '', NULL, NULL),
(25, 'Room 101', '2nd Building', '1st Floor', NULL, NULL),
(26, 'Room 102', '2nd Building', '1st Floor', NULL, NULL),
(27, 'Room 103', '2nd Building', '1st Floor', NULL, NULL),
(28, 'Room 201', '2nd Building', '2nd Floor', NULL, NULL),
(29, 'Room 202', '2nd Building', '2nd Floor', NULL, NULL),
(30, 'Room 203', '2nd Building', '2nd Floor', NULL, NULL),
(31, 'Room 301', '2nd Building', '3rd Floor', NULL, NULL),
(32, 'Room 302', '2nd Building', '3rd Floor', NULL, NULL),
(33, 'Room 303', '2nd Building', '3rd Floor', NULL, NULL),
(34, 'Room 401', '2nd Building', '4th Floor', NULL, NULL),
(35, 'Room 402', '2nd Building', '4th Floor', NULL, NULL),
(36, 'Room 403', '2nd Building', '4th Floor', NULL, NULL);

-- --------------------------------------------------------

--
-- Table structure for table `tbl_room_available`
--

CREATE TABLE `tbl_room_available` (
  `id` bigint(20) UNSIGNED NOT NULL,
  `room_id` bigint(20) UNSIGNED NOT NULL,
  `room_day` varchar(255) COLLATE utf8mb4_unicode_ci NOT NULL,
  `7:30AM - 8:30AM` varchar(255) COLLATE utf8mb4_unicode_ci NOT NULL,
  `8:30AM - 9:30AM` varchar(255) COLLATE utf8mb4_unicode_ci NOT NULL,
  `9:45AM - 10:45AM` varchar(255) COLLATE utf8mb4_unicode_ci NOT NULL,
  `10:45AM - 11:45AM` varchar(255) COLLATE utf8mb4_unicode_ci NOT NULL,
  `1:00PM - 2:00PM` varchar(255) COLLATE utf8mb4_unicode_ci NOT NULL,
  `2:00PM - 3:00PM` varchar(255) COLLATE utf8mb4_unicode_ci NOT NULL,
  `3:00PM - 4:00PM` varchar(255) COLLATE utf8mb4_unicode_ci NOT NULL,
  `4:00PM - 5:00PM` varchar(255) COLLATE utf8mb4_unicode_ci NOT NULL,
  `created_at` timestamp NULL DEFAULT NULL,
  `updated_at` timestamp NULL DEFAULT NULL
) ENGINE=InnoDB DEFAULT CHARSET=utf8mb4 COLLATE=utf8mb4_unicode_ci;

--
-- Dumping data for table `tbl_room_available`
--

INSERT INTO `tbl_room_available` (`id`, `room_id`, `room_day`, `7:30AM - 8:30AM`, `8:30AM - 9:30AM`, `9:45AM - 10:45AM`, `10:45AM - 11:45AM`, `1:00PM - 2:00PM`, `2:00PM - 3:00PM`, `3:00PM - 4:00PM`, `4:00PM - 5:00PM`, `created_at`, `updated_at`) VALUES
(1, 1, 'Monday', '4', '1', '', '', '', '', '', '', '0000-00-00 00:00:00', '2023-11-18 22:46:18'),
(2, 1, 'Tuesday', '', '', '', '', '', '', '', '', '0000-00-00 00:00:00', '0000-00-00 00:00:00'),
(3, 1, 'Wednesday', '', '', '', '', '', '', '', '', '0000-00-00 00:00:00', '0000-00-00 00:00:00'),
(4, 1, 'Thursday', '', '', '', '', '', '', '', '', '0000-00-00 00:00:00', '0000-00-00 00:00:00'),
(5, 1, 'Friday', '', '', '', '', '', '', '', '', '0000-00-00 00:00:00', '0000-00-00 00:00:00'),
(6, 2, 'Monday', '1', '', '', '', '', '', '', '', '0000-00-00 00:00:00', '2023-11-15 10:59:00'),
(7, 2, 'Tuesday', '', '', '', '', '', '', '', '', '0000-00-00 00:00:00', '0000-00-00 00:00:00'),
(8, 2, 'Wednesday', '', '', '', '', '', '', '', '', '0000-00-00 00:00:00', '0000-00-00 00:00:00'),
(9, 2, 'Thursday', '', '', '', '', '', '', '', '', '0000-00-00 00:00:00', '0000-00-00 00:00:00'),
(10, 2, 'Friday', '', '', '', '', '', '', '', '', '0000-00-00 00:00:00', '0000-00-00 00:00:00'),
(11, 3, 'Monday', '0', '', '', '', '', '', '', '', '0000-00-00 00:00:00', '2023-11-20 21:57:16'),
(12, 3, 'Tuesday', '', '', '', '', '', '', '', '', '0000-00-00 00:00:00', '0000-00-00 00:00:00'),
(13, 3, 'Wednesday', '', '', '', '', '', '', '', '', '0000-00-00 00:00:00', '0000-00-00 00:00:00'),
(14, 3, 'Thursday', '', '', '', '', '', '', '', '', '0000-00-00 00:00:00', '0000-00-00 00:00:00'),
(15, 3, 'Friday', '', '', '', '', '', '', '', '', '0000-00-00 00:00:00', '0000-00-00 00:00:00'),
(16, 4, 'Monday', '', '', '', '', '', '', '', '', '0000-00-00 00:00:00', '0000-00-00 00:00:00'),
(17, 4, 'Tuesday', '', '', '', '', '', '', '', '', '0000-00-00 00:00:00', '0000-00-00 00:00:00'),
(18, 4, 'Wednesday', '', '', '', '', '', '', '', '', '0000-00-00 00:00:00', '0000-00-00 00:00:00'),
(19, 4, 'Thursday', '', '', '', '', '', '', '', '', '0000-00-00 00:00:00', '0000-00-00 00:00:00'),
(20, 4, 'Friday', '', '', '', '', '', '', '', '', '0000-00-00 00:00:00', '0000-00-00 00:00:00'),
(21, 5, 'Monday', '', '', '', '', '', '', '', '', '0000-00-00 00:00:00', '0000-00-00 00:00:00'),
(22, 5, 'Tuesday', '', '', '', '', '', '', '', '', '0000-00-00 00:00:00', '0000-00-00 00:00:00'),
(23, 5, 'Wednesday', '', '', '', '', '', '', '', '', '0000-00-00 00:00:00', '0000-00-00 00:00:00'),
(24, 5, 'Thursday', '', '', '', '', '', '', '', '', '0000-00-00 00:00:00', '2023-09-29 04:41:40'),
(25, 5, 'Friday', '', '', '', '', '', '', '', '', '0000-00-00 00:00:00', '0000-00-00 00:00:00'),
(26, 6, 'Monday', '', '0', '', '', '', '', '', '', '0000-00-00 00:00:00', '2023-11-17 13:21:30'),
(27, 6, 'Tuesday', '3', '', '', '', '', '', '', '', '0000-00-00 00:00:00', '2023-11-17 21:31:46'),
(28, 6, 'Wednesday', '', '', '', '', '', '', '', '', '0000-00-00 00:00:00', '0000-00-00 00:00:00'),
(29, 6, 'Thursday', '', '', '', '', '', '', '', '', '0000-00-00 00:00:00', '0000-00-00 00:00:00'),
(30, 6, 'Friday', '', '', '', '', '', '', '', '', '0000-00-00 00:00:00', '0000-00-00 00:00:00'),
(31, 7, 'Monday', '38', '', '', '', '', '', '', '', '0000-00-00 00:00:00', '2023-11-17 12:50:52'),
(32, 7, 'Tuesday', '', '', '', '', '', '', '', '', '0000-00-00 00:00:00', '0000-00-00 00:00:00'),
(33, 7, 'Wednesday', '', '', '', '', '', '', '', '', '0000-00-00 00:00:00', '0000-00-00 00:00:00'),
(34, 7, 'Thursday', '', '', '', '', '', '', '', '', '0000-00-00 00:00:00', '0000-00-00 00:00:00'),
(35, 7, 'Friday', '', '', '', '', '', '', '', '', '0000-00-00 00:00:00', '0000-00-00 00:00:00'),
(36, 8, 'Monday', '', '', '', '', '', '', '', '', '0000-00-00 00:00:00', '0000-00-00 00:00:00'),
(37, 8, 'Tuesday', '', '', '', '', '', '', '', '', '0000-00-00 00:00:00', '0000-00-00 00:00:00'),
(38, 8, 'Wednesday', '', '', '', '', '', '', '', '', '0000-00-00 00:00:00', '0000-00-00 00:00:00'),
(39, 8, 'Thursday', '', '', '', '', '', '', '', '', '0000-00-00 00:00:00', '0000-00-00 00:00:00'),
(40, 8, 'Friday', '', '', '', '', '', '', '', '', '0000-00-00 00:00:00', '0000-00-00 00:00:00'),
(41, 9, 'Monday', '', '', '', '', '', '', '', '', '0000-00-00 00:00:00', '0000-00-00 00:00:00'),
(42, 9, 'Tuesday', '5', '', '', '', '', '', '', '', '0000-00-00 00:00:00', '2023-11-09 00:12:56'),
(43, 9, 'Wednesday', '5', '', '', '', '', '', '', '', '0000-00-00 00:00:00', '2023-11-09 00:13:03'),
(44, 9, 'Thursday', '', '', '', '', '', '', '', '', '0000-00-00 00:00:00', '0000-00-00 00:00:00'),
(45, 9, 'Friday', '', '', '', '', '', '', '', '', '0000-00-00 00:00:00', '0000-00-00 00:00:00'),
(46, 10, 'Monday', '', '', '', '', '', '', '', '', '0000-00-00 00:00:00', '2023-10-03 06:19:23'),
(47, 10, 'Tuesday', '18', '', '', '', '', '', '', '', '0000-00-00 00:00:00', '2023-11-20 21:57:26'),
(48, 10, 'Wednesday', '', '', '', '', '', '', '', '', '0000-00-00 00:00:00', '0000-00-00 00:00:00'),
(49, 10, 'Thursday', '', '', '', '', '', '', '', '', '0000-00-00 00:00:00', '0000-00-00 00:00:00'),
(50, 10, 'Friday', '', '', '', '', '', '', '', '', '0000-00-00 00:00:00', '0000-00-00 00:00:00'),
(51, 21, 'Monday', '18', '', '', '', '', '', '', '', '0000-00-00 00:00:00', '2023-11-20 21:57:16'),
(52, 21, 'Tuesday', '', '', '', '', '', '', '', '', '0000-00-00 00:00:00', '0000-00-00 00:00:00'),
(53, 21, 'Wednesday', '', '', '', '', '', '', '', '', '0000-00-00 00:00:00', '0000-00-00 00:00:00'),
(54, 21, 'Thursday', '', '', '', '', '', '', '', '', '0000-00-00 00:00:00', '0000-00-00 00:00:00'),
(55, 21, 'Friday', '', '', '', '', '', '', '', '', '0000-00-00 00:00:00', '0000-00-00 00:00:00'),
(56, 22, 'Monday', '21', '', '1', '', '', '', '', '', '0000-00-00 00:00:00', '2023-11-22 11:29:13'),
(57, 22, 'Tuesday', '', '', '', '', '', '', '', '', '0000-00-00 00:00:00', '2023-09-29 04:37:18'),
(58, 22, 'Wednesday', '', '', '', '', '', '', '', '', '0000-00-00 00:00:00', '0000-00-00 00:00:00'),
(59, 22, 'Thursday', '', '', '', '', '', '', '', '', '0000-00-00 00:00:00', '0000-00-00 00:00:00'),
(60, 22, 'Friday', '', '', '', '', '', '', '', '', '0000-00-00 00:00:00', '0000-00-00 00:00:00'),
(61, 23, 'Monday', '', '', '', '', '', '', '', '', '0000-00-00 00:00:00', '0000-00-00 00:00:00'),
(62, 23, 'Tuesday', '', '', '', '', '', '', '', '', '0000-00-00 00:00:00', '0000-00-00 00:00:00'),
(63, 23, 'Wednesday', '', '', '', '', '', '', '', '', '0000-00-00 00:00:00', '0000-00-00 00:00:00'),
(64, 23, 'Thursday', '', '', '', '', '', '', '', '', '0000-00-00 00:00:00', '0000-00-00 00:00:00'),
(65, 23, 'Friday', '', '', '', '', '', '', '', '', '0000-00-00 00:00:00', '2023-09-29 04:37:34'),
(66, 24, 'Monday', '', '', '', '', '', '', '', '', '0000-00-00 00:00:00', '0000-00-00 00:00:00'),
(67, 24, 'Tuesday', '', '', '', '', '', '', '', '', '0000-00-00 00:00:00', '0000-00-00 00:00:00'),
(68, 24, 'Wednesday', '', '', '', '', '', '', '', '', '0000-00-00 00:00:00', '0000-00-00 00:00:00'),
(69, 24, 'Thursday', '', '', '', '', '', '', '', '', '0000-00-00 00:00:00', '0000-00-00 00:00:00'),
(70, 24, 'Friday', '', '', '', '', '', '', '', '', '0000-00-00 00:00:00', '0000-00-00 00:00:00'),
(71, 25, 'Monday', '', '', '', '', '', '', '', '', '0000-00-00 00:00:00', '0000-00-00 00:00:00'),
(72, 25, 'Tuesday', '', '', '', '', '', '', '', '', '0000-00-00 00:00:00', '0000-00-00 00:00:00'),
(73, 25, 'Wednesday', '', '', '', '', '', '', '', '', '0000-00-00 00:00:00', '0000-00-00 00:00:00'),
(74, 25, 'Thursday', '', '', '', '', '', '', '', '', '0000-00-00 00:00:00', '0000-00-00 00:00:00'),
(75, 25, 'Friday', '', '', '', '', '', '', '', '', '0000-00-00 00:00:00', '0000-00-00 00:00:00'),
(76, 26, 'Monday', '', '', '', '', '', '', '', '', '0000-00-00 00:00:00', '0000-00-00 00:00:00'),
(77, 26, 'Tuesday', '', '', '', '', '', '', '', '', '0000-00-00 00:00:00', '0000-00-00 00:00:00'),
(78, 26, 'Wednesday', '', '', '', '', '', '', '', '', '0000-00-00 00:00:00', '2023-09-29 04:40:55'),
(79, 26, 'Thursday', '5', '', '', '', '', '', '', '', '0000-00-00 00:00:00', '2023-11-17 20:58:59'),
(80, 26, 'Friday', '', '', '', '', '', '', '', '', '0000-00-00 00:00:00', '0000-00-00 00:00:00'),
(81, 27, 'Monday', '3', '', '', '', '', '', '', '', '0000-00-00 00:00:00', '2023-11-17 21:20:08'),
(82, 27, 'Tuesday', '', '', '', '', '', '', '', '', '0000-00-00 00:00:00', '0000-00-00 00:00:00'),
(83, 27, 'Wednesday', '', '', '', '', '', '', '', '', '0000-00-00 00:00:00', '0000-00-00 00:00:00'),
(84, 27, 'Thursday', '', '', '', '', '', '', '', '', '0000-00-00 00:00:00', '0000-00-00 00:00:00'),
(85, 27, 'Friday', '', '', '', '', '', '', '', '', '0000-00-00 00:00:00', '0000-00-00 00:00:00'),
(86, 28, 'Monday', '', '', '', '', '', '', '', '', '0000-00-00 00:00:00', '0000-00-00 00:00:00'),
(87, 28, 'Tuesday', '', '', '', '', '', '', '', '', '0000-00-00 00:00:00', '0000-00-00 00:00:00'),
(88, 28, 'Wednesday', '', '', '', '', '', '', '', '', '0000-00-00 00:00:00', '0000-00-00 00:00:00'),
(89, 28, 'Thursday', '', '', '', '', '', '', '', '', '0000-00-00 00:00:00', '0000-00-00 00:00:00'),
(90, 28, 'Friday', '', '', '', '', '', '', '', '', '0000-00-00 00:00:00', '0000-00-00 00:00:00'),
(91, 29, 'Monday', '', '', '', '', '', '', '', '', '0000-00-00 00:00:00', '0000-00-00 00:00:00'),
(92, 29, 'Tuesday', '', '', '', '', '', '', '', '', '0000-00-00 00:00:00', '0000-00-00 00:00:00'),
(93, 29, 'Wednesday', '', '', '', '', '', '', '', '', '0000-00-00 00:00:00', '0000-00-00 00:00:00'),
(94, 29, 'Thursday', '', '', '', '', '', '', '', '', '0000-00-00 00:00:00', '0000-00-00 00:00:00'),
(95, 29, 'Friday', '', '', '', '', '', '', '', '', '0000-00-00 00:00:00', '0000-00-00 00:00:00'),
(96, 30, 'Monday', '', '', '', '', '', '', '', '', '0000-00-00 00:00:00', '0000-00-00 00:00:00'),
(97, 30, 'Tuesday', '', '', '', '', '', '', '', '', '0000-00-00 00:00:00', '0000-00-00 00:00:00'),
(98, 30, 'Wednesday', '', '', '', '', '', '', '', '', '0000-00-00 00:00:00', '0000-00-00 00:00:00'),
(99, 30, 'Thursday', '', '', '', '', '', '', '', '', '0000-00-00 00:00:00', '0000-00-00 00:00:00'),
(100, 30, 'Friday', '', '', '', '', '', '', '', '', '0000-00-00 00:00:00', '0000-00-00 00:00:00'),
(101, 31, 'Monday', '', '', '', '', '', '', '', '', '0000-00-00 00:00:00', '0000-00-00 00:00:00'),
(102, 31, 'Tuesday', '', '', '', '', '', '', '', '', '0000-00-00 00:00:00', '0000-00-00 00:00:00'),
(103, 31, 'Wednesday', '', '', '', '', '', '', '', '', '0000-00-00 00:00:00', '0000-00-00 00:00:00'),
(104, 31, 'Thursday', '', '', '', '', '', '', '', '', '0000-00-00 00:00:00', '0000-00-00 00:00:00'),
(105, 31, 'Friday', '', '', '', '', '', '', '', '', '0000-00-00 00:00:00', '0000-00-00 00:00:00'),
(106, 32, 'Monday', '', '', '', '', '', '', '', '', '0000-00-00 00:00:00', '0000-00-00 00:00:00'),
(107, 32, 'Tuesday', '', '', '', '', '', '', '', '', '0000-00-00 00:00:00', '0000-00-00 00:00:00'),
(108, 32, 'Wednesday', '', '', '', '', '', '', '', '', '0000-00-00 00:00:00', '0000-00-00 00:00:00'),
(109, 32, 'Thursday', '', '', '', '', '', '', '', '', '0000-00-00 00:00:00', '0000-00-00 00:00:00'),
(110, 32, 'Friday', '', '', '', '', '', '', '', '', '0000-00-00 00:00:00', '0000-00-00 00:00:00'),
(111, 33, 'Monday', '', '', '', '', '', '', '', '', '0000-00-00 00:00:00', '0000-00-00 00:00:00'),
(112, 33, 'Tuesday', '', '', '', '', '', '', '', '', '0000-00-00 00:00:00', '0000-00-00 00:00:00'),
(113, 33, 'Wednesday', '', '', '', '', '', '', '', '', '0000-00-00 00:00:00', '0000-00-00 00:00:00'),
(114, 33, 'Thursday', '', '', '', '', '', '', '', '', '0000-00-00 00:00:00', '0000-00-00 00:00:00'),
(115, 33, 'Friday', '', '', '', '', '', '', '', '', '0000-00-00 00:00:00', '0000-00-00 00:00:00'),
(116, 34, 'Monday', '', '', '', '', '', '', '', '', '0000-00-00 00:00:00', '0000-00-00 00:00:00'),
(117, 34, 'Tuesday', '', '', '', '', '', '', '', '', '0000-00-00 00:00:00', '0000-00-00 00:00:00'),
(118, 34, 'Wednesday', '', '', '', '', '', '', '', '', '0000-00-00 00:00:00', '0000-00-00 00:00:00'),
(119, 34, 'Thursday', '', '', '', '', '', '', '', '', '0000-00-00 00:00:00', '0000-00-00 00:00:00'),
(120, 34, 'Friday', '', '', '', '', '', '', '', '', '0000-00-00 00:00:00', '0000-00-00 00:00:00'),
(121, 35, 'Monday', '', '', '', '', '', '', '', '', '0000-00-00 00:00:00', '0000-00-00 00:00:00'),
(122, 35, 'Tuesday', '', '', '', '', '', '', '', '', '0000-00-00 00:00:00', '0000-00-00 00:00:00'),
(123, 35, 'Wednesday', '', '', '', '', '', '', '', '', '0000-00-00 00:00:00', '0000-00-00 00:00:00'),
(124, 35, 'Thursday', '', '', '', '', '', '', '', '', '0000-00-00 00:00:00', '0000-00-00 00:00:00'),
(125, 35, 'Friday', '', '', '', '', '', '', '', '', '0000-00-00 00:00:00', '0000-00-00 00:00:00'),
(126, 36, 'Monday', '', '', '', '', '', '', '', '', '0000-00-00 00:00:00', '0000-00-00 00:00:00'),
(127, 36, 'Tuesday', '', '', '', '', '', '', '', '', '0000-00-00 00:00:00', '0000-00-00 00:00:00'),
(128, 36, 'Wednesday', '', '', '', '', '', '', '', '', '0000-00-00 00:00:00', '0000-00-00 00:00:00'),
(129, 36, 'Thursday', '', '', '', '', '', '', '', '', '0000-00-00 00:00:00', '0000-00-00 00:00:00'),
(130, 36, 'Friday', '', '', '', '', '', '', '', '', '0000-00-00 00:00:00', '0000-00-00 00:00:00');

-- --------------------------------------------------------

--
-- Table structure for table `tbl_saved_evaluation`
--

CREATE TABLE `tbl_saved_evaluation` (
  `id` bigint(20) UNSIGNED NOT NULL,
  `evaluation_name` varchar(255) COLLATE utf8mb4_unicode_ci NOT NULL,
  `evaluation_sem` varchar(255) COLLATE utf8mb4_unicode_ci NOT NULL,
  `evaluation_year` varchar(255) COLLATE utf8mb4_unicode_ci NOT NULL,
  `created_at` timestamp NULL DEFAULT NULL,
  `updated_at` timestamp NULL DEFAULT NULL,
  `saved_status` varchar(255) COLLATE utf8mb4_unicode_ci DEFAULT NULL
) ENGINE=InnoDB DEFAULT CHARSET=utf8mb4 COLLATE=utf8mb4_unicode_ci;

--
-- Dumping data for table `tbl_saved_evaluation`
--

INSERT INTO `tbl_saved_evaluation` (`id`, `evaluation_name`, `evaluation_sem`, `evaluation_year`, `created_at`, `updated_at`, `saved_status`) VALUES
(2, '22-November-2023-1st-Semester', '1st', '2023-2024', '2023-11-22 11:24:46', '2023-11-22 11:27:22', 'loaded');

-- --------------------------------------------------------

--
-- Table structure for table `tbl_section`
--

CREATE TABLE `tbl_section` (
  `id` bigint(20) UNSIGNED NOT NULL,
  `section` varchar(255) COLLATE utf8mb4_unicode_ci NOT NULL,
  `strand_id` bigint(20) UNSIGNED NOT NULL,
  `year_level` varchar(255) COLLATE utf8mb4_unicode_ci NOT NULL,
  `created_at` timestamp NULL DEFAULT NULL,
  `updated_at` timestamp NULL DEFAULT NULL
) ENGINE=InnoDB DEFAULT CHARSET=utf8mb4 COLLATE=utf8mb4_unicode_ci;

--
-- Dumping data for table `tbl_section`
--

INSERT INTO `tbl_section` (`id`, `section`, `strand_id`, `year_level`, `created_at`, `updated_at`) VALUES
(1, 'Amythiest', 1, 'Grade 11', NULL, '2023-11-22 09:34:23'),
(2, 'Emerald', 1, 'Grade 11', NULL, '2023-11-22 00:35:58'),
(3, 'Mars', 2, 'Grade 11', NULL, NULL),
(4, 'Earth', 2, 'Grade 11', NULL, '2023-11-22 09:33:42'),
(5, 'Gold', 3, 'Grade 11', NULL, NULL),
(6, 'Mercury', 3, 'Grade 11', NULL, NULL),
(7, 'Sunflower', 4, 'Grade 11', NULL, NULL),
(8, 'Daisy', 4, 'Grade 11', NULL, NULL),
(9, 'Happy', 5, 'Grade 11', NULL, NULL),
(10, 'Sad', 5, 'Grade 11', NULL, NULL),
(11, 'Linux', 6, 'Grade 11', NULL, NULL),
(12, 'Windows', 6, 'Grade 11', NULL, NULL),
(13, 'Ruby', 1, 'Grade 12', NULL, NULL),
(14, 'Saphire', 1, 'Grade 12', NULL, NULL),
(15, 'Jupiter', 2, 'Grade 12', NULL, NULL),
(16, 'Saturn', 2, 'Grade 12', NULL, NULL),
(17, 'Potassium', 3, 'Grade 12', NULL, NULL),
(18, 'Hydrogen', 3, 'Grade 12', NULL, NULL),
(19, 'Lily', 4, 'Grade 12', NULL, NULL),
(20, 'Rose', 4, 'Grade 12', NULL, NULL),
(21, 'Despair', 5, 'Grade 12', NULL, NULL),
(22, 'Excite', 5, 'Grade 12', NULL, NULL),
(23, 'Mac', 6, 'Grade 12', NULL, NULL),
(24, 'Ubunto', 6, 'Grade 12', NULL, NULL),
(25, 'Null', 7, 'Null', NULL, NULL),
(37, 'Anxios', 5, 'Grade 12', '2023-09-28 06:39:19', '2023-09-28 06:39:19'),
(38, 'Jade', 1, 'Grade 11', '2023-10-14 06:24:49', '2023-10-14 06:24:49'),
(39, 'Sample', 2, 'Grade 11', '2023-11-22 11:30:32', '2023-11-22 11:30:32');

-- --------------------------------------------------------

--
-- Table structure for table `tbl_strand`
--

CREATE TABLE `tbl_strand` (
  `id` bigint(20) UNSIGNED NOT NULL,
  `strand_name` varchar(255) COLLATE utf8mb4_unicode_ci NOT NULL,
  `strand_shortcut` varchar(255) COLLATE utf8mb4_unicode_ci NOT NULL,
  `created_at` timestamp NULL DEFAULT NULL,
  `updated_at` timestamp NULL DEFAULT NULL
) ENGINE=InnoDB DEFAULT CHARSET=utf8mb4 COLLATE=utf8mb4_unicode_ci;

--
-- Dumping data for table `tbl_strand`
--

INSERT INTO `tbl_strand` (`id`, `strand_name`, `strand_shortcut`, `created_at`, `updated_at`) VALUES
(1, 'Humanities and Social Sciences', 'HUMSS', NULL, NULL),
(2, 'Accountancy and Business Management', 'ABM', NULL, NULL),
(3, 'Science Technology and Engineering Mathematics', 'STEM', NULL, NULL),
(4, 'General Academic Strand', 'GAS', NULL, NULL),
(5, 'Technical Vocational Livelihood- Information Communications Technology', 'TVL-ICT', NULL, NULL),
(6, 'Technical Vocational Livelihood- Home Economics', 'TVL-HE', NULL, NULL),
(7, 'Null', 'Null', NULL, NULL);

-- --------------------------------------------------------

--
-- Table structure for table `tbl_student`
--

CREATE TABLE `tbl_student` (
  `id` bigint(20) UNSIGNED NOT NULL,
  `student_id` varchar(255) COLLATE utf8mb4_unicode_ci NOT NULL,
  `student_password` varchar(255) COLLATE utf8mb4_unicode_ci NOT NULL,
  `student_first_name` varchar(255) COLLATE utf8mb4_unicode_ci NOT NULL,
  `student_last_name` varchar(255) COLLATE utf8mb4_unicode_ci NOT NULL,
  `student_middle_name` varchar(255) COLLATE utf8mb4_unicode_ci NOT NULL,
  `student_suffix` varchar(255) COLLATE utf8mb4_unicode_ci NOT NULL,
  `student_year_level` varchar(255) COLLATE utf8mb4_unicode_ci NOT NULL,
  `student_strand` bigint(20) UNSIGNED NOT NULL,
  `student_section` bigint(20) UNSIGNED NOT NULL,
  `student_mail` varchar(255) COLLATE utf8mb4_unicode_ci NOT NULL,
  `student_image` int(11) NOT NULL,
  `student_image_type` varchar(255) COLLATE utf8mb4_unicode_ci NOT NULL,
  `student_status` int(11) NOT NULL,
  `created_at` timestamp NULL DEFAULT NULL,
  `updated_at` timestamp NULL DEFAULT NULL
) ENGINE=InnoDB DEFAULT CHARSET=utf8mb4 COLLATE=utf8mb4_unicode_ci;

--
-- Dumping data for table `tbl_student`
--

INSERT INTO `tbl_student` (`id`, `student_id`, `student_password`, `student_first_name`, `student_last_name`, `student_middle_name`, `student_suffix`, `student_year_level`, `student_strand`, `student_section`, `student_mail`, `student_image`, `student_image_type`, `student_status`, `created_at`, `updated_at`) VALUES
(13, '117123456789', 'Jonkscutie*555', 'Emma', 'Smith', 'Johnson', 'none', 'Grade 11', 4, 7, 'jfdumanon.chmsu@gmail.com', 0, ' ', 1, '2023-10-29 08:31:31', '2023-11-08 13:25:13'),
(14, '117234567890', 'LiamWiliams#2', 'Liam', 'Williams', 'Gar', 'Jr.', 'Grade 11', 4, 7, 'dumanonjg@gmail.com', 1, 'png', 1, '2023-10-29 08:31:31', '2023-11-20 22:06:49'),
(15, '117345678901', 'VoygTWEJ', 'Olivia', 'Davis', 'Martinez', 'none', 'Grade 11', 4, 7, '', 0, ' ', 0, '2023-10-29 08:31:31', '2023-10-29 08:31:31'),
(16, '117567890123', 'vi0EFB5l', 'Sophia', 'Martinez', 'Kim', 'none', 'Grade 11', 4, 7, '', 0, ' ', 0, '2023-10-29 08:31:31', '2023-10-29 08:31:31'),
(17, '117678901234', '45Z0NfWV', 'Jackson', 'Williams', 'Brown', 'none', 'Grade 11', 4, 7, '', 0, ' ', 0, '2023-10-29 08:31:31', '2023-10-29 08:31:31'),
(18, '117789012345', '3RPxwHlG', 'Ava', 'Brown', 'Davis', 'none', 'Grade 11', 4, 7, '', 0, ' ', 0, '2023-10-29 08:31:31', '2023-10-29 08:31:31'),
(19, '117890123456', 'kCfkKSkP', 'Aiden', 'Kim', 'Garcia', 'none', 'Grade 11', 4, 7, '', 0, ' ', 0, '2023-10-29 08:31:31', '2023-10-29 08:31:31'),
(20, '117901234567', '0RN0DjUL', 'Isabella', 'Garcia', 'Smith', 'none', 'Grade 11', 4, 7, '', 0, ' ', 0, '2023-10-29 08:31:31', '2023-10-29 08:31:31'),
(21, '117012345678', 'VvGjCH7k', 'Mason', 'Jones', 'Lopez', 'none', 'Grade 11', 4, 7, '', 0, ' ', 0, '2023-10-29 08:31:31', '2023-10-29 08:31:31'),
(22, '117112233445', 'jLmMa4pr', 'Mia', 'Smith', 'Johnson', 'none', 'Grade 11', 5, 9, '', 0, ' ', 0, '2023-10-30 12:50:06', '2023-10-30 12:50:06'),
(23, '117112233446', 'bqjpLroL', 'Ethan', 'Williams', 'Patel', 'none', 'Grade 11', 5, 9, '', 0, ' ', 0, '2023-10-30 12:50:06', '2023-10-30 12:50:06'),
(24, '117112233447', 'DKFKDERL', 'Olivia', 'Martinez', 'Davis', 'none', 'Grade 11', 5, 9, '', 0, ' ', 0, '2023-10-30 12:50:06', '2023-10-30 12:50:06'),
(25, '117112233448', 'ZXvMlvBX', 'Caleb', 'Garcia', 'Nguyen', 'none', 'Grade 11', 5, 9, '', 0, ' ', 0, '2023-10-30 12:50:06', '2023-10-30 12:50:06'),
(26, '117112233449', 'EDWs6bbO', 'Ava', 'Kim', 'Martinez', 'none', 'Grade 11', 5, 9, '', 0, ' ', 0, '2023-10-30 12:50:06', '2023-10-30 12:50:06'),
(27, '117112233450', 'kj1ryrbG', 'Liam', 'Brown', 'Williams', 'none', 'Grade 11', 5, 9, '', 0, ' ', 0, '2023-10-30 12:50:06', '2023-10-30 12:50:06'),
(28, '117112233451', 'j8Y6fhS1', 'Sophia', 'Davis', 'Brown', 'none', 'Grade 11', 5, 9, '', 0, ' ', 0, '2023-10-30 12:50:06', '2023-10-30 12:50:06'),
(29, '117112233452', 'zUWXOkoS', 'Jackson', 'Garcia', 'Kim', 'none', 'Grade 11', 5, 9, '', 0, ' ', 0, '2023-10-30 12:50:06', '2023-10-30 12:50:06'),
(30, '117112233453', 'iwhZTPpF', 'Isabella', 'Smith', 'Davis', 'none', 'Grade 11', 5, 9, '', 0, ' ', 0, '2023-10-30 12:50:06', '2023-10-30 12:50:06'),
(31, '117112233454', 'LnN0i7aJ', 'Mason', 'Lopez', 'Jones', 'none', 'Grade 11', 5, 9, '', 0, ' ', 0, '2023-10-30 12:50:06', '2023-10-30 12:50:06'),
(32, '117112233455', 'iSfdlovx', 'Zoey', 'Clark', 'Lopez', 'none', 'Grade 11', 6, 11, '', 0, ' ', 0, '2023-10-30 13:02:46', '2023-10-30 13:02:46'),
(33, '117112233456', '9jbxkt99', 'Noah', 'Hall', 'Clark', 'none', 'Grade 11', 6, 11, '', 0, ' ', 0, '2023-10-30 13:02:46', '2023-10-30 13:02:46'),
(34, '117112233457', 'zzaAfin8', 'Lily', 'Turner', 'Hall', 'none', 'Grade 11', 6, 11, '', 0, ' ', 0, '2023-10-30 13:02:46', '2023-10-30 13:02:46'),
(35, '117112233458', 'R6qO6vXW', 'Samuel', 'Wilson', 'Samuel', 'none', 'Grade 11', 6, 11, 'samuel@gmail.com', 0, ' ', 0, '2023-10-30 13:02:46', '2023-10-30 13:13:56'),
(36, '117112233459', 'SdKM1bFD', 'Charlotte', 'Baker', 'Wilson', 'none', 'Grade 11', 6, 11, '', 0, ' ', 0, '2023-10-30 13:02:46', '2023-10-30 13:02:46'),
(37, '117112233460', 'pFoQklRf', 'Aiden', 'White', 'Baker', 'none', 'Grade 11', 6, 11, '', 0, ' ', 0, '2023-10-30 13:02:46', '2023-10-30 13:02:46'),
(38, '117112233461', 'ikfwrprX', 'Grace', 'Green', 'White', 'none', 'Grade 11', 6, 11, '', 0, ' ', 0, '2023-10-30 13:02:46', '2023-10-30 13:02:46'),
(39, '117112233462', 'w57rUlm5', 'Benjamin', 'Adams', 'Green', 'none', 'Grade 11', 6, 11, '', 0, ' ', 0, '2023-10-30 13:02:46', '2023-10-30 13:02:46'),
(40, '117112233463', 'BrYJ7gSZ', 'Olivia', 'Harris', 'Adams', 'none', 'Grade 11', 6, 11, '', 0, ' ', 0, '2023-10-30 13:02:46', '2023-10-30 13:02:46'),
(41, '117112233464', 'hFNQLK9M', 'Luke', 'Bennett', 'Harris', 'none', 'Grade 11', 6, 11, '', 0, ' ', 0, '2023-10-30 13:02:46', '2023-10-30 13:02:46'),
(42, '117112233465', 'NBEuz52g', 'Ava', 'Rivera', 'Martinez', 'none', 'Grade 11', 3, 5, '', 0, ' ', 0, '2023-10-30 13:11:55', '2023-10-30 13:11:55'),
(43, '117112233466', 'LRl1EFpP', 'Daniel', 'Wright', 'Rivera', 'none', 'Grade 11', 3, 5, '', 0, ' ', 0, '2023-10-30 13:11:55', '2023-10-30 13:11:55'),
(44, '117112233467', '9aRUDz36', 'Emma', 'Thomas', 'Bennett', 'none', 'Grade 11', 3, 5, '', 0, ' ', 0, '2023-10-30 13:11:55', '2023-10-30 13:11:55'),
(45, '117112233468', 'm2vigmC0', 'Jackson', 'Thomas', 'Wright', 'none', 'Grade 11', 3, 5, '', 0, ' ', 0, '2023-10-30 13:11:55', '2023-10-30 13:11:55'),
(46, '117112233469', 'uk8Luypm', 'Chloe', 'Bennett', 'Thomas', 'none', 'Grade 11', 3, 5, '', 0, ' ', 0, '2023-10-30 13:11:55', '2023-10-30 13:11:55'),
(47, '117112233470', 'RqhW8g0d', 'Mia', 'Rodriguez', 'Harris', 'none', 'Grade 11', 3, 5, '', 0, ' ', 0, '2023-10-30 13:29:04', '2023-10-30 13:29:04'),
(48, '117112233472', 'sdbmahj6', 'Sophia', 'Anderson', 'Turner', 'none', 'Grade 11', 3, 5, '', 0, ' ', 0, '2023-10-30 13:29:04', '2023-10-30 13:29:04'),
(49, '117112233473', 'tLLz1IEl', 'Elijah', 'Carter', 'Bennett', 'none', 'Grade 11', 3, 5, '', 0, ' ', 0, '2023-10-30 13:29:04', '2023-10-30 13:29:04'),
(50, '117112233474', 'tXtexHti', 'Olivia', 'Davis', 'Martinez', 'none', 'Grade 11', 3, 5, '', 0, ' ', 0, '2023-10-30 13:29:04', '2023-10-30 13:29:04'),
(56, '117112233480', '3q2uGQns', 'Emma', 'Cooper', 'Harris', 'none', 'Grade 11', 2, 3, '', 0, ' ', 0, '2023-10-30 16:45:35', '2023-10-30 16:45:35'),
(57, '117112233481', 'dpxGdyMp', 'Oliver', 'Evans', 'Davis', 'none', 'Grade 11', 2, 3, '', 0, ' ', 0, '2023-10-30 16:45:35', '2023-10-30 16:45:35'),
(58, '117112233482', 'HG2VI7xJ', 'Isabella', 'Moore', 'Turner', 'none', 'Grade 11', 2, 3, '', 0, ' ', 0, '2023-10-30 16:45:35', '2023-10-30 16:45:35'),
(59, '117112233483', 'wCm5GROp', 'Benjamin', 'Peterson', 'Kim', 'none', 'Grade 11', 2, 3, '', 0, ' ', 0, '2023-10-30 16:45:35', '2023-10-30 16:45:35'),
(60, '117112233484', 'RTsTUrrA', 'Mia', 'Martin', 'White', 'none', 'Grade 11', 2, 3, '', 0, ' ', 0, '2023-10-30 16:45:35', '2023-10-30 16:45:35'),
(61, '117112233485', 'CpgheiXG', 'Liam', 'Mitchell', 'Baker', 'none', 'Grade 11', 2, 3, '', 0, ' ', 0, '2023-10-30 16:45:35', '2023-10-30 16:45:35'),
(62, '117112233486', 'IT3PSFyn', 'Ava', 'Harrison', 'Martinez', 'none', 'Grade 11', 2, 3, '', 0, ' ', 0, '2023-10-30 16:45:35', '2023-10-30 16:45:35'),
(63, '117112233487', 'ZAlMn1ob', 'Noah', 'Carter', 'Patel', 'none', 'Grade 11', 2, 3, '', 0, ' ', 0, '2023-10-30 16:45:35', '2023-10-30 16:45:35'),
(64, '117112233488', 'fTpdy79b', 'Sophia', 'Hayes', 'Adams', 'none', 'Grade 11', 2, 3, '', 0, ' ', 0, '2023-10-30 16:45:35', '2023-10-30 16:45:35'),
(65, '117112233489', '36BdgwTd', 'Jackson', 'Sullivan', 'Jackson Johnson Sullivan', 'none', 'Grade 11', 2, 3, '', 0, ' ', 0, '2023-10-30 16:45:35', '2023-10-30 16:45:35'),
(66, '117112233490', 'hTfeb88a', 'Mia', 'Wright', 'Baker', 'none', 'Grade 11', 4, 7, '', 0, '', 0, '2023-11-02 14:56:26', '2023-11-02 14:56:26'),
(67, '117112233491', '3A71ecqC', 'Liam', 'Foster', 'Martinez', 'Jr.', 'Grade 11', 3, 5, '', 0, '', 0, '2023-11-02 14:59:12', '2023-11-02 14:59:12'),
(69, '117224466887', '2Danes2Tumabing*', 'Olivia', 'Green', 'Taylor', 'none', 'Grade 11', 1, 1, 'dtumabing@gmail.com', 0, ' ', 1, '2023-11-05 05:35:58', '2023-11-17 13:40:55'),
(70, '117336699910', 'jWH0lll4', 'Ava', 'Martin', 'Clark', 'none', 'Grade 11', 1, 1, '', 0, ' ', 0, '2023-11-05 05:35:58', '2023-11-05 05:35:58'),
(71, '117448811233', '3RmHUoGc', 'Noah', 'Jackson', 'Moore', 'none', 'Grade 11', 1, 1, '', 0, ' ', 0, '2023-11-05 05:35:58', '2023-11-05 05:35:58'),
(72, '117550011244', 'Stephen#1', 'Sophia', 'Brown', 'Davis', 'none', 'Grade 11', 1, 1, 'stephenamaro69@gmail.com', 1, 'jpg', 1, '2023-11-05 05:35:58', '2023-11-06 06:22:13'),
(73, '117662211578', 'KFnR6qdq', 'Lucas', 'Harris', 'King', 'none', 'Grade 11', 1, 1, '', 0, ' ', 0, '2023-11-05 05:35:58', '2023-11-05 05:35:58'),
(74, '117774411892', 'GbTTBuo8', 'Mia', 'Lewis', 'Johnson', 'none', 'Grade 11', 1, 1, '', 0, ' ', 0, '2023-11-05 05:35:58', '2023-11-05 05:35:58'),
(75, '117886612123', 'ZTbF24XS', 'Emma', 'Smith', 'Miller', 'none', 'Grade 11', 1, 1, '', 0, ' ', 0, '2023-11-05 05:35:58', '2023-11-05 05:35:58'),
(76, '117998812458', '4JrcKZeh', 'Ethan', 'Jones', 'Hall', 'none', 'Grade 11', 1, 1, '', 0, ' ', 0, '2023-11-05 05:35:58', '2023-11-05 05:35:58'),
(77, '117001112774', 'Kristel5*', 'Isabella', 'Olson', 'Lee', 'none', 'Grade 11', 1, 1, 'kristelpaciente1@gmail.com', 1, 'jpg', 1, '2023-11-05 05:35:58', '2023-11-06 10:22:34'),
(78, '117869070037', '!Rheyan123', 'Rheyan John', 'Blanco', 'Valladarez', 'none', 'Grade 11', 1, 38, 'rjvblanco.chmsu@gmail.com', 1, 'jpg', 1, '2023-11-06 05:53:47', '2023-11-20 17:03:26'),
(79, '117112233444', '!23Four567', 'Liam', 'Anderson', 'Wilson', 'Jr.', 'Grade 11', 1, 1, 'rusellengracial1@gmail.com', 0, '', 1, '2023-11-09 14:42:29', '2023-11-15 11:11:58'),
(80, '117422442242', 'lgpodaBq', 'Jan Rusell', 'Engracial', ' ', 'none', 'Grade 12', 5, 22, '', 0, '', 0, '2023-11-20 21:53:20', '2023-11-20 21:53:20'),
(81, '117890098765', 'G2LVmKpS', 'Jonah', 'Dumanon', 'Grace', 'none', 'Grade 12', 5, 21, '', 0, '', 0, '2023-11-20 21:56:05', '2023-11-20 21:56:05'),
(82, '117024234823', 'Rucial123$', 'Jonah Grace', 'Engracial', ' ', 'none', 'Grade 11', 1, 1, 'jrgengracial.chmsu@gmail.com', 0, '', 1, '2023-11-22 11:50:33', '2023-11-22 11:53:27');

-- --------------------------------------------------------

--
-- Table structure for table `tbl_teacher`
--

CREATE TABLE `tbl_teacher` (
  `id` bigint(20) UNSIGNED NOT NULL,
  `teacher_username` varchar(255) COLLATE utf8mb4_unicode_ci NOT NULL,
  `teacher_password` varchar(255) COLLATE utf8mb4_unicode_ci NOT NULL,
  `teacher_first_name` varchar(255) COLLATE utf8mb4_unicode_ci NOT NULL,
  `teacher_middle_name` varchar(255) COLLATE utf8mb4_unicode_ci NOT NULL,
  `teacher_last_name` varchar(255) COLLATE utf8mb4_unicode_ci NOT NULL,
  `teacher_suffix` varchar(255) COLLATE utf8mb4_unicode_ci NOT NULL,
  `teacher_mail` varchar(255) COLLATE utf8mb4_unicode_ci NOT NULL,
  `teacher_image` int(11) NOT NULL,
  `teacher_image_type` varchar(255) COLLATE utf8mb4_unicode_ci NOT NULL,
  `teacher_status` int(11) NOT NULL,
  `created_at` timestamp NULL DEFAULT NULL,
  `updated_at` timestamp NULL DEFAULT NULL
) ENGINE=InnoDB DEFAULT CHARSET=utf8mb4 COLLATE=utf8mb4_unicode_ci;

--
-- Dumping data for table `tbl_teacher`
--

INSERT INTO `tbl_teacher` (`id`, `teacher_username`, `teacher_password`, `teacher_first_name`, `teacher_middle_name`, `teacher_last_name`, `teacher_suffix`, `teacher_mail`, `teacher_image`, `teacher_image_type`, `teacher_status`, `created_at`, `updated_at`) VALUES
(6, 'NULL', '', '', '', '', '', '', 0, '', 0, NULL, NULL),
(24, 'lesley', 'Lesley12345@', 'Lesley', 'Oliver', 'Mondragon', 'Sr.', 'talaveramaeann08@gmail.com', 1, 'png', 1, '2023-11-04 00:40:22', '2023-11-20 17:09:28'),
(25, 'daniel', 'OKGUhHj7', 'Daniel', 'Anderson', 'John', 'Sr.', '', 0, ' ', 0, '2023-11-04 00:40:22', '2023-11-06 10:09:38'),
(26, 'benjamin', 'UrQsNt11', 'Benjamin', 'White', 'Taylor', 'Sr.', '', 0, ' ', 0, '2023-11-04 00:40:22', '2023-11-06 10:10:25'),
(27, 'emily', 'YGD1qUIu', 'Emily', 'Smith', 'Grace', 'none', '', 0, ' ', 0, '2023-11-04 00:40:22', '2023-11-06 10:08:58'),
(28, 'super', 'NNxEnAre', 'Super', 'Papa', 'Licuios', 'none', '', 0, ' ', 0, '2023-11-04 00:40:22', '2023-11-04 00:40:22'),
(29, 'isss', 'dVwXLCko', 'Sister', 'Lily', 'Madre', 'V', '', 0, ' ', 0, '2023-11-04 00:40:58', '2023-11-04 00:40:58'),
(30, 'andersonsarah', 'Him@am123', 'Sarah', 'Johnson', 'Anderson', 'none', 'rusellengracial15@gmail.com', 0, ' ', 1, '2023-11-04 13:37:27', '2023-11-09 00:08:19'),
(31, 'michaelcarterjr', 'YnZ9JYhB', 'Michael', 'Davis', 'Carter', 'Jr.', '', 0, ' ', 0, '2023-11-04 13:37:27', '2023-11-04 13:37:27'),
(32, 'johnsonlisa', 'XByrGpV9', 'Lisa', 'Martinez', 'Johnson', 'none', '', 0, ' ', 0, '2023-11-04 13:37:27', '2023-11-04 13:37:27'),
(33, 'williamsdavid', 'm3ULBSRp', 'David', 'Da', 'Williams', 'none', '', 0, ' ', 0, '2023-11-04 13:37:27', '2023-11-04 13:37:27');

-- --------------------------------------------------------

--
-- Table structure for table `users`
--

CREATE TABLE `users` (
  `id` bigint(20) UNSIGNED NOT NULL,
  `name` varchar(255) COLLATE utf8mb4_unicode_ci NOT NULL,
  `email` varchar(255) COLLATE utf8mb4_unicode_ci NOT NULL,
  `email_verified_at` timestamp NULL DEFAULT NULL,
  `password` varchar(255) COLLATE utf8mb4_unicode_ci NOT NULL,
  `remember_token` varchar(100) COLLATE utf8mb4_unicode_ci DEFAULT NULL,
  `created_at` timestamp NULL DEFAULT NULL,
  `updated_at` timestamp NULL DEFAULT NULL
) ENGINE=InnoDB DEFAULT CHARSET=utf8mb4 COLLATE=utf8mb4_unicode_ci;

--
-- Indexes for dumped tables
--

--
-- Indexes for table `backup_logs`
--
ALTER TABLE `backup_logs`
  ADD PRIMARY KEY (`backup_id`);

--
-- Indexes for table `delete_tbl_assigned_teacher`
--
ALTER TABLE `delete_tbl_assigned_teacher`
  ADD PRIMARY KEY (`id`),
  ADD KEY `delete_tbl_assigned_teacher_teacher_id_foreign` (`teacher_id`),
  ADD KEY `delete_tbl_assigned_teacher_subject_id_foreign` (`subject_id`),
  ADD KEY `delete_tbl_assigned_teacher_section_id_foreign` (`section_id`),
  ADD KEY `delete_tbl_assigned_teacher_strand_id_foreign` (`strand_id`);

--
-- Indexes for table `delete_tbl_coordinator`
--
ALTER TABLE `delete_tbl_coordinator`
  ADD PRIMARY KEY (`id`);

--
-- Indexes for table `delete_tbl_data_analytics`
--
ALTER TABLE `delete_tbl_data_analytics`
  ADD PRIMARY KEY (`id`);

--
-- Indexes for table `delete_tbl_evaluation_result`
--
ALTER TABLE `delete_tbl_evaluation_result`
  ADD PRIMARY KEY (`id`);

--
-- Indexes for table `delete_tbl_student`
--
ALTER TABLE `delete_tbl_student`
  ADD PRIMARY KEY (`id`);

--
-- Indexes for table `delete_tbl_teacher`
--
ALTER TABLE `delete_tbl_teacher`
  ADD PRIMARY KEY (`id`);

--
-- Indexes for table `failed_jobs`
--
ALTER TABLE `failed_jobs`
  ADD PRIMARY KEY (`id`),
  ADD UNIQUE KEY `failed_jobs_uuid_unique` (`uuid`);

--
-- Indexes for table `migrations`
--
ALTER TABLE `migrations`
  ADD PRIMARY KEY (`id`);

--
-- Indexes for table `password_reset_tokens`
--
ALTER TABLE `password_reset_tokens`
  ADD PRIMARY KEY (`email`);

--
-- Indexes for table `personal_access_tokens`
--
ALTER TABLE `personal_access_tokens`
  ADD PRIMARY KEY (`id`),
  ADD UNIQUE KEY `personal_access_tokens_token_unique` (`token`),
  ADD KEY `personal_access_tokens_tokenable_type_tokenable_id_index` (`tokenable_type`,`tokenable_id`);

--
-- Indexes for table `tbl_admin`
--
ALTER TABLE `tbl_admin`
  ADD PRIMARY KEY (`id`);

--
-- Indexes for table `tbl_assigned_subject`
--
ALTER TABLE `tbl_assigned_subject`
  ADD PRIMARY KEY (`id`),
  ADD KEY `tbl_assigned_subject_assigned_strand_foreign` (`assigned_strand`);

--
-- Indexes for table `tbl_assigned_teacher`
--
ALTER TABLE `tbl_assigned_teacher`
  ADD PRIMARY KEY (`id`),
  ADD KEY `tbl_assigned_teacher_teacher_id_foreign` (`teacher_id`),
  ADD KEY `tbl_assigned_teacher_subject_id_foreign` (`subject_id`),
  ADD KEY `tbl_assigned_teacher_section_id_foreign` (`section_id`),
  ADD KEY `tbl_assigned_teacher_strand_id_foreign` (`strand_id`);

--
-- Indexes for table `tbl_class_schedules`
--
ALTER TABLE `tbl_class_schedules`
  ADD PRIMARY KEY (`id`),
  ADD KEY `tbl_class_schedules_sched_room_foreign` (`sched_room`),
  ADD KEY `tbl_class_schedules_sched_teacher_foreign` (`sched_teacher`),
  ADD KEY `tbl_class_schedules_sched_subject_foreign` (`sched_subject`);

--
-- Indexes for table `tbl_coordinator`
--
ALTER TABLE `tbl_coordinator`
  ADD PRIMARY KEY (`id`);

--
-- Indexes for table `tbl_data_analytics`
--
ALTER TABLE `tbl_data_analytics`
  ADD PRIMARY KEY (`id`),
  ADD KEY `tbl_data_analytics_evaluator_id_foreign` (`evaluator_id`),
  ADD KEY `tbl_data_analytics_teacher_id_foreign` (`teacher_id`),
  ADD KEY `tbl_data_analytics_question_id_foreign` (`question_id`),
  ADD KEY `tbl_data_analytics_evaluation_id_foreign` (`evaluation_id`);

--
-- Indexes for table `tbl_evaluation_result`
--
ALTER TABLE `tbl_evaluation_result`
  ADD PRIMARY KEY (`id`),
  ADD KEY `tbl_evaluation_result_evaluator_id_foreign` (`evaluator_id`),
  ADD KEY `tbl_evaluation_result_teacher_id_foreign` (`teacher_id`),
  ADD KEY `tbl_evaluation_result_question_id_foreign` (`question_id`);

--
-- Indexes for table `tbl_event_logs`
--
ALTER TABLE `tbl_event_logs`
  ADD PRIMARY KEY (`id`);

--
-- Indexes for table `tbl_feedback`
--
ALTER TABLE `tbl_feedback`
  ADD PRIMARY KEY (`id`);

--
-- Indexes for table `tbl_question`
--
ALTER TABLE `tbl_question`
  ADD PRIMARY KEY (`id`);

--
-- Indexes for table `tbl_room`
--
ALTER TABLE `tbl_room`
  ADD PRIMARY KEY (`id`);

--
-- Indexes for table `tbl_room_available`
--
ALTER TABLE `tbl_room_available`
  ADD PRIMARY KEY (`id`),
  ADD KEY `tbl_room_available_room_id_foreign` (`room_id`);

--
-- Indexes for table `tbl_saved_evaluation`
--
ALTER TABLE `tbl_saved_evaluation`
  ADD PRIMARY KEY (`id`);

--
-- Indexes for table `tbl_section`
--
ALTER TABLE `tbl_section`
  ADD PRIMARY KEY (`id`),
  ADD KEY `tbl_section_strand_id_foreign` (`strand_id`);

--
-- Indexes for table `tbl_strand`
--
ALTER TABLE `tbl_strand`
  ADD PRIMARY KEY (`id`);

--
-- Indexes for table `tbl_student`
--
ALTER TABLE `tbl_student`
  ADD PRIMARY KEY (`id`),
  ADD KEY `tbl_student_student_strand_foreign` (`student_strand`),
  ADD KEY `tbl_student_student_section_foreign` (`student_section`);

--
-- Indexes for table `tbl_teacher`
--
ALTER TABLE `tbl_teacher`
  ADD PRIMARY KEY (`id`);

--
-- Indexes for table `users`
--
ALTER TABLE `users`
  ADD PRIMARY KEY (`id`),
  ADD UNIQUE KEY `users_email_unique` (`email`);

--
-- AUTO_INCREMENT for dumped tables
--

--
-- AUTO_INCREMENT for table `backup_logs`
--
ALTER TABLE `backup_logs`
  MODIFY `backup_id` bigint(20) UNSIGNED NOT NULL AUTO_INCREMENT;

--
-- AUTO_INCREMENT for table `delete_tbl_assigned_teacher`
--
ALTER TABLE `delete_tbl_assigned_teacher`
  MODIFY `id` bigint(20) UNSIGNED NOT NULL AUTO_INCREMENT;

--
-- AUTO_INCREMENT for table `delete_tbl_coordinator`
--
ALTER TABLE `delete_tbl_coordinator`
  MODIFY `id` bigint(20) UNSIGNED NOT NULL AUTO_INCREMENT, AUTO_INCREMENT=17;

--
-- AUTO_INCREMENT for table `delete_tbl_data_analytics`
--
ALTER TABLE `delete_tbl_data_analytics`
  MODIFY `id` bigint(20) UNSIGNED NOT NULL AUTO_INCREMENT;

--
-- AUTO_INCREMENT for table `delete_tbl_evaluation_result`
--
ALTER TABLE `delete_tbl_evaluation_result`
  MODIFY `id` bigint(20) UNSIGNED NOT NULL AUTO_INCREMENT;

--
-- AUTO_INCREMENT for table `delete_tbl_student`
--
ALTER TABLE `delete_tbl_student`
  MODIFY `id` bigint(20) UNSIGNED NOT NULL AUTO_INCREMENT, AUTO_INCREMENT=19;

--
-- AUTO_INCREMENT for table `delete_tbl_teacher`
--
ALTER TABLE `delete_tbl_teacher`
  MODIFY `id` bigint(20) UNSIGNED NOT NULL AUTO_INCREMENT;

--
-- AUTO_INCREMENT for table `failed_jobs`
--
ALTER TABLE `failed_jobs`
  MODIFY `id` bigint(20) UNSIGNED NOT NULL AUTO_INCREMENT;

--
-- AUTO_INCREMENT for table `migrations`
--
ALTER TABLE `migrations`
  MODIFY `id` int(10) UNSIGNED NOT NULL AUTO_INCREMENT, AUTO_INCREMENT=36;

--
-- AUTO_INCREMENT for table `personal_access_tokens`
--
ALTER TABLE `personal_access_tokens`
  MODIFY `id` bigint(20) UNSIGNED NOT NULL AUTO_INCREMENT;

--
-- AUTO_INCREMENT for table `tbl_admin`
--
ALTER TABLE `tbl_admin`
  MODIFY `id` bigint(20) UNSIGNED NOT NULL AUTO_INCREMENT, AUTO_INCREMENT=3;

--
-- AUTO_INCREMENT for table `tbl_assigned_subject`
--
ALTER TABLE `tbl_assigned_subject`
  MODIFY `id` bigint(20) UNSIGNED NOT NULL AUTO_INCREMENT, AUTO_INCREMENT=205;

--
-- AUTO_INCREMENT for table `tbl_assigned_teacher`
--
ALTER TABLE `tbl_assigned_teacher`
  MODIFY `id` bigint(20) UNSIGNED NOT NULL AUTO_INCREMENT, AUTO_INCREMENT=267;

--
-- AUTO_INCREMENT for table `tbl_class_schedules`
--
ALTER TABLE `tbl_class_schedules`
  MODIFY `id` bigint(20) UNSIGNED NOT NULL AUTO_INCREMENT, AUTO_INCREMENT=2123;

--
-- AUTO_INCREMENT for table `tbl_coordinator`
--
ALTER TABLE `tbl_coordinator`
  MODIFY `id` bigint(20) UNSIGNED NOT NULL AUTO_INCREMENT, AUTO_INCREMENT=15;

--
-- AUTO_INCREMENT for table `tbl_data_analytics`
--
ALTER TABLE `tbl_data_analytics`
  MODIFY `id` bigint(20) UNSIGNED NOT NULL AUTO_INCREMENT, AUTO_INCREMENT=568;

--
-- AUTO_INCREMENT for table `tbl_evaluation_result`
--
ALTER TABLE `tbl_evaluation_result`
  MODIFY `id` bigint(20) UNSIGNED NOT NULL AUTO_INCREMENT, AUTO_INCREMENT=1276;

--
-- AUTO_INCREMENT for table `tbl_event_logs`
--
ALTER TABLE `tbl_event_logs`
  MODIFY `id` bigint(20) UNSIGNED NOT NULL AUTO_INCREMENT, AUTO_INCREMENT=452;

--
-- AUTO_INCREMENT for table `tbl_feedback`
--
ALTER TABLE `tbl_feedback`
  MODIFY `id` bigint(20) UNSIGNED NOT NULL AUTO_INCREMENT, AUTO_INCREMENT=39;

--
-- AUTO_INCREMENT for table `tbl_question`
--
ALTER TABLE `tbl_question`
  MODIFY `id` bigint(20) UNSIGNED NOT NULL AUTO_INCREMENT, AUTO_INCREMENT=24;

--
-- AUTO_INCREMENT for table `tbl_room`
--
ALTER TABLE `tbl_room`
  MODIFY `id` bigint(20) UNSIGNED NOT NULL AUTO_INCREMENT, AUTO_INCREMENT=37;

--
-- AUTO_INCREMENT for table `tbl_room_available`
--
ALTER TABLE `tbl_room_available`
  MODIFY `id` bigint(20) UNSIGNED NOT NULL AUTO_INCREMENT, AUTO_INCREMENT=131;

--
-- AUTO_INCREMENT for table `tbl_saved_evaluation`
--
ALTER TABLE `tbl_saved_evaluation`
  MODIFY `id` bigint(20) UNSIGNED NOT NULL AUTO_INCREMENT, AUTO_INCREMENT=3;

--
-- AUTO_INCREMENT for table `tbl_section`
--
ALTER TABLE `tbl_section`
  MODIFY `id` bigint(20) UNSIGNED NOT NULL AUTO_INCREMENT, AUTO_INCREMENT=40;

--
-- AUTO_INCREMENT for table `tbl_strand`
--
ALTER TABLE `tbl_strand`
  MODIFY `id` bigint(20) UNSIGNED NOT NULL AUTO_INCREMENT, AUTO_INCREMENT=11;

--
-- AUTO_INCREMENT for table `tbl_student`
--
ALTER TABLE `tbl_student`
  MODIFY `id` bigint(20) UNSIGNED NOT NULL AUTO_INCREMENT, AUTO_INCREMENT=83;

--
-- AUTO_INCREMENT for table `tbl_teacher`
--
ALTER TABLE `tbl_teacher`
  MODIFY `id` bigint(20) UNSIGNED NOT NULL AUTO_INCREMENT, AUTO_INCREMENT=34;

--
-- AUTO_INCREMENT for table `users`
--
ALTER TABLE `users`
  MODIFY `id` bigint(20) UNSIGNED NOT NULL AUTO_INCREMENT;

--
-- Constraints for dumped tables
--

--
-- Constraints for table `tbl_assigned_subject`
--
ALTER TABLE `tbl_assigned_subject`
  ADD CONSTRAINT `tbl_assigned_subject_assigned_strand_foreign` FOREIGN KEY (`assigned_strand`) REFERENCES `tbl_strand` (`id`);

--
-- Constraints for table `tbl_assigned_teacher`
--
ALTER TABLE `tbl_assigned_teacher`
  ADD CONSTRAINT `tbl_assigned_teacher_section_id_foreign` FOREIGN KEY (`section_id`) REFERENCES `tbl_section` (`id`),
  ADD CONSTRAINT `tbl_assigned_teacher_strand_id_foreign` FOREIGN KEY (`strand_id`) REFERENCES `tbl_strand` (`id`),
  ADD CONSTRAINT `tbl_assigned_teacher_subject_id_foreign` FOREIGN KEY (`subject_id`) REFERENCES `tbl_assigned_subject` (`id`),
  ADD CONSTRAINT `tbl_assigned_teacher_teacher_id_foreign` FOREIGN KEY (`teacher_id`) REFERENCES `tbl_teacher` (`id`);

--
-- Constraints for table `tbl_class_schedules`
--
ALTER TABLE `tbl_class_schedules`
  ADD CONSTRAINT `tbl_class_schedules_sched_room_foreign` FOREIGN KEY (`sched_room`) REFERENCES `tbl_room` (`id`),
  ADD CONSTRAINT `tbl_class_schedules_sched_subject_foreign` FOREIGN KEY (`sched_subject`) REFERENCES `tbl_assigned_subject` (`id`),
  ADD CONSTRAINT `tbl_class_schedules_sched_teacher_foreign` FOREIGN KEY (`sched_teacher`) REFERENCES `tbl_teacher` (`id`);

--
-- Constraints for table `tbl_data_analytics`
--
ALTER TABLE `tbl_data_analytics`
  ADD CONSTRAINT `tbl_data_analytics_question_id_foreign` FOREIGN KEY (`question_id`) REFERENCES `tbl_question` (`id`),
  ADD CONSTRAINT `tbl_data_analytics_teacher_id_foreign` FOREIGN KEY (`teacher_id`) REFERENCES `tbl_teacher` (`id`);

--
-- Constraints for table `tbl_evaluation_result`
--
ALTER TABLE `tbl_evaluation_result`
  ADD CONSTRAINT `tbl_evaluation_result_question_id_foreign` FOREIGN KEY (`question_id`) REFERENCES `tbl_question` (`id`),
  ADD CONSTRAINT `tbl_evaluation_result_teacher_id_foreign` FOREIGN KEY (`teacher_id`) REFERENCES `tbl_teacher` (`id`);

--
-- Constraints for table `tbl_room_available`
--
ALTER TABLE `tbl_room_available`
  ADD CONSTRAINT `tbl_room_available_room_id_foreign` FOREIGN KEY (`room_id`) REFERENCES `tbl_room` (`id`);

--
-- Constraints for table `tbl_section`
--
ALTER TABLE `tbl_section`
  ADD CONSTRAINT `tbl_section_strand_id_foreign` FOREIGN KEY (`strand_id`) REFERENCES `tbl_strand` (`id`);

--
-- Constraints for table `tbl_student`
--
ALTER TABLE `tbl_student`
  ADD CONSTRAINT `tbl_student_student_section_foreign` FOREIGN KEY (`student_section`) REFERENCES `tbl_section` (`id`),
  ADD CONSTRAINT `tbl_student_student_strand_foreign` FOREIGN KEY (`student_strand`) REFERENCES `tbl_strand` (`id`);
COMMIT;

/*!40101 SET CHARACTER_SET_CLIENT=@OLD_CHARACTER_SET_CLIENT */;
/*!40101 SET CHARACTER_SET_RESULTS=@OLD_CHARACTER_SET_RESULTS */;
/*!40101 SET COLLATION_CONNECTION=@OLD_COLLATION_CONNECTION */;
